Codigo_Municipio;Municipio;Mes;Internacoes
350010;ADAMANTINA;01/2024;365.0
350010;ADAMANTINA;02/2024;402.0
350010;ADAMANTINA;03/2024;403.0
350010;ADAMANTINA;04/2024;468.0
350010;ADAMANTINA;05/2024;435.0
350010;ADAMANTINA;06/2024;484.0
350010;ADAMANTINA;07/2024;470.0
350010;ADAMANTINA;08/2024;470.0
350010;ADAMANTINA;09/2024;453.0
350010;ADAMANTINA;10/2024;420.0
350010;ADAMANTINA;11/2024;415.0
350010;ADAMANTINA;12/2024;391.0
350030;AGUAI;01/2024;5.0
350030;AGUAI;02/2024;23.0
350030;AGUAI;03/2024;36.0
350030;AGUAI;04/2024;36.0
350030;AGUAI;05/2024;49.0
350030;AGUAI;06/2024;41.0
350030;AGUAI;07/2024;39.0
350030;AGUAI;08/2024;38.0
350030;AGUAI;09/2024;37.0
350030;AGUAI;10/2024;42.0
350030;AGUAI;11/2024;51.0
350030;AGUAI;12/2024;50.0
350050;AGUAS DE LINDOIA;01/2024;118.0
350050;AGUAS DE LINDOIA;02/2024;125.0
350050;AGUAS DE LINDOIA;03/2024;124.0
350050;AGUAS DE LINDOIA;04/2024;98.0
350050;AGUAS DE LINDOIA;05/2024;113.0
350050;AGUAS DE LINDOIA;06/2024;131.0
350050;AGUAS DE LINDOIA;07/2024;126.0
350050;AGUAS DE LINDOIA;08/2024;122.0
350050;AGUAS DE LINDOIA;09/2024;126.0
350050;AGUAS DE LINDOIA;10/2024;103.0
350050;AGUAS DE LINDOIA;11/2024;109.0
350050;AGUAS DE LINDOIA;12/2024;127.0
350070;AGUDOS;01/2024;79.0
350070;AGUDOS;02/2024;105.0
350070;AGUDOS;03/2024;111.0
350070;AGUDOS;04/2024;120.0
350070;AGUDOS;05/2024;122.0
350070;AGUDOS;06/2024;115.0
350070;AGUDOS;07/2024;94.0
350070;AGUDOS;08/2024;106.0
350070;AGUDOS;09/2024;102.0
350070;AGUDOS;10/2024;116.0
350070;AGUDOS;11/2024;91.0
350070;AGUDOS;12/2024;70.0
350100;ALTINOPOLIS;01/2024;158.0
350100;ALTINOPOLIS;02/2024;120.0
350100;ALTINOPOLIS;03/2024;155.0
350100;ALTINOPOLIS;04/2024;164.0
350100;ALTINOPOLIS;05/2024;169.0
350100;ALTINOPOLIS;06/2024;170.0
350100;ALTINOPOLIS;07/2024;138.0
350100;ALTINOPOLIS;08/2024;205.0
350100;ALTINOPOLIS;09/2024;154.0
350100;ALTINOPOLIS;10/2024;177.0
350100;ALTINOPOLIS;11/2024;180.0
350100;ALTINOPOLIS;12/2024;161.0
350110;ALTO ALEGRE;01/2024;11.0
350110;ALTO ALEGRE;02/2024;5.0
350110;ALTO ALEGRE;03/2024;11.0
350110;ALTO ALEGRE;04/2024;4.0
350130;ALVARES MACHADO;01/2024;49.0
350130;ALVARES MACHADO;02/2024;51.0
350130;ALVARES MACHADO;03/2024;64.0
350130;ALVARES MACHADO;04/2024;68.0
350130;ALVARES MACHADO;05/2024;72.0
350130;ALVARES MACHADO;06/2024;69.0
350130;ALVARES MACHADO;07/2024;68.0
350130;ALVARES MACHADO;08/2024;64.0
350130;ALVARES MACHADO;09/2024;88.0
350130;ALVARES MACHADO;10/2024;62.0
350130;ALVARES MACHADO;11/2024;53.0
350130;ALVARES MACHADO;12/2024;59.0
350160;AMERICANA;01/2024;616.0
350160;AMERICANA;02/2024;763.0
350160;AMERICANA;03/2024;867.0
350160;AMERICANA;04/2024;682.0
350160;AMERICANA;05/2024;704.0
350160;AMERICANA;06/2024;831.0
350160;AMERICANA;07/2024;685.0
350160;AMERICANA;08/2024;754.0
350160;AMERICANA;09/2024;751.0
350160;AMERICANA;10/2024;719.0
350160;AMERICANA;11/2024;626.0
350160;AMERICANA;12/2024;738.0
350170;AMERICO BRASILIENSE;01/2024;696.0
350170;AMERICO BRASILIENSE;02/2024;633.0
350170;AMERICO BRASILIENSE;03/2024;649.0
350170;AMERICO BRASILIENSE;04/2024;619.0
350170;AMERICO BRASILIENSE;05/2024;674.0
350170;AMERICO BRASILIENSE;06/2024;521.0
350170;AMERICO BRASILIENSE;07/2024;685.0
350170;AMERICO BRASILIENSE;08/2024;610.0
350170;AMERICO BRASILIENSE;09/2024;563.0
350170;AMERICO BRASILIENSE;10/2024;651.0
350170;AMERICO BRASILIENSE;11/2024;576.0
350170;AMERICO BRASILIENSE;12/2024;326.0
350190;AMPARO;01/2024;400.0
350190;AMPARO;02/2024;393.0
350190;AMPARO;03/2024;401.0
350190;AMPARO;04/2024;376.0
350190;AMPARO;05/2024;370.0
350190;AMPARO;06/2024;388.0
350190;AMPARO;07/2024;447.0
350190;AMPARO;08/2024;332.0
350190;AMPARO;09/2024;461.0
350190;AMPARO;10/2024;491.0
350190;AMPARO;11/2024;394.0
350190;AMPARO;12/2024;476.0
350210;ANDRADINA;01/2024;200.0
350210;ANDRADINA;02/2024;205.0
350210;ANDRADINA;03/2024;289.0
350210;ANDRADINA;04/2024;301.0
350210;ANDRADINA;05/2024;296.0
350210;ANDRADINA;06/2024;265.0
350210;ANDRADINA;07/2024;334.0
350210;ANDRADINA;08/2024;288.0
350210;ANDRADINA;09/2024;290.0
350210;ANDRADINA;10/2024;319.0
350210;ANDRADINA;11/2024;311.0
350210;ANDRADINA;12/2024;284.0
350220;ANGATUBA;01/2024;85.0
350220;ANGATUBA;02/2024;85.0
350220;ANGATUBA;03/2024;124.0
350220;ANGATUBA;04/2024;141.0
350220;ANGATUBA;05/2024;159.0
350220;ANGATUBA;06/2024;139.0
350220;ANGATUBA;07/2024;136.0
350220;ANGATUBA;08/2024;137.0
350220;ANGATUBA;09/2024;129.0
350220;ANGATUBA;10/2024;130.0
350220;ANGATUBA;11/2024;99.0
350220;ANGATUBA;12/2024;100.0
350250;APARECIDA;01/2024;220.0
350250;APARECIDA;02/2024;330.0
350250;APARECIDA;03/2024;317.0
350250;APARECIDA;04/2024;384.0
350250;APARECIDA;05/2024;602.0
350250;APARECIDA;06/2024;607.0
350250;APARECIDA;07/2024;488.0
350250;APARECIDA;08/2024;439.0
350250;APARECIDA;09/2024;334.0
350250;APARECIDA;10/2024;356.0
350250;APARECIDA;11/2024;320.0
350250;APARECIDA;12/2024;255.0
350260;APARECIDA D'OESTE;01/2024;3.0
350260;APARECIDA D'OESTE;02/2024;2.0
350260;APARECIDA D'OESTE;03/2024;3.0
350260;APARECIDA D'OESTE;04/2024;6.0
350260;APARECIDA D'OESTE;05/2024;4.0
350260;APARECIDA D'OESTE;06/2024;11.0
350260;APARECIDA D'OESTE;07/2024;5.0
350260;APARECIDA D'OESTE;08/2024;6.0
350260;APARECIDA D'OESTE;09/2024;12.0
350260;APARECIDA D'OESTE;10/2024;3.0
350260;APARECIDA D'OESTE;11/2024;8.0
350260;APARECIDA D'OESTE;12/2024;15.0
350270;APIAI;01/2024;213.0
350270;APIAI;02/2024;184.0
350270;APIAI;03/2024;252.0
350270;APIAI;04/2024;231.0
350270;APIAI;05/2024;243.0
350270;APIAI;06/2024;279.0
350270;APIAI;07/2024;257.0
350270;APIAI;08/2024;238.0
350270;APIAI;09/2024;280.0
350270;APIAI;10/2024;258.0
350270;APIAI;11/2024;232.0
350270;APIAI;12/2024;260.0
350280;ARACATUBA;01/2024;981.0
350280;ARACATUBA;02/2024;805.0
350280;ARACATUBA;03/2024;1140.0
350280;ARACATUBA;04/2024;1140.0
350280;ARACATUBA;05/2024;1279.0
350280;ARACATUBA;06/2024;1179.0
350280;ARACATUBA;07/2024;1017.0
350280;ARACATUBA;08/2024;1154.0
350280;ARACATUBA;09/2024;1044.0
350280;ARACATUBA;10/2024;1174.0
350280;ARACATUBA;11/2024;883.0
350280;ARACATUBA;12/2024;305.0
350310;ARANDU;01/2024;9.0
350310;ARANDU;02/2024;10.0
350310;ARANDU;03/2024;11.0
350310;ARANDU;04/2024;8.0
350310;ARANDU;06/2024;13.0
350310;ARANDU;07/2024;8.0
350310;ARANDU;08/2024;11.0
350310;ARANDU;09/2024;7.0
350310;ARANDU;10/2024;2.0
350310;ARANDU;11/2024;5.0
350310;ARANDU;12/2024;7.0
350320;ARARAQUARA;01/2024;1633.0
350320;ARARAQUARA;02/2024;1518.0
350320;ARARAQUARA;03/2024;1550.0
350320;ARARAQUARA;04/2024;1746.0
350320;ARARAQUARA;05/2024;2070.0
350320;ARARAQUARA;06/2024;1533.0
350320;ARARAQUARA;07/2024;1779.0
350320;ARARAQUARA;08/2024;2058.0
350320;ARARAQUARA;09/2024;1737.0
350320;ARARAQUARA;10/2024;2116.0
350320;ARARAQUARA;11/2024;1834.0
350320;ARARAQUARA;12/2024;1413.0
350330;ARARAS;01/2024;484.0
350330;ARARAS;02/2024;509.0
350330;ARARAS;03/2024;508.0
350330;ARARAS;04/2024;503.0
350330;ARARAS;05/2024;644.0
350330;ARARAS;06/2024;537.0
350330;ARARAS;07/2024;494.0
350330;ARARAS;08/2024;513.0
350330;ARARAS;09/2024;461.0
350330;ARARAS;10/2024;545.0
350330;ARARAS;11/2024;471.0
350330;ARARAS;12/2024;499.0
350340;AREALVA;01/2024;19.0
350340;AREALVA;02/2024;7.0
350340;AREALVA;03/2024;9.0
350340;AREALVA;04/2024;12.0
350340;AREALVA;05/2024;8.0
350340;AREALVA;06/2024;7.0
350340;AREALVA;07/2024;10.0
350340;AREALVA;08/2024;21.0
350340;AREALVA;09/2024;9.0
350340;AREALVA;10/2024;22.0
350340;AREALVA;11/2024;9.0
350340;AREALVA;12/2024;16.0
350390;ARUJA;01/2024;148.0
350390;ARUJA;02/2024;144.0
350390;ARUJA;03/2024;134.0
350390;ARUJA;04/2024;164.0
350390;ARUJA;05/2024;155.0
350390;ARUJA;06/2024;154.0
350390;ARUJA;07/2024;172.0
350390;ARUJA;08/2024;169.0
350390;ARUJA;09/2024;163.0
350390;ARUJA;10/2024;153.0
350390;ARUJA;11/2024;135.0
350390;ARUJA;12/2024;149.0
350400;ASSIS;01/2024;752.0
350400;ASSIS;02/2024;788.0
350400;ASSIS;03/2024;854.0
350400;ASSIS;04/2024;883.0
350400;ASSIS;05/2024;916.0
350400;ASSIS;06/2024;859.0
350400;ASSIS;07/2024;796.0
350400;ASSIS;08/2024;826.0
350400;ASSIS;09/2024;843.0
350400;ASSIS;10/2024;931.0
350400;ASSIS;11/2024;789.0
350400;ASSIS;12/2024;826.0
350410;ATIBAIA;01/2024;381.0
350410;ATIBAIA;02/2024;361.0
350410;ATIBAIA;03/2024;325.0
350410;ATIBAIA;04/2024;366.0
350410;ATIBAIA;05/2024;341.0
350410;ATIBAIA;06/2024;475.0
350410;ATIBAIA;07/2024;418.0
350410;ATIBAIA;08/2024;415.0
350410;ATIBAIA;09/2024;385.0
350410;ATIBAIA;10/2024;341.0
350410;ATIBAIA;11/2024;368.0
350410;ATIBAIA;12/2024;333.0
350420;AURIFLAMA;01/2024;131.0
350420;AURIFLAMA;02/2024;141.0
350420;AURIFLAMA;03/2024;148.0
350420;AURIFLAMA;04/2024;206.0
350420;AURIFLAMA;05/2024;206.0
350420;AURIFLAMA;06/2024;166.0
350420;AURIFLAMA;07/2024;186.0
350420;AURIFLAMA;08/2024;203.0
350420;AURIFLAMA;09/2024;236.0
350420;AURIFLAMA;10/2024;240.0
350420;AURIFLAMA;11/2024;214.0
350420;AURIFLAMA;12/2024;192.0
350450;AVARE;01/2024;1179.0
350450;AVARE;02/2024;440.0
350450;AVARE;03/2024;571.0
350450;AVARE;04/2024;523.0
350450;AVARE;05/2024;644.0
350450;AVARE;06/2024;541.0
350450;AVARE;07/2024;651.0
350450;AVARE;08/2024;762.0
350450;AVARE;09/2024;541.0
350450;AVARE;10/2024;691.0
350450;AVARE;11/2024;540.0
350450;AVARE;12/2024;508.0
350520;BARIRI;01/2024;116.0
350520;BARIRI;02/2024;177.0
350520;BARIRI;03/2024;220.0
350520;BARIRI;04/2024;131.0
350520;BARIRI;05/2024;152.0
350520;BARIRI;06/2024;90.0
350520;BARIRI;07/2024;164.0
350520;BARIRI;08/2024;150.0
350520;BARIRI;09/2024;154.0
350520;BARIRI;10/2024;172.0
350520;BARIRI;11/2024;146.0
350520;BARIRI;12/2024;212.0
350530;BARRA BONITA;01/2024;132.0
350530;BARRA BONITA;02/2024;155.0
350530;BARRA BONITA;03/2024;149.0
350530;BARRA BONITA;04/2024;175.0
350530;BARRA BONITA;05/2024;170.0
350530;BARRA BONITA;06/2024;187.0
350530;BARRA BONITA;07/2024;153.0
350530;BARRA BONITA;08/2024;151.0
350530;BARRA BONITA;09/2024;175.0
350530;BARRA BONITA;10/2024;191.0
350530;BARRA BONITA;11/2024;179.0
350530;BARRA BONITA;12/2024;152.0
350550;BARRETOS;01/2024;2473.0
350550;BARRETOS;02/2024;2438.0
350550;BARRETOS;03/2024;2908.0
350550;BARRETOS;04/2024;2665.0
350550;BARRETOS;05/2024;2541.0
350550;BARRETOS;06/2024;2614.0
350550;BARRETOS;07/2024;2720.0
350550;BARRETOS;08/2024;2704.0
350550;BARRETOS;09/2024;2796.0
350550;BARRETOS;10/2024;2493.0
350550;BARRETOS;11/2024;2554.0
350550;BARRETOS;12/2024;2572.0
350570;BARUERI;01/2024;2591.0
350570;BARUERI;02/2024;2635.0
350570;BARUERI;03/2024;3021.0
350570;BARUERI;04/2024;3065.0
350570;BARUERI;05/2024;3403.0
350570;BARUERI;06/2024;3711.0
350570;BARUERI;07/2024;4048.0
350570;BARUERI;08/2024;3670.0
350570;BARUERI;09/2024;3173.0
350570;BARUERI;10/2024;2898.0
350570;BARUERI;11/2024;2899.0
350570;BARUERI;12/2024;2423.0
350580;BASTOS;01/2024;70.0
350580;BASTOS;02/2024;100.0
350580;BASTOS;03/2024;142.0
350580;BASTOS;04/2024;126.0
350580;BASTOS;05/2024;109.0
350580;BASTOS;06/2024;109.0
350580;BASTOS;07/2024;121.0
350580;BASTOS;08/2024;124.0
350580;BASTOS;09/2024;118.0
350580;BASTOS;10/2024;113.0
350580;BASTOS;11/2024;117.0
350580;BASTOS;12/2024;105.0
350590;BATATAIS;01/2024;324.0
350590;BATATAIS;02/2024;322.0
350590;BATATAIS;03/2024;349.0
350590;BATATAIS;04/2024;371.0
350590;BATATAIS;05/2024;377.0
350590;BATATAIS;06/2024;386.0
350590;BATATAIS;07/2024;388.0
350590;BATATAIS;08/2024;405.0
350590;BATATAIS;09/2024;399.0
350590;BATATAIS;10/2024;418.0
350590;BATATAIS;11/2024;321.0
350590;BATATAIS;12/2024;314.0
350600;BAURU;01/2024;3362.0
350600;BAURU;02/2024;3372.0
350600;BAURU;03/2024;3756.0
350600;BAURU;04/2024;3628.0
350600;BAURU;05/2024;3697.0
350600;BAURU;06/2024;3277.0
350600;BAURU;07/2024;3347.0
350600;BAURU;08/2024;3556.0
350600;BAURU;09/2024;3567.0
350600;BAURU;10/2024;3771.0
350600;BAURU;11/2024;3234.0
350600;BAURU;12/2024;3214.0
350610;BEBEDOURO;01/2024;557.0
350610;BEBEDOURO;02/2024;633.0
350610;BEBEDOURO;03/2024;809.0
350610;BEBEDOURO;04/2024;751.0
350610;BEBEDOURO;05/2024;692.0
350610;BEBEDOURO;06/2024;629.0
350610;BEBEDOURO;07/2024;654.0
350610;BEBEDOURO;08/2024;588.0
350610;BEBEDOURO;09/2024;693.0
350610;BEBEDOURO;10/2024;757.0
350610;BEBEDOURO;11/2024;716.0
350610;BEBEDOURO;12/2024;648.0
350630;BERNARDINO DE CAMPOS;01/2024;41.0
350630;BERNARDINO DE CAMPOS;02/2024;40.0
350630;BERNARDINO DE CAMPOS;03/2024;68.0
350630;BERNARDINO DE CAMPOS;04/2024;75.0
350630;BERNARDINO DE CAMPOS;05/2024;70.0
350630;BERNARDINO DE CAMPOS;06/2024;47.0
350630;BERNARDINO DE CAMPOS;07/2024;53.0
350630;BERNARDINO DE CAMPOS;08/2024;57.0
350630;BERNARDINO DE CAMPOS;09/2024;66.0
350630;BERNARDINO DE CAMPOS;10/2024;54.0
350630;BERNARDINO DE CAMPOS;11/2024;46.0
350630;BERNARDINO DE CAMPOS;12/2024;70.0
350635;BERTIOGA;01/2024;308.0
350635;BERTIOGA;02/2024;262.0
350635;BERTIOGA;03/2024;290.0
350635;BERTIOGA;04/2024;250.0
350635;BERTIOGA;05/2024;285.0
350635;BERTIOGA;06/2024;249.0
350635;BERTIOGA;07/2024;277.0
350635;BERTIOGA;08/2024;275.0
350635;BERTIOGA;09/2024;249.0
350635;BERTIOGA;10/2024;274.0
350635;BERTIOGA;11/2024;242.0
350635;BERTIOGA;12/2024;250.0
350640;BILAC;01/2024;12.0
350640;BILAC;02/2024;8.0
350640;BILAC;03/2024;10.0
350640;BILAC;04/2024;15.0
350640;BILAC;05/2024;11.0
350640;BILAC;06/2024;17.0
350640;BILAC;07/2024;24.0
350640;BILAC;08/2024;20.0
350640;BILAC;09/2024;13.0
350640;BILAC;10/2024;30.0
350640;BILAC;11/2024;15.0
350650;BIRIGUI;01/2024;306.0
350650;BIRIGUI;02/2024;335.0
350650;BIRIGUI;03/2024;426.0
350650;BIRIGUI;04/2024;393.0
350650;BIRIGUI;05/2024;357.0
350650;BIRIGUI;06/2024;369.0
350650;BIRIGUI;07/2024;378.0
350650;BIRIGUI;08/2024;419.0
350650;BIRIGUI;09/2024;408.0
350650;BIRIGUI;10/2024;404.0
350650;BIRIGUI;11/2024;386.0
350650;BIRIGUI;12/2024;354.0
350670;BOA ESPERANCA DO SUL;01/2024;2.0
350670;BOA ESPERANCA DO SUL;02/2024;4.0
350670;BOA ESPERANCA DO SUL;03/2024;6.0
350670;BOA ESPERANCA DO SUL;04/2024;2.0
350670;BOA ESPERANCA DO SUL;05/2024;4.0
350670;BOA ESPERANCA DO SUL;06/2024;4.0
350670;BOA ESPERANCA DO SUL;07/2024;1.0
350670;BOA ESPERANCA DO SUL;08/2024;4.0
350670;BOA ESPERANCA DO SUL;09/2024;3.0
350670;BOA ESPERANCA DO SUL;10/2024;3.0
350670;BOA ESPERANCA DO SUL;11/2024;9.0
350680;BOCAINA;01/2024;13.0
350680;BOCAINA;02/2024;12.0
350680;BOCAINA;03/2024;16.0
350680;BOCAINA;04/2024;13.0
350680;BOCAINA;05/2024;16.0
350680;BOCAINA;06/2024;15.0
350680;BOCAINA;07/2024;16.0
350680;BOCAINA;08/2024;11.0
350680;BOCAINA;09/2024;12.0
350680;BOCAINA;10/2024;12.0
350680;BOCAINA;11/2024;14.0
350680;BOCAINA;12/2024;13.0
350700;BOITUVA;01/2024;193.0
350700;BOITUVA;02/2024;234.0
350700;BOITUVA;03/2024;237.0
350700;BOITUVA;04/2024;283.0
350700;BOITUVA;05/2024;258.0
350700;BOITUVA;06/2024;228.0
350700;BOITUVA;07/2024;235.0
350700;BOITUVA;08/2024;234.0
350700;BOITUVA;09/2024;170.0
350700;BOITUVA;10/2024;226.0
350700;BOITUVA;11/2024;194.0
350700;BOITUVA;12/2024;142.0
350710;BOM JESUS DOS PERDOES;01/2024;10.0
350710;BOM JESUS DOS PERDOES;02/2024;10.0
350710;BOM JESUS DOS PERDOES;03/2024;28.0
350710;BOM JESUS DOS PERDOES;04/2024;32.0
350710;BOM JESUS DOS PERDOES;05/2024;22.0
350710;BOM JESUS DOS PERDOES;06/2024;26.0
350710;BOM JESUS DOS PERDOES;07/2024;19.0
350710;BOM JESUS DOS PERDOES;08/2024;18.0
350710;BOM JESUS DOS PERDOES;09/2024;18.0
350710;BOM JESUS DOS PERDOES;10/2024;19.0
350710;BOM JESUS DOS PERDOES;11/2024;23.0
350710;BOM JESUS DOS PERDOES;12/2024;16.0
350740;BORBOREMA;01/2024;60.0
350740;BORBOREMA;02/2024;43.0
350740;BORBOREMA;03/2024;73.0
350740;BORBOREMA;04/2024;55.0
350740;BORBOREMA;05/2024;77.0
350740;BORBOREMA;06/2024;65.0
350740;BORBOREMA;07/2024;66.0
350740;BORBOREMA;08/2024;53.0
350740;BORBOREMA;09/2024;75.0
350740;BORBOREMA;10/2024;72.0
350740;BORBOREMA;11/2024;68.0
350740;BORBOREMA;12/2024;45.0
350750;BOTUCATU;01/2024;2399.0
350750;BOTUCATU;02/2024;2250.0
350750;BOTUCATU;03/2024;2239.0
350750;BOTUCATU;04/2024;2507.0
350750;BOTUCATU;05/2024;2473.0
350750;BOTUCATU;06/2024;2316.0
350750;BOTUCATU;07/2024;2315.0
350750;BOTUCATU;08/2024;2315.0
350750;BOTUCATU;09/2024;2370.0
350750;BOTUCATU;10/2024;2329.0
350750;BOTUCATU;11/2024;2105.0
350750;BOTUCATU;12/2024;2192.0
350760;BRAGANCA PAULISTA;01/2024;1500.0
350760;BRAGANCA PAULISTA;02/2024;1364.0
350760;BRAGANCA PAULISTA;03/2024;1473.0
350760;BRAGANCA PAULISTA;04/2024;1599.0
350760;BRAGANCA PAULISTA;05/2024;1596.0
350760;BRAGANCA PAULISTA;06/2024;1594.0
350760;BRAGANCA PAULISTA;07/2024;1543.0
350760;BRAGANCA PAULISTA;08/2024;1581.0
350760;BRAGANCA PAULISTA;09/2024;1618.0
350760;BRAGANCA PAULISTA;10/2024;1613.0
350760;BRAGANCA PAULISTA;11/2024;1466.0
350760;BRAGANCA PAULISTA;12/2024;1542.0
350790;BROTAS;01/2024;47.0
350790;BROTAS;02/2024;54.0
350790;BROTAS;03/2024;82.0
350790;BROTAS;04/2024;68.0
350790;BROTAS;05/2024;95.0
350790;BROTAS;06/2024;90.0
350790;BROTAS;07/2024;91.0
350790;BROTAS;08/2024;52.0
350790;BROTAS;09/2024;73.0
350790;BROTAS;10/2024;63.0
350790;BROTAS;11/2024;62.0
350790;BROTAS;12/2024;54.0
350810;BURITAMA;01/2024;30.0
350810;BURITAMA;02/2024;35.0
350810;BURITAMA;03/2024;46.0
350810;BURITAMA;04/2024;56.0
350810;BURITAMA;05/2024;71.0
350810;BURITAMA;06/2024;66.0
350810;BURITAMA;07/2024;75.0
350810;BURITAMA;08/2024;55.0
350810;BURITAMA;09/2024;59.0
350810;BURITAMA;10/2024;62.0
350810;BURITAMA;11/2024;61.0
350810;BURITAMA;12/2024;65.0
350840;CABREUVA;01/2024;23.0
350840;CABREUVA;02/2024;22.0
350840;CABREUVA;03/2024;8.0
350840;CABREUVA;04/2024;16.0
350840;CABREUVA;05/2024;32.0
350840;CABREUVA;06/2024;60.0
350840;CABREUVA;07/2024;29.0
350840;CABREUVA;08/2024;20.0
350840;CABREUVA;09/2024;82.0
350840;CABREUVA;10/2024;82.0
350840;CABREUVA;11/2024;81.0
350840;CABREUVA;12/2024;77.0
350850;CACAPAVA;01/2024;333.0
350850;CACAPAVA;02/2024;132.0
350850;CACAPAVA;03/2024;363.0
350850;CACAPAVA;04/2024;291.0
350850;CACAPAVA;05/2024;313.0
350850;CACAPAVA;06/2024;401.0
350850;CACAPAVA;07/2024;208.0
350850;CACAPAVA;08/2024;351.0
350850;CACAPAVA;09/2024;283.0
350850;CACAPAVA;10/2024;326.0
350850;CACAPAVA;11/2024;284.0
350850;CACAPAVA;12/2024;278.0
350860;CACHOEIRA PAULISTA;01/2024;39.0
350860;CACHOEIRA PAULISTA;02/2024;47.0
350860;CACHOEIRA PAULISTA;03/2024;38.0
350870;CACONDE;01/2024;103.0
350870;CACONDE;02/2024;98.0
350870;CACONDE;03/2024;145.0
350870;CACONDE;04/2024;129.0
350870;CACONDE;05/2024;116.0
350870;CACONDE;06/2024;108.0
350870;CACONDE;07/2024;110.0
350870;CACONDE;08/2024;115.0
350870;CACONDE;09/2024;111.0
350870;CACONDE;10/2024;109.0
350870;CACONDE;11/2024;98.0
350870;CACONDE;12/2024;73.0
350880;CAFELANDIA;01/2024;44.0
350880;CAFELANDIA;02/2024;62.0
350880;CAFELANDIA;03/2024;76.0
350880;CAFELANDIA;04/2024;67.0
350880;CAFELANDIA;05/2024;82.0
350880;CAFELANDIA;06/2024;70.0
350880;CAFELANDIA;07/2024;90.0
350880;CAFELANDIA;08/2024;80.0
350880;CAFELANDIA;09/2024;62.0
350880;CAFELANDIA;10/2024;86.0
350880;CAFELANDIA;11/2024;56.0
350880;CAFELANDIA;12/2024;67.0
350900;CAIEIRAS;01/2024;288.0
350900;CAIEIRAS;02/2024;282.0
350900;CAIEIRAS;03/2024;354.0
350900;CAIEIRAS;04/2024;428.0
350900;CAIEIRAS;05/2024;391.0
350900;CAIEIRAS;06/2024;341.0
350900;CAIEIRAS;07/2024;365.0
350900;CAIEIRAS;08/2024;373.0
350900;CAIEIRAS;09/2024;374.0
350900;CAIEIRAS;10/2024;352.0
350900;CAIEIRAS;11/2024;311.0
350900;CAIEIRAS;12/2024;389.0
350920;CAJAMAR;01/2024;224.0
350920;CAJAMAR;02/2024;224.0
350920;CAJAMAR;03/2024;262.0
350920;CAJAMAR;04/2024;325.0
350920;CAJAMAR;05/2024;283.0
350920;CAJAMAR;06/2024;286.0
350920;CAJAMAR;07/2024;239.0
350920;CAJAMAR;08/2024;371.0
350920;CAJAMAR;09/2024;286.0
350920;CAJAMAR;10/2024;293.0
350920;CAJAMAR;11/2024;205.0
350920;CAJAMAR;12/2024;286.0
350930;CAJOBI;01/2024;28.0
350930;CAJOBI;02/2024;49.0
350930;CAJOBI;03/2024;38.0
350930;CAJOBI;04/2024;51.0
350930;CAJOBI;05/2024;59.0
350930;CAJOBI;06/2024;52.0
350930;CAJOBI;07/2024;52.0
350930;CAJOBI;08/2024;38.0
350930;CAJOBI;09/2024;48.0
350930;CAJOBI;10/2024;40.0
350930;CAJOBI;11/2024;23.0
350930;CAJOBI;12/2024;28.0
350940;CAJURU;01/2024;235.0
350940;CAJURU;02/2024;235.0
350940;CAJURU;03/2024;290.0
350940;CAJURU;04/2024;278.0
350940;CAJURU;05/2024;284.0
350940;CAJURU;06/2024;271.0
350940;CAJURU;07/2024;248.0
350940;CAJURU;08/2024;250.0
350940;CAJURU;09/2024;287.0
350940;CAJURU;10/2024;300.0
350940;CAJURU;11/2024;269.0
350940;CAJURU;12/2024;278.0
350950;CAMPINAS;01/2024;7040.0
350950;CAMPINAS;02/2024;7667.0
350950;CAMPINAS;03/2024;7694.0
350950;CAMPINAS;04/2024;8310.0
350950;CAMPINAS;05/2024;7064.0
350950;CAMPINAS;06/2024;7601.0
350950;CAMPINAS;07/2024;7314.0
350950;CAMPINAS;08/2024;6933.0
350950;CAMPINAS;09/2024;7324.0
350950;CAMPINAS;10/2024;7196.0
350950;CAMPINAS;11/2024;7387.0
350950;CAMPINAS;12/2024;6928.0
350960;CAMPO LIMPO PAULISTA;01/2024;327.0
350960;CAMPO LIMPO PAULISTA;02/2024;298.0
350960;CAMPO LIMPO PAULISTA;03/2024;332.0
350960;CAMPO LIMPO PAULISTA;04/2024;329.0
350960;CAMPO LIMPO PAULISTA;05/2024;342.0
350960;CAMPO LIMPO PAULISTA;06/2024;261.0
350960;CAMPO LIMPO PAULISTA;07/2024;306.0
350960;CAMPO LIMPO PAULISTA;08/2024;343.0
350960;CAMPO LIMPO PAULISTA;09/2024;294.0
350960;CAMPO LIMPO PAULISTA;10/2024;384.0
350960;CAMPO LIMPO PAULISTA;11/2024;384.0
350960;CAMPO LIMPO PAULISTA;12/2024;375.0
350970;CAMPOS DO JORDAO;01/2024;201.0
350970;CAMPOS DO JORDAO;02/2024;209.0
350970;CAMPOS DO JORDAO;03/2024;252.0
350970;CAMPOS DO JORDAO;04/2024;235.0
350970;CAMPOS DO JORDAO;05/2024;226.0
350970;CAMPOS DO JORDAO;06/2024;198.0
350970;CAMPOS DO JORDAO;07/2024;241.0
350970;CAMPOS DO JORDAO;08/2024;233.0
350970;CAMPOS DO JORDAO;09/2024;239.0
350970;CAMPOS DO JORDAO;10/2024;233.0
350970;CAMPOS DO JORDAO;11/2024;202.0
350970;CAMPOS DO JORDAO;12/2024;211.0
351000;CANDIDO MOTA;01/2024;126.0
351000;CANDIDO MOTA;02/2024;144.0
351000;CANDIDO MOTA;03/2024;187.0
351000;CANDIDO MOTA;04/2024;157.0
351000;CANDIDO MOTA;05/2024;160.0
351000;CANDIDO MOTA;06/2024;202.0
351000;CANDIDO MOTA;07/2024;196.0
351000;CANDIDO MOTA;08/2024;227.0
351000;CANDIDO MOTA;09/2024;231.0
351000;CANDIDO MOTA;10/2024;203.0
351000;CANDIDO MOTA;11/2024;188.0
351000;CANDIDO MOTA;12/2024;162.0
351020;CAPAO BONITO;01/2024;190.0
351020;CAPAO BONITO;02/2024;169.0
351020;CAPAO BONITO;03/2024;227.0
351020;CAPAO BONITO;04/2024;227.0
351020;CAPAO BONITO;05/2024;243.0
351020;CAPAO BONITO;06/2024;303.0
351020;CAPAO BONITO;07/2024;252.0
351020;CAPAO BONITO;08/2024;286.0
351020;CAPAO BONITO;09/2024;230.0
351020;CAPAO BONITO;10/2024;235.0
351020;CAPAO BONITO;11/2024;211.0
351020;CAPAO BONITO;12/2024;212.0
351040;CAPIVARI;01/2024;150.0
351040;CAPIVARI;02/2024;194.0
351040;CAPIVARI;03/2024;194.0
351040;CAPIVARI;04/2024;250.0
351040;CAPIVARI;05/2024;193.0
351040;CAPIVARI;06/2024;221.0
351040;CAPIVARI;07/2024;256.0
351040;CAPIVARI;08/2024;227.0
351040;CAPIVARI;09/2024;231.0
351040;CAPIVARI;10/2024;251.0
351040;CAPIVARI;11/2024;218.0
351040;CAPIVARI;12/2024;323.0
351050;CARAGUATATUBA;01/2024;1760.0
351050;CARAGUATATUBA;02/2024;1546.0
351050;CARAGUATATUBA;03/2024;1958.0
351050;CARAGUATATUBA;04/2024;1956.0
351050;CARAGUATATUBA;05/2024;1917.0
351050;CARAGUATATUBA;06/2024;1682.0
351050;CARAGUATATUBA;07/2024;1966.0
351050;CARAGUATATUBA;08/2024;1804.0
351050;CARAGUATATUBA;09/2024;1706.0
351050;CARAGUATATUBA;10/2024;1960.0
351050;CARAGUATATUBA;11/2024;1659.0
351050;CARAGUATATUBA;12/2024;1900.0
351060;CARAPICUIBA;01/2024;1581.0
351060;CARAPICUIBA;02/2024;1589.0
351060;CARAPICUIBA;03/2024;1872.0
351060;CARAPICUIBA;04/2024;1767.0
351060;CARAPICUIBA;05/2024;1677.0
351060;CARAPICUIBA;06/2024;1737.0
351060;CARAPICUIBA;07/2024;1690.0
351060;CARAPICUIBA;08/2024;1742.0
351060;CARAPICUIBA;09/2024;1587.0
351060;CARAPICUIBA;10/2024;1676.0
351060;CARAPICUIBA;11/2024;1639.0
351060;CARAPICUIBA;12/2024;1585.0
351070;CARDOSO;01/2024;28.0
351070;CARDOSO;02/2024;36.0
351070;CARDOSO;03/2024;42.0
351070;CARDOSO;04/2024;35.0
351070;CARDOSO;05/2024;42.0
351070;CARDOSO;06/2024;26.0
351070;CARDOSO;07/2024;31.0
351070;CARDOSO;08/2024;35.0
351070;CARDOSO;09/2024;33.0
351070;CARDOSO;10/2024;45.0
351070;CARDOSO;11/2024;39.0
351070;CARDOSO;12/2024;34.0
351080;CASA BRANCA;01/2024;135.0
351080;CASA BRANCA;02/2024;133.0
351080;CASA BRANCA;03/2024;173.0
351080;CASA BRANCA;04/2024;179.0
351080;CASA BRANCA;05/2024;149.0
351080;CASA BRANCA;06/2024;174.0
351080;CASA BRANCA;07/2024;144.0
351080;CASA BRANCA;08/2024;182.0
351080;CASA BRANCA;09/2024;185.0
351080;CASA BRANCA;10/2024;187.0
351080;CASA BRANCA;11/2024;199.0
351080;CASA BRANCA;12/2024;212.0
351100;CASTILHO;01/2024;77.0
351100;CASTILHO;02/2024;46.0
351100;CASTILHO;03/2024;39.0
351100;CASTILHO;04/2024;34.0
351100;CASTILHO;05/2024;2.0
351100;CASTILHO;06/2024;10.0
351100;CASTILHO;07/2024;68.0
351100;CASTILHO;08/2024;30.0
351100;CASTILHO;09/2024;10.0
351100;CASTILHO;10/2024;66.0
351100;CASTILHO;11/2024;34.0
351100;CASTILHO;12/2024;31.0
351110;CATANDUVA;01/2024;1361.0
351110;CATANDUVA;02/2024;1389.0
351110;CATANDUVA;03/2024;1489.0
351110;CATANDUVA;04/2024;1601.0
351110;CATANDUVA;05/2024;1637.0
351110;CATANDUVA;06/2024;1498.0
351110;CATANDUVA;07/2024;1559.0
351110;CATANDUVA;08/2024;1469.0
351110;CATANDUVA;09/2024;1487.0
351110;CATANDUVA;10/2024;1633.0
351110;CATANDUVA;11/2024;1529.0
351110;CATANDUVA;12/2024;1498.0
351140;CERQUEIRA CESAR;01/2024;80.0
351140;CERQUEIRA CESAR;02/2024;90.0
351140;CERQUEIRA CESAR;03/2024;113.0
351140;CERQUEIRA CESAR;04/2024;117.0
351140;CERQUEIRA CESAR;05/2024;152.0
351140;CERQUEIRA CESAR;06/2024;162.0
351140;CERQUEIRA CESAR;07/2024;172.0
351140;CERQUEIRA CESAR;08/2024;181.0
351140;CERQUEIRA CESAR;09/2024;159.0
351140;CERQUEIRA CESAR;10/2024;150.0
351140;CERQUEIRA CESAR;11/2024;152.0
351140;CERQUEIRA CESAR;12/2024;120.0
351150;CERQUILHO;01/2024;27.0
351150;CERQUILHO;03/2024;17.0
351150;CERQUILHO;04/2024;23.0
351150;CERQUILHO;05/2024;15.0
351150;CERQUILHO;06/2024;26.0
351150;CERQUILHO;07/2024;31.0
351150;CERQUILHO;08/2024;25.0
351150;CERQUILHO;09/2024;54.0
351150;CERQUILHO;10/2024;69.0
351150;CERQUILHO;11/2024;64.0
351150;CERQUILHO;12/2024;50.0
351160;CESARIO LANGE;01/2024;30.0
351160;CESARIO LANGE;02/2024;45.0
351160;CESARIO LANGE;03/2024;35.0
351160;CESARIO LANGE;04/2024;51.0
351160;CESARIO LANGE;05/2024;55.0
351160;CESARIO LANGE;06/2024;46.0
351160;CESARIO LANGE;07/2024;46.0
351160;CESARIO LANGE;08/2024;50.0
351160;CESARIO LANGE;09/2024;52.0
351160;CESARIO LANGE;10/2024;54.0
351160;CESARIO LANGE;11/2024;28.0
351160;CESARIO LANGE;12/2024;44.0
351170;CHARQUEADA;01/2024;18.0
351170;CHARQUEADA;02/2024;25.0
351170;CHARQUEADA;03/2024;29.0
351170;CHARQUEADA;04/2024;25.0
351170;CHARQUEADA;05/2024;40.0
351170;CHARQUEADA;06/2024;27.0
351170;CHARQUEADA;07/2024;30.0
351170;CHARQUEADA;08/2024;32.0
351170;CHARQUEADA;09/2024;26.0
351170;CHARQUEADA;10/2024;22.0
351170;CHARQUEADA;11/2024;22.0
351170;CHARQUEADA;12/2024;26.0
351190;CLEMENTINA;01/2024;24.0
351190;CLEMENTINA;02/2024;17.0
351190;CLEMENTINA;03/2024;21.0
351190;CLEMENTINA;04/2024;29.0
351190;CLEMENTINA;05/2024;38.0
351190;CLEMENTINA;06/2024;21.0
351190;CLEMENTINA;07/2024;28.0
351190;CLEMENTINA;08/2024;21.0
351190;CLEMENTINA;09/2024;31.0
351190;CLEMENTINA;10/2024;21.0
351190;CLEMENTINA;11/2024;16.0
351190;CLEMENTINA;12/2024;17.0
351200;COLINA;01/2024;52.0
351200;COLINA;02/2024;95.0
351200;COLINA;03/2024;118.0
351200;COLINA;04/2024;122.0
351200;COLINA;05/2024;121.0
351200;COLINA;06/2024;116.0
351200;COLINA;07/2024;73.0
351200;COLINA;08/2024;141.0
351200;COLINA;09/2024;99.0
351200;COLINA;10/2024;98.0
351200;COLINA;11/2024;78.0
351200;COLINA;12/2024;81.0
351210;COLOMBIA;01/2024;2.0
351210;COLOMBIA;02/2024;3.0
351210;COLOMBIA;04/2024;3.0
351210;COLOMBIA;05/2024;4.0
351210;COLOMBIA;06/2024;2.0
351210;COLOMBIA;07/2024;1.0
351210;COLOMBIA;08/2024;1.0
351210;COLOMBIA;12/2024;3.0
351220;CONCHAL;01/2024;141.0
351220;CONCHAL;02/2024;120.0
351220;CONCHAL;03/2024;112.0
351220;CONCHAL;04/2024;145.0
351220;CONCHAL;05/2024;139.0
351220;CONCHAL;06/2024;204.0
351220;CONCHAL;07/2024;122.0
351220;CONCHAL;08/2024;194.0
351220;CONCHAL;09/2024;231.0
351220;CONCHAL;10/2024;229.0
351220;CONCHAL;11/2024;201.0
351220;CONCHAL;12/2024;164.0
351230;CONCHAS;01/2024;23.0
351230;CONCHAS;02/2024;23.0
351230;CONCHAS;03/2024;31.0
351230;CONCHAS;04/2024;25.0
351230;CONCHAS;05/2024;23.0
351230;CONCHAS;06/2024;56.0
351230;CONCHAS;07/2024;34.0
351230;CONCHAS;08/2024;33.0
351230;CONCHAS;09/2024;54.0
351230;CONCHAS;10/2024;26.0
351230;CONCHAS;11/2024;23.0
351230;CONCHAS;12/2024;19.0
351280;COSMOPOLIS;01/2024;120.0
351280;COSMOPOLIS;02/2024;126.0
351280;COSMOPOLIS;03/2024;135.0
351280;COSMOPOLIS;04/2024;124.0
351280;COSMOPOLIS;05/2024;156.0
351280;COSMOPOLIS;06/2024;170.0
351280;COSMOPOLIS;07/2024;136.0
351280;COSMOPOLIS;08/2024;144.0
351280;COSMOPOLIS;09/2024;138.0
351280;COSMOPOLIS;10/2024;161.0
351280;COSMOPOLIS;11/2024;123.0
351280;COSMOPOLIS;12/2024;151.0
351300;COTIA;01/2024;1135.0
351300;COTIA;02/2024;1162.0
351300;COTIA;03/2024;1230.0
351300;COTIA;04/2024;1134.0
351300;COTIA;05/2024;1326.0
351300;COTIA;06/2024;1122.0
351300;COTIA;07/2024;1238.0
351300;COTIA;08/2024;1261.0
351300;COTIA;09/2024;1227.0
351300;COTIA;10/2024;1340.0
351300;COTIA;11/2024;1057.0
351300;COTIA;12/2024;1206.0
351310;CRAVINHOS;01/2024;22.0
351340;CRUZEIRO;01/2024;372.0
351340;CRUZEIRO;02/2024;426.0
351340;CRUZEIRO;03/2024;455.0
351340;CRUZEIRO;04/2024;519.0
351340;CRUZEIRO;05/2024;528.0
351340;CRUZEIRO;06/2024;489.0
351340;CRUZEIRO;07/2024;520.0
351340;CRUZEIRO;08/2024;515.0
351340;CRUZEIRO;09/2024;490.0
351340;CRUZEIRO;10/2024;551.0
351340;CRUZEIRO;11/2024;444.0
351340;CRUZEIRO;12/2024;464.0
351350;CUBATAO;01/2024;518.0
351350;CUBATAO;02/2024;435.0
351350;CUBATAO;03/2024;529.0
351350;CUBATAO;04/2024;642.0
351350;CUBATAO;05/2024;592.0
351350;CUBATAO;06/2024;562.0
351350;CUBATAO;07/2024;549.0
351350;CUBATAO;08/2024;573.0
351350;CUBATAO;09/2024;542.0
351350;CUBATAO;10/2024;470.0
351350;CUBATAO;11/2024;456.0
351350;CUBATAO;12/2024;612.0
351360;CUNHA;01/2024;102.0
351360;CUNHA;02/2024;105.0
351360;CUNHA;03/2024;100.0
351360;CUNHA;04/2024;109.0
351360;CUNHA;05/2024;101.0
351360;CUNHA;06/2024;122.0
351360;CUNHA;07/2024;121.0
351360;CUNHA;08/2024;117.0
351360;CUNHA;09/2024;97.0
351360;CUNHA;10/2024;85.0
351360;CUNHA;11/2024;95.0
351360;CUNHA;12/2024;123.0
351370;DESCALVADO;01/2024;108.0
351370;DESCALVADO;02/2024;120.0
351370;DESCALVADO;03/2024;126.0
351370;DESCALVADO;04/2024;150.0
351370;DESCALVADO;05/2024;144.0
351370;DESCALVADO;06/2024;142.0
351370;DESCALVADO;07/2024;191.0
351370;DESCALVADO;08/2024;157.0
351370;DESCALVADO;09/2024;173.0
351370;DESCALVADO;10/2024;143.0
351370;DESCALVADO;11/2024;177.0
351370;DESCALVADO;12/2024;158.0
351380;DIADEMA;01/2024;1936.0
351380;DIADEMA;02/2024;1971.0
351380;DIADEMA;03/2024;1995.0
351380;DIADEMA;04/2024;2134.0
351380;DIADEMA;05/2024;2078.0
351380;DIADEMA;06/2024;2028.0
351380;DIADEMA;07/2024;2064.0
351380;DIADEMA;08/2024;1999.0
351380;DIADEMA;09/2024;1779.0
351380;DIADEMA;10/2024;1780.0
351380;DIADEMA;11/2024;1854.0
351380;DIADEMA;12/2024;1686.0
351390;DIVINOLANDIA;01/2024;342.0
351390;DIVINOLANDIA;02/2024;295.0
351390;DIVINOLANDIA;03/2024;323.0
351390;DIVINOLANDIA;04/2024;365.0
351390;DIVINOLANDIA;05/2024;436.0
351390;DIVINOLANDIA;06/2024;438.0
351390;DIVINOLANDIA;07/2024;375.0
351390;DIVINOLANDIA;08/2024;440.0
351390;DIVINOLANDIA;09/2024;429.0
351390;DIVINOLANDIA;10/2024;457.0
351390;DIVINOLANDIA;11/2024;402.0
351390;DIVINOLANDIA;12/2024;285.0
351410;DOIS CORREGOS;01/2024;113.0
351410;DOIS CORREGOS;02/2024;124.0
351410;DOIS CORREGOS;03/2024;162.0
351410;DOIS CORREGOS;04/2024;142.0
351410;DOIS CORREGOS;05/2024;115.0
351410;DOIS CORREGOS;06/2024;135.0
351410;DOIS CORREGOS;07/2024;142.0
351410;DOIS CORREGOS;08/2024;106.0
351410;DOIS CORREGOS;09/2024;97.0
351410;DOIS CORREGOS;10/2024;109.0
351410;DOIS CORREGOS;11/2024;97.0
351410;DOIS CORREGOS;12/2024;108.0
351440;DRACENA;01/2024;235.0
351440;DRACENA;02/2024;247.0
351440;DRACENA;03/2024;334.0
351440;DRACENA;04/2024;278.0
351440;DRACENA;05/2024;361.0
351440;DRACENA;06/2024;304.0
351440;DRACENA;07/2024;286.0
351440;DRACENA;08/2024;299.0
351440;DRACENA;09/2024;284.0
351440;DRACENA;10/2024;338.0
351440;DRACENA;11/2024;288.0
351440;DRACENA;12/2024;282.0
351450;DUARTINA;01/2024;119.0
351450;DUARTINA;02/2024;109.0
351450;DUARTINA;03/2024;172.0
351450;DUARTINA;04/2024;167.0
351450;DUARTINA;05/2024;152.0
351450;DUARTINA;06/2024;133.0
351450;DUARTINA;07/2024;156.0
351450;DUARTINA;08/2024;128.0
351450;DUARTINA;09/2024;114.0
351450;DUARTINA;10/2024;120.0
351450;DUARTINA;11/2024;127.0
351500;EMBU DAS ARTES;01/2024;389.0
351500;EMBU DAS ARTES;02/2024;283.0
351500;EMBU DAS ARTES;03/2024;280.0
351500;EMBU DAS ARTES;04/2024;358.0
351500;EMBU DAS ARTES;05/2024;365.0
351500;EMBU DAS ARTES;06/2024;362.0
351500;EMBU DAS ARTES;07/2024;382.0
351500;EMBU DAS ARTES;08/2024;317.0
351500;EMBU DAS ARTES;09/2024;299.0
351500;EMBU DAS ARTES;10/2024;409.0
351500;EMBU DAS ARTES;11/2024;355.0
351500;EMBU DAS ARTES;12/2024;254.0
351510;EMBU-GUACU;01/2024;143.0
351510;EMBU-GUACU;02/2024;106.0
351510;EMBU-GUACU;03/2024;173.0
351510;EMBU-GUACU;04/2024;138.0
351510;EMBU-GUACU;05/2024;146.0
351510;EMBU-GUACU;06/2024;148.0
351510;EMBU-GUACU;07/2024;137.0
351510;EMBU-GUACU;08/2024;123.0
351510;EMBU-GUACU;09/2024;113.0
351510;EMBU-GUACU;10/2024;91.0
351510;EMBU-GUACU;11/2024;87.0
351510;EMBU-GUACU;12/2024;56.0
351518;ESPIRITO SANTO DO PINHAL;01/2024;332.0
351518;ESPIRITO SANTO DO PINHAL;02/2024;325.0
351518;ESPIRITO SANTO DO PINHAL;03/2024;358.0
351518;ESPIRITO SANTO DO PINHAL;04/2024;323.0
351518;ESPIRITO SANTO DO PINHAL;05/2024;383.0
351518;ESPIRITO SANTO DO PINHAL;06/2024;330.0
351518;ESPIRITO SANTO DO PINHAL;07/2024;334.0
351518;ESPIRITO SANTO DO PINHAL;08/2024;334.0
351518;ESPIRITO SANTO DO PINHAL;09/2024;341.0
351518;ESPIRITO SANTO DO PINHAL;10/2024;375.0
351518;ESPIRITO SANTO DO PINHAL;11/2024;311.0
351518;ESPIRITO SANTO DO PINHAL;12/2024;298.0
351520;ESTRELA D'OESTE;01/2024;46.0
351520;ESTRELA D'OESTE;02/2024;41.0
351520;ESTRELA D'OESTE;03/2024;62.0
351520;ESTRELA D'OESTE;04/2024;57.0
351520;ESTRELA D'OESTE;05/2024;62.0
351520;ESTRELA D'OESTE;06/2024;59.0
351520;ESTRELA D'OESTE;07/2024;70.0
351520;ESTRELA D'OESTE;08/2024;56.0
351520;ESTRELA D'OESTE;09/2024;52.0
351520;ESTRELA D'OESTE;10/2024;65.0
351520;ESTRELA D'OESTE;11/2024;77.0
351520;ESTRELA D'OESTE;12/2024;94.0
351540;FARTURA;01/2024;53.0
351540;FARTURA;02/2024;63.0
351540;FARTURA;03/2024;110.0
351540;FARTURA;04/2024;82.0
351540;FARTURA;05/2024;100.0
351540;FARTURA;06/2024;90.0
351540;FARTURA;07/2024;90.0
351540;FARTURA;08/2024;88.0
351540;FARTURA;09/2024;67.0
351540;FARTURA;10/2024;67.0
351540;FARTURA;11/2024;51.0
351540;FARTURA;12/2024;61.0
351550;FERNANDOPOLIS;01/2024;552.0
351550;FERNANDOPOLIS;02/2024;493.0
351550;FERNANDOPOLIS;03/2024;498.0
351550;FERNANDOPOLIS;04/2024;505.0
351550;FERNANDOPOLIS;05/2024;501.0
351550;FERNANDOPOLIS;06/2024;432.0
351550;FERNANDOPOLIS;07/2024;511.0
351550;FERNANDOPOLIS;08/2024;535.0
351550;FERNANDOPOLIS;09/2024;530.0
351550;FERNANDOPOLIS;10/2024;517.0
351550;FERNANDOPOLIS;11/2024;497.0
351550;FERNANDOPOLIS;12/2024;503.0
351570;FERRAZ DE VASCONCELOS;01/2024;523.0
351570;FERRAZ DE VASCONCELOS;02/2024;307.0
351570;FERRAZ DE VASCONCELOS;03/2024;532.0
351570;FERRAZ DE VASCONCELOS;04/2024;723.0
351570;FERRAZ DE VASCONCELOS;05/2024;578.0
351570;FERRAZ DE VASCONCELOS;06/2024;724.0
351570;FERRAZ DE VASCONCELOS;07/2024;424.0
351570;FERRAZ DE VASCONCELOS;08/2024;828.0
351570;FERRAZ DE VASCONCELOS;09/2024;341.0
351570;FERRAZ DE VASCONCELOS;10/2024;652.0
351570;FERRAZ DE VASCONCELOS;11/2024;672.0
351570;FERRAZ DE VASCONCELOS;12/2024;429.0
351600;FLORIDA PAULISTA;01/2024;80.0
351600;FLORIDA PAULISTA;02/2024;71.0
351600;FLORIDA PAULISTA;03/2024;69.0
351600;FLORIDA PAULISTA;04/2024;73.0
351600;FLORIDA PAULISTA;05/2024;72.0
351600;FLORIDA PAULISTA;06/2024;65.0
351600;FLORIDA PAULISTA;07/2024;61.0
351600;FLORIDA PAULISTA;08/2024;61.0
351600;FLORIDA PAULISTA;09/2024;63.0
351600;FLORIDA PAULISTA;10/2024;78.0
351600;FLORIDA PAULISTA;11/2024;65.0
351600;FLORIDA PAULISTA;12/2024;72.0
351620;FRANCA;01/2024;1815.0
351620;FRANCA;02/2024;2035.0
351620;FRANCA;03/2024;2169.0
351620;FRANCA;04/2024;2175.0
351620;FRANCA;05/2024;2158.0
351620;FRANCA;06/2024;1960.0
351620;FRANCA;07/2024;1927.0
351620;FRANCA;08/2024;2061.0
351620;FRANCA;09/2024;2055.0
351620;FRANCA;10/2024;2147.0
351620;FRANCA;11/2024;1837.0
351620;FRANCA;12/2024;1924.0
351630;FRANCISCO MORATO;01/2024;1014.0
351630;FRANCISCO MORATO;02/2024;965.0
351630;FRANCISCO MORATO;03/2024;1050.0
351630;FRANCISCO MORATO;04/2024;1074.0
351630;FRANCISCO MORATO;05/2024;1113.0
351630;FRANCISCO MORATO;06/2024;1008.0
351630;FRANCISCO MORATO;07/2024;956.0
351630;FRANCISCO MORATO;08/2024;1019.0
351630;FRANCISCO MORATO;09/2024;914.0
351630;FRANCISCO MORATO;10/2024;1132.0
351630;FRANCISCO MORATO;11/2024;1030.0
351630;FRANCISCO MORATO;12/2024;1007.0
351640;FRANCO DA ROCHA;01/2024;755.0
351640;FRANCO DA ROCHA;02/2024;689.0
351640;FRANCO DA ROCHA;03/2024;711.0
351640;FRANCO DA ROCHA;04/2024;690.0
351640;FRANCO DA ROCHA;05/2024;679.0
351640;FRANCO DA ROCHA;06/2024;649.0
351640;FRANCO DA ROCHA;07/2024;665.0
351640;FRANCO DA ROCHA;08/2024;891.0
351640;FRANCO DA ROCHA;09/2024;890.0
351640;FRANCO DA ROCHA;10/2024;800.0
351640;FRANCO DA ROCHA;11/2024;670.0
351640;FRANCO DA ROCHA;12/2024;588.0
351660;GALIA;01/2024;12.0
351660;GALIA;02/2024;6.0
351660;GALIA;03/2024;7.0
351660;GALIA;04/2024;15.0
351660;GALIA;05/2024;15.0
351660;GALIA;06/2024;13.0
351660;GALIA;07/2024;6.0
351660;GALIA;08/2024;9.0
351660;GALIA;09/2024;12.0
351660;GALIA;10/2024;6.0
351660;GALIA;11/2024;7.0
351660;GALIA;12/2024;7.0
351670;GARCA;01/2024;258.0
351670;GARCA;02/2024;215.0
351670;GARCA;03/2024;233.0
351670;GARCA;04/2024;273.0
351670;GARCA;05/2024;206.0
351670;GARCA;06/2024;284.0
351670;GARCA;07/2024;294.0
351670;GARCA;08/2024;238.0
351670;GARCA;09/2024;251.0
351670;GARCA;10/2024;307.0
351670;GARCA;11/2024;265.0
351670;GARCA;12/2024;266.0
351690;GENERAL SALGADO;01/2024;35.0
351690;GENERAL SALGADO;02/2024;41.0
351690;GENERAL SALGADO;03/2024;43.0
351690;GENERAL SALGADO;04/2024;63.0
351690;GENERAL SALGADO;05/2024;41.0
351690;GENERAL SALGADO;06/2024;37.0
351690;GENERAL SALGADO;07/2024;40.0
351690;GENERAL SALGADO;08/2024;42.0
351690;GENERAL SALGADO;09/2024;18.0
351690;GENERAL SALGADO;10/2024;35.0
351690;GENERAL SALGADO;11/2024;41.0
351690;GENERAL SALGADO;12/2024;50.0
351700;GETULINA;01/2024;44.0
351700;GETULINA;02/2024;37.0
351700;GETULINA;03/2024;38.0
351700;GETULINA;04/2024;45.0
351700;GETULINA;05/2024;37.0
351700;GETULINA;06/2024;26.0
351700;GETULINA;07/2024;33.0
351700;GETULINA;08/2024;24.0
351700;GETULINA;09/2024;31.0
351700;GETULINA;10/2024;34.0
351700;GETULINA;11/2024;17.0
351700;GETULINA;12/2024;13.0
351740;GUAIRA;01/2024;220.0
351740;GUAIRA;02/2024;242.0
351740;GUAIRA;03/2024;276.0
351740;GUAIRA;04/2024;230.0
351740;GUAIRA;05/2024;291.0
351740;GUAIRA;06/2024;272.0
351740;GUAIRA;07/2024;281.0
351740;GUAIRA;08/2024;227.0
351740;GUAIRA;09/2024;276.0
351740;GUAIRA;10/2024;281.0
351740;GUAIRA;11/2024;273.0
351740;GUAIRA;12/2024;276.0
351760;GUAPIARA;08/2024;16.0
351760;GUAPIARA;09/2024;16.0
351760;GUAPIARA;10/2024;23.0
351760;GUAPIARA;11/2024;23.0
351760;GUAPIARA;12/2024;13.0
351770;GUARA;01/2024;109.0
351770;GUARA;02/2024;121.0
351770;GUARA;03/2024;125.0
351770;GUARA;04/2024;92.0
351770;GUARA;05/2024;80.0
351770;GUARA;06/2024;77.0
351770;GUARA;07/2024;89.0
351770;GUARA;08/2024;82.0
351770;GUARA;09/2024;57.0
351770;GUARA;10/2024;92.0
351770;GUARA;11/2024;80.0
351770;GUARA;12/2024;73.0
351780;GUARACAI;01/2024;40.0
351780;GUARACAI;02/2024;53.0
351780;GUARACAI;03/2024;38.0
351780;GUARACAI;04/2024;38.0
351780;GUARACAI;05/2024;65.0
351780;GUARACAI;06/2024;50.0
351780;GUARACAI;07/2024;52.0
351780;GUARACAI;08/2024;38.0
351780;GUARACAI;09/2024;48.0
351780;GUARACAI;10/2024;51.0
351780;GUARACAI;11/2024;58.0
351780;GUARACAI;12/2024;52.0
351820;GUARARAPES;01/2024;78.0
351820;GUARARAPES;02/2024;112.0
351820;GUARARAPES;03/2024;119.0
351820;GUARARAPES;04/2024;150.0
351820;GUARARAPES;05/2024;157.0
351820;GUARARAPES;06/2024;166.0
351820;GUARARAPES;07/2024;141.0
351820;GUARARAPES;08/2024;142.0
351820;GUARARAPES;09/2024;144.0
351820;GUARARAPES;10/2024;134.0
351820;GUARARAPES;11/2024;144.0
351820;GUARARAPES;12/2024;153.0
351830;GUARAREMA;01/2024;76.0
351830;GUARAREMA;02/2024;86.0
351830;GUARAREMA;03/2024;113.0
351830;GUARAREMA;04/2024;125.0
351830;GUARAREMA;05/2024;126.0
351830;GUARAREMA;06/2024;89.0
351830;GUARAREMA;07/2024;88.0
351830;GUARAREMA;08/2024;94.0
351830;GUARAREMA;09/2024;100.0
351830;GUARAREMA;10/2024;100.0
351830;GUARAREMA;11/2024;90.0
351830;GUARAREMA;12/2024;101.0
351840;GUARATINGUETA;01/2024;645.0
351840;GUARATINGUETA;02/2024;493.0
351840;GUARATINGUETA;03/2024;556.0
351840;GUARATINGUETA;04/2024;588.0
351840;GUARATINGUETA;05/2024;526.0
351840;GUARATINGUETA;06/2024;486.0
351840;GUARATINGUETA;07/2024;559.0
351840;GUARATINGUETA;08/2024;448.0
351840;GUARATINGUETA;09/2024;489.0
351840;GUARATINGUETA;10/2024;738.0
351840;GUARATINGUETA;11/2024;547.0
351840;GUARATINGUETA;12/2024;624.0
351860;GUARIBA;01/2024;111.0
351860;GUARIBA;02/2024;114.0
351860;GUARIBA;03/2024;121.0
351860;GUARIBA;04/2024;119.0
351860;GUARIBA;05/2024;181.0
351860;GUARIBA;06/2024;157.0
351860;GUARIBA;07/2024;143.0
351860;GUARIBA;08/2024;161.0
351860;GUARIBA;09/2024;159.0
351860;GUARIBA;10/2024;142.0
351860;GUARIBA;11/2024;105.0
351860;GUARIBA;12/2024;95.0
351870;GUARUJA;01/2024;1142.0
351870;GUARUJA;02/2024;1009.0
351870;GUARUJA;03/2024;1135.0
351870;GUARUJA;04/2024;1128.0
351870;GUARUJA;05/2024;1104.0
351870;GUARUJA;06/2024;1051.0
351870;GUARUJA;07/2024;1103.0
351870;GUARUJA;08/2024;1101.0
351870;GUARUJA;09/2024;1254.0
351870;GUARUJA;10/2024;1521.0
351870;GUARUJA;11/2024;1387.0
351870;GUARUJA;12/2024;1336.0
351880;GUARULHOS;01/2024;4325.0
351880;GUARULHOS;02/2024;4323.0
351880;GUARULHOS;03/2024;4973.0
351880;GUARULHOS;04/2024;5135.0
351880;GUARULHOS;05/2024;5061.0
351880;GUARULHOS;06/2024;4743.0
351880;GUARULHOS;07/2024;4789.0
351880;GUARULHOS;08/2024;4833.0
351880;GUARULHOS;09/2024;4469.0
351880;GUARULHOS;10/2024;4628.0
351880;GUARULHOS;11/2024;4377.0
351880;GUARULHOS;12/2024;4159.0
351900;HERCULANDIA;01/2024;71.0
351900;HERCULANDIA;02/2024;66.0
351900;HERCULANDIA;03/2024;75.0
351900;HERCULANDIA;04/2024;87.0
351900;HERCULANDIA;05/2024;68.0
351900;HERCULANDIA;06/2024;87.0
351900;HERCULANDIA;07/2024;76.0
351900;HERCULANDIA;08/2024;76.0
351900;HERCULANDIA;09/2024;81.0
351900;HERCULANDIA;10/2024;69.0
351900;HERCULANDIA;11/2024;59.0
351900;HERCULANDIA;12/2024;63.0
351907;HORTOLANDIA;01/2024;500.0
351907;HORTOLANDIA;02/2024;555.0
351907;HORTOLANDIA;03/2024;523.0
351907;HORTOLANDIA;04/2024;498.0
351907;HORTOLANDIA;05/2024;563.0
351907;HORTOLANDIA;06/2024;485.0
351907;HORTOLANDIA;07/2024;490.0
351907;HORTOLANDIA;08/2024;458.0
351907;HORTOLANDIA;09/2024;517.0
351907;HORTOLANDIA;10/2024;470.0
351907;HORTOLANDIA;11/2024;295.0
351907;HORTOLANDIA;12/2024;316.0
351910;IACANGA;01/2024;43.0
351910;IACANGA;02/2024;49.0
351910;IACANGA;03/2024;64.0
351910;IACANGA;04/2024;39.0
351910;IACANGA;05/2024;52.0
351910;IACANGA;06/2024;56.0
351910;IACANGA;07/2024;50.0
351910;IACANGA;08/2024;42.0
351910;IACANGA;09/2024;36.0
351910;IACANGA;10/2024;44.0
351910;IACANGA;11/2024;52.0
351910;IACANGA;12/2024;37.0
351930;IBATE;01/2024;37.0
351930;IBATE;02/2024;52.0
351930;IBATE;03/2024;72.0
351930;IBATE;04/2024;84.0
351930;IBATE;05/2024;81.0
351930;IBATE;06/2024;75.0
351930;IBATE;07/2024;67.0
351930;IBATE;08/2024;58.0
351930;IBATE;09/2024;91.0
351930;IBATE;10/2024;69.0
351930;IBATE;11/2024;68.0
351930;IBATE;12/2024;69.0
351940;IBIRA;01/2024;29.0
351940;IBIRA;02/2024;40.0
351940;IBIRA;03/2024;44.0
351940;IBIRA;04/2024;50.0
351940;IBIRA;05/2024;84.0
351940;IBIRA;06/2024;22.0
351940;IBIRA;07/2024;56.0
351940;IBIRA;08/2024;35.0
351940;IBIRA;09/2024;20.0
351940;IBIRA;10/2024;29.0
351940;IBIRA;11/2024;27.0
351940;IBIRA;12/2024;3.0
351960;IBITINGA;01/2024;344.0
351960;IBITINGA;02/2024;341.0
351960;IBITINGA;03/2024;373.0
351960;IBITINGA;04/2024;339.0
351960;IBITINGA;05/2024;409.0
351960;IBITINGA;06/2024;410.0
351960;IBITINGA;07/2024;397.0
351960;IBITINGA;08/2024;416.0
351960;IBITINGA;09/2024;402.0
351960;IBITINGA;10/2024;403.0
351960;IBITINGA;11/2024;313.0
351960;IBITINGA;12/2024;301.0
351970;IBIUNA;01/2024;278.0
351970;IBIUNA;02/2024;240.0
351970;IBIUNA;03/2024;262.0
351970;IBIUNA;04/2024;320.0
351970;IBIUNA;05/2024;322.0
351970;IBIUNA;06/2024;271.0
351970;IBIUNA;07/2024;253.0
351970;IBIUNA;08/2024;278.0
351970;IBIUNA;09/2024;308.0
351970;IBIUNA;10/2024;334.0
351970;IBIUNA;11/2024;337.0
351970;IBIUNA;12/2024;362.0
351990;IEPE;01/2024;41.0
351990;IEPE;02/2024;42.0
351990;IEPE;03/2024;40.0
351990;IEPE;04/2024;48.0
351990;IEPE;05/2024;57.0
351990;IEPE;06/2024;56.0
351990;IEPE;07/2024;61.0
351990;IEPE;08/2024;53.0
351990;IEPE;09/2024;49.0
351990;IEPE;10/2024;68.0
351990;IEPE;11/2024;44.0
351990;IEPE;12/2024;42.0
352010;IGARAPAVA;01/2024;103.0
352010;IGARAPAVA;02/2024;105.0
352010;IGARAPAVA;03/2024;130.0
352010;IGARAPAVA;04/2024;88.0
352010;IGARAPAVA;05/2024;103.0
352010;IGARAPAVA;06/2024;110.0
352010;IGARAPAVA;07/2024;104.0
352010;IGARAPAVA;08/2024;104.0
352010;IGARAPAVA;09/2024;112.0
352010;IGARAPAVA;10/2024;106.0
352010;IGARAPAVA;11/2024;103.0
352010;IGARAPAVA;12/2024;107.0
352040;ILHABELA;01/2024;407.0
352040;ILHABELA;02/2024;285.0
352040;ILHABELA;03/2024;283.0
352040;ILHABELA;04/2024;367.0
352040;ILHABELA;05/2024;287.0
352040;ILHABELA;06/2024;398.0
352040;ILHABELA;07/2024;324.0
352040;ILHABELA;08/2024;299.0
352040;ILHABELA;09/2024;275.0
352040;ILHABELA;10/2024;316.0
352040;ILHABELA;11/2024;273.0
352040;ILHABELA;12/2024;238.0
352044;ILHA SOLTEIRA;01/2024;182.0
352044;ILHA SOLTEIRA;02/2024;148.0
352044;ILHA SOLTEIRA;03/2024;202.0
352044;ILHA SOLTEIRA;04/2024;198.0
352044;ILHA SOLTEIRA;05/2024;161.0
352044;ILHA SOLTEIRA;06/2024;170.0
352044;ILHA SOLTEIRA;07/2024;200.0
352044;ILHA SOLTEIRA;08/2024;185.0
352044;ILHA SOLTEIRA;09/2024;155.0
352044;ILHA SOLTEIRA;10/2024;207.0
352044;ILHA SOLTEIRA;11/2024;224.0
352044;ILHA SOLTEIRA;12/2024;315.0
352050;INDAIATUBA;01/2024;1612.0
352050;INDAIATUBA;02/2024;1592.0
352050;INDAIATUBA;03/2024;1709.0
352050;INDAIATUBA;04/2024;1409.0
352050;INDAIATUBA;05/2024;1492.0
352050;INDAIATUBA;06/2024;1517.0
352050;INDAIATUBA;07/2024;1630.0
352050;INDAIATUBA;08/2024;2126.0
352050;INDAIATUBA;09/2024;1949.0
352050;INDAIATUBA;10/2024;2067.0
352050;INDAIATUBA;11/2024;1778.0
352050;INDAIATUBA;12/2024;1629.0
352070;INDIAPORA;01/2024;29.0
352070;INDIAPORA;02/2024;39.0
352070;INDIAPORA;03/2024;29.0
352070;INDIAPORA;04/2024;32.0
352070;INDIAPORA;05/2024;19.0
352070;INDIAPORA;06/2024;36.0
352070;INDIAPORA;07/2024;39.0
352070;INDIAPORA;08/2024;36.0
352070;INDIAPORA;09/2024;36.0
352070;INDIAPORA;10/2024;30.0
352070;INDIAPORA;11/2024;31.0
352070;INDIAPORA;12/2024;43.0
352090;IPAUSSU;01/2024;46.0
352090;IPAUSSU;02/2024;31.0
352090;IPAUSSU;03/2024;54.0
352090;IPAUSSU;04/2024;56.0
352090;IPAUSSU;05/2024;51.0
352090;IPAUSSU;06/2024;34.0
352090;IPAUSSU;07/2024;42.0
352090;IPAUSSU;08/2024;44.0
352090;IPAUSSU;09/2024;39.0
352090;IPAUSSU;10/2024;46.0
352090;IPAUSSU;11/2024;43.0
352090;IPAUSSU;12/2024;35.0
352130;IPUA;01/2024;40.0
352130;IPUA;02/2024;61.0
352130;IPUA;03/2024;66.0
352130;IPUA;04/2024;64.0
352130;IPUA;05/2024;86.0
352130;IPUA;06/2024;60.0
352130;IPUA;07/2024;72.0
352130;IPUA;08/2024;57.0
352130;IPUA;09/2024;72.0
352130;IPUA;10/2024;77.0
352130;IPUA;11/2024;62.0
352130;IPUA;12/2024;99.0
352170;ITABERA;01/2024;61.0
352170;ITABERA;02/2024;48.0
352170;ITABERA;03/2024;66.0
352170;ITABERA;04/2024;95.0
352170;ITABERA;05/2024;136.0
352170;ITABERA;06/2024;129.0
352170;ITABERA;07/2024;99.0
352170;ITABERA;08/2024;59.0
352170;ITABERA;09/2024;105.0
352170;ITABERA;10/2024;146.0
352170;ITABERA;11/2024;108.0
352170;ITABERA;12/2024;213.0
352180;ITAI;01/2024;49.0
352180;ITAI;02/2024;55.0
352180;ITAI;03/2024;35.0
352180;ITAI;04/2024;43.0
352180;ITAI;05/2024;46.0
352180;ITAI;06/2024;48.0
352180;ITAI;07/2024;42.0
352180;ITAI;08/2024;21.0
352180;ITAI;09/2024;40.0
352180;ITAI;10/2024;30.0
352180;ITAI;11/2024;41.0
352180;ITAI;12/2024;94.0
352190;ITAJOBI;01/2024;49.0
352190;ITAJOBI;02/2024;36.0
352190;ITAJOBI;03/2024;53.0
352190;ITAJOBI;04/2024;77.0
352190;ITAJOBI;05/2024;61.0
352190;ITAJOBI;06/2024;73.0
352190;ITAJOBI;07/2024;46.0
352190;ITAJOBI;08/2024;53.0
352190;ITAJOBI;09/2024;58.0
352190;ITAJOBI;10/2024;62.0
352190;ITAJOBI;11/2024;54.0
352190;ITAJOBI;12/2024;85.0
352210;ITANHAEM;01/2024;1096.0
352210;ITANHAEM;02/2024;947.0
352210;ITANHAEM;03/2024;1111.0
352210;ITANHAEM;04/2024;1039.0
352210;ITANHAEM;05/2024;1085.0
352210;ITANHAEM;06/2024;1009.0
352210;ITANHAEM;07/2024;938.0
352210;ITANHAEM;08/2024;1143.0
352210;ITANHAEM;09/2024;1023.0
352210;ITANHAEM;10/2024;1054.0
352210;ITANHAEM;11/2024;1053.0
352210;ITANHAEM;12/2024;933.0
352220;ITAPECERICA DA SERRA;01/2024;1454.0
352220;ITAPECERICA DA SERRA;02/2024;1371.0
352220;ITAPECERICA DA SERRA;03/2024;1557.0
352220;ITAPECERICA DA SERRA;04/2024;1516.0
352220;ITAPECERICA DA SERRA;05/2024;1420.0
352220;ITAPECERICA DA SERRA;06/2024;1423.0
352220;ITAPECERICA DA SERRA;07/2024;1462.0
352220;ITAPECERICA DA SERRA;08/2024;1449.0
352220;ITAPECERICA DA SERRA;09/2024;1420.0
352220;ITAPECERICA DA SERRA;10/2024;1401.0
352220;ITAPECERICA DA SERRA;11/2024;1356.0
352220;ITAPECERICA DA SERRA;12/2024;1309.0
352230;ITAPETININGA;01/2024;780.0
352230;ITAPETININGA;02/2024;806.0
352230;ITAPETININGA;03/2024;871.0
352230;ITAPETININGA;04/2024;846.0
352230;ITAPETININGA;05/2024;952.0
352230;ITAPETININGA;06/2024;877.0
352230;ITAPETININGA;07/2024;844.0
352230;ITAPETININGA;08/2024;889.0
352230;ITAPETININGA;09/2024;853.0
352230;ITAPETININGA;10/2024;851.0
352230;ITAPETININGA;11/2024;776.0
352230;ITAPETININGA;12/2024;822.0
352240;ITAPEVA;01/2024;661.0
352240;ITAPEVA;02/2024;683.0
352240;ITAPEVA;03/2024;761.0
352240;ITAPEVA;04/2024;771.0
352240;ITAPEVA;05/2024;773.0
352240;ITAPEVA;06/2024;861.0
352240;ITAPEVA;07/2024;692.0
352240;ITAPEVA;08/2024;713.0
352240;ITAPEVA;09/2024;786.0
352240;ITAPEVA;10/2024;891.0
352240;ITAPEVA;11/2024;972.0
352240;ITAPEVA;12/2024;756.0
352250;ITAPEVI;01/2024;1268.0
352250;ITAPEVI;02/2024;1489.0
352250;ITAPEVI;03/2024;1451.0
352250;ITAPEVI;04/2024;1353.0
352250;ITAPEVI;05/2024;1380.0
352250;ITAPEVI;06/2024;1288.0
352250;ITAPEVI;07/2024;1413.0
352250;ITAPEVI;08/2024;1389.0
352250;ITAPEVI;09/2024;1249.0
352250;ITAPEVI;10/2024;1352.0
352250;ITAPEVI;11/2024;1291.0
352250;ITAPEVI;12/2024;1208.0
352260;ITAPIRA;01/2024;497.0
352260;ITAPIRA;02/2024;488.0
352260;ITAPIRA;03/2024;573.0
352260;ITAPIRA;04/2024;565.0
352260;ITAPIRA;05/2024;527.0
352260;ITAPIRA;06/2024;547.0
352260;ITAPIRA;07/2024;521.0
352260;ITAPIRA;08/2024;540.0
352260;ITAPIRA;09/2024;513.0
352260;ITAPIRA;10/2024;549.0
352260;ITAPIRA;11/2024;530.0
352260;ITAPIRA;12/2024;510.0
352270;ITAPOLIS;01/2024;181.0
352270;ITAPOLIS;02/2024;192.0
352270;ITAPOLIS;03/2024;285.0
352270;ITAPOLIS;04/2024;283.0
352270;ITAPOLIS;05/2024;257.0
352270;ITAPOLIS;06/2024;251.0
352270;ITAPOLIS;07/2024;241.0
352270;ITAPOLIS;08/2024;248.0
352270;ITAPOLIS;09/2024;253.0
352270;ITAPOLIS;10/2024;228.0
352270;ITAPOLIS;11/2024;216.0
352270;ITAPOLIS;12/2024;209.0
352280;ITAPORANGA;01/2024;84.0
352280;ITAPORANGA;02/2024;82.0
352280;ITAPORANGA;03/2024;95.0
352280;ITAPORANGA;04/2024;94.0
352280;ITAPORANGA;05/2024;132.0
352280;ITAPORANGA;06/2024;133.0
352280;ITAPORANGA;07/2024;117.0
352280;ITAPORANGA;08/2024;94.0
352280;ITAPORANGA;09/2024;93.0
352280;ITAPORANGA;10/2024;102.0
352280;ITAPORANGA;11/2024;81.0
352280;ITAPORANGA;12/2024;95.0
352290;ITAPUI;01/2024;16.0
352290;ITAPUI;02/2024;17.0
352290;ITAPUI;03/2024;16.0
352290;ITAPUI;04/2024;14.0
352290;ITAPUI;05/2024;27.0
352290;ITAPUI;06/2024;16.0
352290;ITAPUI;07/2024;24.0
352290;ITAPUI;08/2024;24.0
352290;ITAPUI;09/2024;24.0
352290;ITAPUI;10/2024;14.0
352290;ITAPUI;11/2024;14.0
352290;ITAPUI;12/2024;11.0
352310;ITAQUAQUECETUBA;01/2024;1352.0
352310;ITAQUAQUECETUBA;02/2024;1190.0
352310;ITAQUAQUECETUBA;03/2024;1408.0
352310;ITAQUAQUECETUBA;04/2024;1307.0
352310;ITAQUAQUECETUBA;05/2024;1306.0
352310;ITAQUAQUECETUBA;06/2024;1208.0
352310;ITAQUAQUECETUBA;07/2024;1267.0
352310;ITAQUAQUECETUBA;08/2024;1167.0
352310;ITAQUAQUECETUBA;09/2024;1226.0
352310;ITAQUAQUECETUBA;10/2024;1209.0
352310;ITAQUAQUECETUBA;11/2024;1230.0
352310;ITAQUAQUECETUBA;12/2024;1354.0
352320;ITARARE;01/2024;256.0
352320;ITARARE;02/2024;300.0
352320;ITARARE;03/2024;380.0
352320;ITARARE;04/2024;357.0
352320;ITARARE;05/2024;382.0
352320;ITARARE;06/2024;312.0
352320;ITARARE;07/2024;262.0
352320;ITARARE;08/2024;291.0
352320;ITARARE;09/2024;288.0
352320;ITARARE;10/2024;398.0
352320;ITARARE;11/2024;499.0
352320;ITARARE;12/2024;429.0
352340;ITATIBA;01/2024;582.0
352340;ITATIBA;02/2024;422.0
352340;ITATIBA;03/2024;563.0
352340;ITATIBA;04/2024;502.0
352340;ITATIBA;05/2024;456.0
352340;ITATIBA;06/2024;461.0
352340;ITATIBA;07/2024;506.0
352340;ITATIBA;08/2024;518.0
352340;ITATIBA;09/2024;531.0
352340;ITATIBA;10/2024;484.0
352340;ITATIBA;11/2024;425.0
352340;ITATIBA;12/2024;526.0
352350;ITATINGA;01/2024;15.0
352350;ITATINGA;02/2024;14.0
352350;ITATINGA;03/2024;25.0
352350;ITATINGA;04/2024;40.0
352350;ITATINGA;05/2024;30.0
352350;ITATINGA;06/2024;24.0
352350;ITATINGA;07/2024;32.0
352350;ITATINGA;08/2024;24.0
352350;ITATINGA;09/2024;20.0
352350;ITATINGA;10/2024;22.0
352350;ITATINGA;11/2024;28.0
352350;ITATINGA;12/2024;25.0
352360;ITIRAPINA;01/2024;12.0
352360;ITIRAPINA;02/2024;11.0
352360;ITIRAPINA;03/2024;9.0
352360;ITIRAPINA;04/2024;15.0
352360;ITIRAPINA;05/2024;9.0
352360;ITIRAPINA;06/2024;10.0
352360;ITIRAPINA;07/2024;10.0
352360;ITIRAPINA;08/2024;9.0
352360;ITIRAPINA;09/2024;15.0
352360;ITIRAPINA;10/2024;7.0
352360;ITIRAPINA;11/2024;13.0
352360;ITIRAPINA;12/2024;6.0
352390;ITU;01/2024;646.0
352390;ITU;02/2024;679.0
352390;ITU;03/2024;723.0
352390;ITU;04/2024;695.0
352390;ITU;05/2024;664.0
352390;ITU;06/2024;724.0
352390;ITU;07/2024;741.0
352390;ITU;08/2024;756.0
352390;ITU;09/2024;744.0
352390;ITU;10/2024;752.0
352390;ITU;11/2024;726.0
352390;ITU;12/2024;681.0
352400;ITUPEVA;01/2024;142.0
352400;ITUPEVA;02/2024;135.0
352400;ITUPEVA;03/2024;157.0
352400;ITUPEVA;04/2024;177.0
352400;ITUPEVA;05/2024;203.0
352400;ITUPEVA;06/2024;196.0
352400;ITUPEVA;07/2024;178.0
352400;ITUPEVA;08/2024;174.0
352400;ITUPEVA;09/2024;208.0
352400;ITUPEVA;10/2024;184.0
352400;ITUPEVA;11/2024;188.0
352400;ITUPEVA;12/2024;166.0
352410;ITUVERAVA;01/2024;271.0
352410;ITUVERAVA;02/2024;305.0
352410;ITUVERAVA;03/2024;283.0
352410;ITUVERAVA;04/2024;326.0
352410;ITUVERAVA;05/2024;312.0
352410;ITUVERAVA;06/2024;264.0
352410;ITUVERAVA;07/2024;300.0
352410;ITUVERAVA;08/2024;331.0
352410;ITUVERAVA;09/2024;273.0
352410;ITUVERAVA;10/2024;303.0
352410;ITUVERAVA;11/2024;284.0
352410;ITUVERAVA;12/2024;320.0
352420;JABORANDI;01/2024;6.0
352420;JABORANDI;02/2024;3.0
352420;JABORANDI;03/2024;11.0
352420;JABORANDI;04/2024;4.0
352420;JABORANDI;05/2024;7.0
352420;JABORANDI;06/2024;5.0
352420;JABORANDI;07/2024;1.0
352420;JABORANDI;08/2024;5.0
352420;JABORANDI;09/2024;6.0
352420;JABORANDI;10/2024;1.0
352420;JABORANDI;11/2024;5.0
352420;JABORANDI;12/2024;10.0
352430;JABOTICABAL;01/2024;155.0
352430;JABOTICABAL;02/2024;150.0
352430;JABOTICABAL;03/2024;190.0
352430;JABOTICABAL;04/2024;198.0
352430;JABOTICABAL;05/2024;176.0
352430;JABOTICABAL;06/2024;187.0
352430;JABOTICABAL;07/2024;185.0
352430;JABOTICABAL;08/2024;178.0
352430;JABOTICABAL;09/2024;193.0
352430;JABOTICABAL;10/2024;175.0
352430;JABOTICABAL;11/2024;177.0
352430;JABOTICABAL;12/2024;170.0
352440;JACAREI;01/2024;949.0
352440;JACAREI;02/2024;920.0
352440;JACAREI;03/2024;1120.0
352440;JACAREI;04/2024;1139.0
352440;JACAREI;05/2024;1175.0
352440;JACAREI;06/2024;1009.0
352440;JACAREI;07/2024;1160.0
352440;JACAREI;08/2024;1071.0
352440;JACAREI;09/2024;1080.0
352440;JACAREI;10/2024;1072.0
352440;JACAREI;11/2024;1051.0
352440;JACAREI;12/2024;1043.0
352450;JACI;01/2024;44.0
352450;JACI;02/2024;34.0
352450;JACI;03/2024;62.0
352450;JACI;04/2024;63.0
352450;JACI;05/2024;64.0
352450;JACI;06/2024;54.0
352450;JACI;07/2024;82.0
352450;JACI;08/2024;72.0
352450;JACI;09/2024;65.0
352450;JACI;10/2024;72.0
352450;JACI;11/2024;88.0
352450;JACI;12/2024;66.0
352470;JAGUARIUNA;01/2024;248.0
352470;JAGUARIUNA;02/2024;234.0
352470;JAGUARIUNA;03/2024;262.0
352470;JAGUARIUNA;04/2024;278.0
352470;JAGUARIUNA;05/2024;285.0
352470;JAGUARIUNA;06/2024;340.0
352470;JAGUARIUNA;07/2024;264.0
352470;JAGUARIUNA;08/2024;378.0
352470;JAGUARIUNA;09/2024;311.0
352470;JAGUARIUNA;10/2024;287.0
352470;JAGUARIUNA;11/2024;275.0
352470;JAGUARIUNA;12/2024;297.0
352480;JALES;01/2024;618.0
352480;JALES;02/2024;625.0
352480;JALES;03/2024;679.0
352480;JALES;04/2024;721.0
352480;JALES;05/2024;782.0
352480;JALES;06/2024;633.0
352480;JALES;07/2024;676.0
352480;JALES;08/2024;746.0
352480;JALES;09/2024;746.0
352480;JALES;10/2024;747.0
352480;JALES;11/2024;659.0
352480;JALES;12/2024;652.0
352520;JARINU;01/2024;12.0
352520;JARINU;02/2024;27.0
352520;JARINU;03/2024;40.0
352520;JARINU;04/2024;49.0
352520;JARINU;05/2024;64.0
352520;JARINU;06/2024;54.0
352520;JARINU;07/2024;51.0
352520;JARINU;08/2024;53.0
352520;JARINU;09/2024;38.0
352520;JARINU;10/2024;52.0
352520;JARINU;11/2024;40.0
352520;JARINU;12/2024;90.0
352530;JAU;01/2024;1927.0
352530;JAU;02/2024;2150.0
352530;JAU;03/2024;2272.0
352530;JAU;04/2024;2323.0
352530;JAU;05/2024;2343.0
352530;JAU;06/2024;2572.0
352530;JAU;07/2024;2339.0
352530;JAU;08/2024;2186.0
352530;JAU;09/2024;2183.0
352530;JAU;10/2024;2369.0
352530;JAU;11/2024;2239.0
352530;JAU;12/2024;2007.0
352550;JOANOPOLIS;01/2024;11.0
352550;JOANOPOLIS;02/2024;11.0
352550;JOANOPOLIS;03/2024;11.0
352550;JOANOPOLIS;04/2024;24.0
352550;JOANOPOLIS;05/2024;21.0
352550;JOANOPOLIS;06/2024;19.0
352550;JOANOPOLIS;07/2024;23.0
352550;JOANOPOLIS;08/2024;25.0
352550;JOANOPOLIS;09/2024;16.0
352550;JOANOPOLIS;10/2024;14.0
352550;JOANOPOLIS;11/2024;14.0
352550;JOANOPOLIS;12/2024;27.0
352570;JOSE BONIFACIO;01/2024;160.0
352570;JOSE BONIFACIO;02/2024;175.0
352570;JOSE BONIFACIO;03/2024;127.0
352570;JOSE BONIFACIO;04/2024;137.0
352570;JOSE BONIFACIO;05/2024;158.0
352570;JOSE BONIFACIO;06/2024;149.0
352570;JOSE BONIFACIO;07/2024;173.0
352570;JOSE BONIFACIO;08/2024;166.0
352570;JOSE BONIFACIO;09/2024;101.0
352570;JOSE BONIFACIO;10/2024;110.0
352570;JOSE BONIFACIO;11/2024;132.0
352570;JOSE BONIFACIO;12/2024;143.0
352590;JUNDIAI;01/2024;4152.0
352590;JUNDIAI;02/2024;3849.0
352590;JUNDIAI;03/2024;4226.0
352590;JUNDIAI;04/2024;4342.0
352590;JUNDIAI;05/2024;3970.0
352590;JUNDIAI;06/2024;3743.0
352590;JUNDIAI;07/2024;3958.0
352590;JUNDIAI;08/2024;4206.0
352590;JUNDIAI;09/2024;3898.0
352590;JUNDIAI;10/2024;4082.0
352590;JUNDIAI;11/2024;3690.0
352590;JUNDIAI;12/2024;3447.0
352600;JUNQUEIROPOLIS;01/2024;87.0
352600;JUNQUEIROPOLIS;02/2024;85.0
352600;JUNQUEIROPOLIS;03/2024;94.0
352600;JUNQUEIROPOLIS;04/2024;89.0
352600;JUNQUEIROPOLIS;05/2024;96.0
352600;JUNQUEIROPOLIS;06/2024;100.0
352600;JUNQUEIROPOLIS;07/2024;95.0
352600;JUNQUEIROPOLIS;08/2024;115.0
352600;JUNQUEIROPOLIS;09/2024;94.0
352600;JUNQUEIROPOLIS;10/2024;106.0
352600;JUNQUEIROPOLIS;11/2024;117.0
352600;JUNQUEIROPOLIS;12/2024;126.0
352640;LARANJAL PAULISTA;01/2024;125.0
352640;LARANJAL PAULISTA;02/2024;110.0
352640;LARANJAL PAULISTA;03/2024;131.0
352640;LARANJAL PAULISTA;04/2024;135.0
352640;LARANJAL PAULISTA;05/2024;140.0
352640;LARANJAL PAULISTA;06/2024;121.0
352640;LARANJAL PAULISTA;07/2024;125.0
352640;LARANJAL PAULISTA;08/2024;111.0
352640;LARANJAL PAULISTA;09/2024;123.0
352640;LARANJAL PAULISTA;10/2024;140.0
352640;LARANJAL PAULISTA;11/2024;117.0
352640;LARANJAL PAULISTA;12/2024;136.0
352670;LEME;01/2024;404.0
352670;LEME;02/2024;452.0
352670;LEME;03/2024;455.0
352670;LEME;04/2024;513.0
352670;LEME;05/2024;516.0
352670;LEME;06/2024;453.0
352670;LEME;07/2024;467.0
352670;LEME;08/2024;461.0
352670;LEME;09/2024;446.0
352670;LEME;10/2024;517.0
352670;LEME;11/2024;437.0
352670;LEME;12/2024;409.0
352680;LENCOIS PAULISTA;01/2024;187.0
352680;LENCOIS PAULISTA;02/2024;207.0
352680;LENCOIS PAULISTA;03/2024;241.0
352680;LENCOIS PAULISTA;04/2024;236.0
352680;LENCOIS PAULISTA;05/2024;241.0
352680;LENCOIS PAULISTA;06/2024;194.0
352680;LENCOIS PAULISTA;07/2024;215.0
352680;LENCOIS PAULISTA;08/2024;243.0
352680;LENCOIS PAULISTA;09/2024;209.0
352680;LENCOIS PAULISTA;10/2024;210.0
352680;LENCOIS PAULISTA;11/2024;213.0
352680;LENCOIS PAULISTA;12/2024;191.0
352690;LIMEIRA;01/2024;1177.0
352690;LIMEIRA;02/2024;1236.0
352690;LIMEIRA;03/2024;1318.0
352690;LIMEIRA;04/2024;1499.0
352690;LIMEIRA;05/2024;1481.0
352690;LIMEIRA;06/2024;1390.0
352690;LIMEIRA;07/2024;1367.0
352690;LIMEIRA;08/2024;1408.0
352690;LIMEIRA;09/2024;1354.0
352690;LIMEIRA;10/2024;1441.0
352690;LIMEIRA;11/2024;1325.0
352690;LIMEIRA;12/2024;1222.0
352710;LINS;01/2024;548.0
352710;LINS;02/2024;478.0
352710;LINS;03/2024;533.0
352710;LINS;04/2024;510.0
352710;LINS;05/2024;528.0
352710;LINS;06/2024;464.0
352710;LINS;07/2024;528.0
352710;LINS;08/2024;532.0
352710;LINS;09/2024;531.0
352710;LINS;10/2024;490.0
352710;LINS;11/2024;513.0
352710;LINS;12/2024;480.0
352720;LORENA;01/2024;468.0
352720;LORENA;02/2024;474.0
352720;LORENA;03/2024;502.0
352720;LORENA;04/2024;525.0
352720;LORENA;05/2024;473.0
352720;LORENA;06/2024;480.0
352720;LORENA;07/2024;468.0
352720;LORENA;08/2024;444.0
352720;LORENA;09/2024;400.0
352720;LORENA;10/2024;413.0
352720;LORENA;11/2024;384.0
352720;LORENA;12/2024;411.0
352730;LOUVEIRA;01/2024;248.0
352730;LOUVEIRA;02/2024;230.0
352730;LOUVEIRA;03/2024;250.0
352730;LOUVEIRA;04/2024;287.0
352730;LOUVEIRA;05/2024;233.0
352730;LOUVEIRA;06/2024;249.0
352730;LOUVEIRA;07/2024;232.0
352730;LOUVEIRA;08/2024;244.0
352730;LOUVEIRA;09/2024;226.0
352730;LOUVEIRA;10/2024;226.0
352730;LOUVEIRA;11/2024;210.0
352730;LOUVEIRA;12/2024;205.0
352740;LUCELIA;01/2024;37.0
352740;LUCELIA;02/2024;45.0
352740;LUCELIA;03/2024;46.0
352740;LUCELIA;04/2024;47.0
352740;LUCELIA;05/2024;46.0
352740;LUCELIA;06/2024;46.0
352740;LUCELIA;07/2024;45.0
352740;LUCELIA;08/2024;65.0
352740;LUCELIA;09/2024;37.0
352740;LUCELIA;10/2024;35.0
352740;LUCELIA;11/2024;44.0
352740;LUCELIA;12/2024;40.0
352800;MACATUBA;01/2024;61.0
352800;MACATUBA;02/2024;48.0
352800;MACATUBA;03/2024;76.0
352800;MACATUBA;04/2024;64.0
352800;MACATUBA;05/2024;91.0
352800;MACATUBA;06/2024;90.0
352800;MACATUBA;07/2024;71.0
352800;MACATUBA;08/2024;68.0
352800;MACATUBA;09/2024;66.0
352800;MACATUBA;10/2024;55.0
352800;MACATUBA;11/2024;10.0
352800;MACATUBA;12/2024;55.0
352810;MACAUBAL;01/2024;3.0
352810;MACAUBAL;02/2024;3.0
352810;MACAUBAL;03/2024;3.0
352810;MACAUBAL;04/2024;6.0
352810;MACAUBAL;05/2024;4.0
352810;MACAUBAL;06/2024;7.0
352810;MACAUBAL;07/2024;7.0
352810;MACAUBAL;08/2024;3.0
352810;MACAUBAL;09/2024;5.0
352810;MACAUBAL;10/2024;6.0
352810;MACAUBAL;11/2024;2.0
352810;MACAUBAL;12/2024;11.0
352850;MAIRIPORA;01/2024;250.0
352850;MAIRIPORA;02/2024;231.0
352850;MAIRIPORA;03/2024;306.0
352850;MAIRIPORA;04/2024;352.0
352850;MAIRIPORA;05/2024;306.0
352850;MAIRIPORA;06/2024;278.0
352850;MAIRIPORA;07/2024;276.0
352850;MAIRIPORA;08/2024;290.0
352850;MAIRIPORA;09/2024;311.0
352850;MAIRIPORA;10/2024;298.0
352850;MAIRIPORA;11/2024;281.0
352850;MAIRIPORA;12/2024;276.0
352880;MARACAI;01/2024;42.0
352880;MARACAI;02/2024;66.0
352880;MARACAI;03/2024;76.0
352880;MARACAI;04/2024;84.0
352880;MARACAI;05/2024;108.0
352880;MARACAI;06/2024;71.0
352880;MARACAI;07/2024;84.0
352880;MARACAI;08/2024;102.0
352880;MARACAI;09/2024;76.0
352880;MARACAI;10/2024;79.0
352880;MARACAI;11/2024;51.0
352880;MARACAI;12/2024;83.0
352900;MARILIA;01/2024;1976.0
352900;MARILIA;02/2024;2011.0
352900;MARILIA;03/2024;2333.0
352900;MARILIA;04/2024;2390.0
352900;MARILIA;05/2024;2487.0
352900;MARILIA;06/2024;2365.0
352900;MARILIA;07/2024;2251.0
352900;MARILIA;08/2024;2509.0
352900;MARILIA;09/2024;2407.0
352900;MARILIA;10/2024;2446.0
352900;MARILIA;11/2024;2393.0
352900;MARILIA;12/2024;2308.0
352920;MARTINOPOLIS;01/2024;176.0
352920;MARTINOPOLIS;02/2024;136.0
352920;MARTINOPOLIS;03/2024;147.0
352920;MARTINOPOLIS;04/2024;148.0
352920;MARTINOPOLIS;05/2024;111.0
352920;MARTINOPOLIS;06/2024;163.0
352920;MARTINOPOLIS;07/2024;179.0
352920;MARTINOPOLIS;08/2024;183.0
352920;MARTINOPOLIS;09/2024;246.0
352920;MARTINOPOLIS;10/2024;217.0
352920;MARTINOPOLIS;11/2024;187.0
352920;MARTINOPOLIS;12/2024;226.0
352930;MATAO;01/2024;457.0
352930;MATAO;02/2024;442.0
352930;MATAO;03/2024;532.0
352930;MATAO;04/2024;517.0
352930;MATAO;05/2024;523.0
352930;MATAO;06/2024;457.0
352930;MATAO;07/2024;444.0
352930;MATAO;08/2024;538.0
352930;MATAO;09/2024;588.0
352930;MATAO;10/2024;473.0
352930;MATAO;11/2024;527.0
352930;MATAO;12/2024;257.0
352940;MAUA;01/2024;1272.0
352940;MAUA;02/2024;1313.0
352940;MAUA;03/2024;1417.0
352940;MAUA;04/2024;1147.0
352940;MAUA;05/2024;1324.0
352940;MAUA;06/2024;1290.0
352940;MAUA;07/2024;1612.0
352940;MAUA;08/2024;1478.0
352940;MAUA;09/2024;1325.0
352940;MAUA;10/2024;1290.0
352940;MAUA;11/2024;1089.0
352940;MAUA;12/2024;948.0
352970;MIGUELOPOLIS;01/2024;81.0
352970;MIGUELOPOLIS;02/2024;81.0
352970;MIGUELOPOLIS;03/2024;135.0
352970;MIGUELOPOLIS;04/2024;106.0
352970;MIGUELOPOLIS;05/2024;137.0
352970;MIGUELOPOLIS;06/2024;116.0
352970;MIGUELOPOLIS;07/2024;102.0
352970;MIGUELOPOLIS;08/2024;92.0
352970;MIGUELOPOLIS;09/2024;100.0
352970;MIGUELOPOLIS;10/2024;93.0
352970;MIGUELOPOLIS;11/2024;81.0
352970;MIGUELOPOLIS;12/2024;64.0
353010;MIRANDOPOLIS;01/2024;258.0
353010;MIRANDOPOLIS;02/2024;272.0
353010;MIRANDOPOLIS;03/2024;265.0
353010;MIRANDOPOLIS;04/2024;401.0
353010;MIRANDOPOLIS;05/2024;394.0
353010;MIRANDOPOLIS;06/2024;302.0
353010;MIRANDOPOLIS;07/2024;317.0
353010;MIRANDOPOLIS;08/2024;317.0
353010;MIRANDOPOLIS;09/2024;345.0
353010;MIRANDOPOLIS;10/2024;189.0
353010;MIRANDOPOLIS;11/2024;327.0
353010;MIRANDOPOLIS;12/2024;263.0
353030;MIRASSOL;01/2024;162.0
353030;MIRASSOL;02/2024;154.0
353030;MIRASSOL;03/2024;170.0
353030;MIRASSOL;04/2024;171.0
353030;MIRASSOL;05/2024;163.0
353030;MIRASSOL;06/2024;186.0
353030;MIRASSOL;07/2024;195.0
353030;MIRASSOL;08/2024;161.0
353030;MIRASSOL;09/2024;207.0
353030;MIRASSOL;10/2024;197.0
353030;MIRASSOL;11/2024;162.0
353030;MIRASSOL;12/2024;128.0
353050;MOCOCA;01/2024;261.0
353050;MOCOCA;02/2024;176.0
353050;MOCOCA;03/2024;628.0
353050;MOCOCA;04/2024;509.0
353050;MOCOCA;05/2024;445.0
353050;MOCOCA;06/2024;368.0
353050;MOCOCA;07/2024;474.0
353050;MOCOCA;08/2024;410.0
353050;MOCOCA;09/2024;438.0
353050;MOCOCA;10/2024;437.0
353050;MOCOCA;11/2024;395.0
353050;MOCOCA;12/2024;444.0
353060;MOGI DAS CRUZES;01/2024;1618.0
353060;MOGI DAS CRUZES;02/2024;3386.0
353060;MOGI DAS CRUZES;03/2024;2693.0
353060;MOGI DAS CRUZES;04/2024;2930.0
353060;MOGI DAS CRUZES;05/2024;2882.0
353060;MOGI DAS CRUZES;06/2024;2654.0
353060;MOGI DAS CRUZES;07/2024;2722.0
353060;MOGI DAS CRUZES;08/2024;2890.0
353060;MOGI DAS CRUZES;09/2024;2630.0
353060;MOGI DAS CRUZES;10/2024;3012.0
353060;MOGI DAS CRUZES;11/2024;2908.0
353060;MOGI DAS CRUZES;12/2024;2482.0
353070;MOGI GUACU;01/2024;794.0
353070;MOGI GUACU;02/2024;765.0
353070;MOGI GUACU;03/2024;845.0
353070;MOGI GUACU;04/2024;845.0
353070;MOGI GUACU;05/2024;901.0
353070;MOGI GUACU;06/2024;835.0
353070;MOGI GUACU;07/2024;847.0
353070;MOGI GUACU;08/2024;899.0
353070;MOGI GUACU;09/2024;835.0
353070;MOGI GUACU;10/2024;844.0
353070;MOGI GUACU;11/2024;863.0
353070;MOGI GUACU;12/2024;813.0
353080;MOGI MIRIM;01/2024;276.0
353080;MOGI MIRIM;02/2024;289.0
353080;MOGI MIRIM;03/2024;395.0
353080;MOGI MIRIM;04/2024;425.0
353080;MOGI MIRIM;05/2024;431.0
353080;MOGI MIRIM;06/2024;472.0
353080;MOGI MIRIM;07/2024;400.0
353080;MOGI MIRIM;08/2024;395.0
353080;MOGI MIRIM;09/2024;377.0
353080;MOGI MIRIM;10/2024;359.0
353080;MOGI MIRIM;11/2024;338.0
353080;MOGI MIRIM;12/2024;361.0
353110;MONGAGUA;01/2024;114.0
353110;MONGAGUA;02/2024;75.0
353110;MONGAGUA;03/2024;60.0
353110;MONGAGUA;04/2024;141.0
353110;MONGAGUA;05/2024;92.0
353110;MONGAGUA;06/2024;74.0
353110;MONGAGUA;07/2024;63.0
353110;MONGAGUA;08/2024;66.0
353110;MONGAGUA;09/2024;64.0
353110;MONGAGUA;10/2024;71.0
353110;MONGAGUA;11/2024;68.0
353130;MONTE ALTO;01/2024;203.0
353130;MONTE ALTO;02/2024;215.0
353130;MONTE ALTO;03/2024;241.0
353130;MONTE ALTO;04/2024;254.0
353130;MONTE ALTO;05/2024;259.0
353130;MONTE ALTO;06/2024;233.0
353130;MONTE ALTO;07/2024;194.0
353130;MONTE ALTO;08/2024;206.0
353130;MONTE ALTO;09/2024;233.0
353130;MONTE ALTO;10/2024;219.0
353130;MONTE ALTO;11/2024;191.0
353130;MONTE ALTO;12/2024;219.0
353140;MONTE APRAZIVEL;01/2024;161.0
353140;MONTE APRAZIVEL;02/2024;167.0
353140;MONTE APRAZIVEL;03/2024;190.0
353140;MONTE APRAZIVEL;04/2024;216.0
353140;MONTE APRAZIVEL;05/2024;215.0
353140;MONTE APRAZIVEL;06/2024;229.0
353140;MONTE APRAZIVEL;07/2024;218.0
353140;MONTE APRAZIVEL;08/2024;188.0
353140;MONTE APRAZIVEL;09/2024;217.0
353140;MONTE APRAZIVEL;10/2024;216.0
353140;MONTE APRAZIVEL;11/2024;170.0
353140;MONTE APRAZIVEL;12/2024;174.0
353150;MONTE AZUL PAULISTA;01/2024;95.0
353150;MONTE AZUL PAULISTA;02/2024;93.0
353150;MONTE AZUL PAULISTA;03/2024;93.0
353150;MONTE AZUL PAULISTA;04/2024;98.0
353150;MONTE AZUL PAULISTA;05/2024;93.0
353150;MONTE AZUL PAULISTA;06/2024;98.0
353150;MONTE AZUL PAULISTA;07/2024;76.0
353150;MONTE AZUL PAULISTA;08/2024;129.0
353150;MONTE AZUL PAULISTA;09/2024;134.0
353150;MONTE AZUL PAULISTA;10/2024;139.0
353150;MONTE AZUL PAULISTA;11/2024;156.0
353150;MONTE AZUL PAULISTA;12/2024;134.0
353180;MONTE MOR;01/2024;99.0
353180;MONTE MOR;02/2024;84.0
353180;MONTE MOR;03/2024;107.0
353180;MONTE MOR;04/2024;93.0
353180;MONTE MOR;05/2024;104.0
353180;MONTE MOR;06/2024;109.0
353180;MONTE MOR;07/2024;85.0
353180;MONTE MOR;08/2024;94.0
353180;MONTE MOR;09/2024;84.0
353180;MONTE MOR;10/2024;94.0
353180;MONTE MOR;11/2024;87.0
353180;MONTE MOR;12/2024;84.0
353190;MORRO AGUDO;01/2024;157.0
353190;MORRO AGUDO;02/2024;162.0
353190;MORRO AGUDO;03/2024;157.0
353190;MORRO AGUDO;04/2024;152.0
353190;MORRO AGUDO;05/2024;214.0
353190;MORRO AGUDO;06/2024;167.0
353190;MORRO AGUDO;07/2024;151.0
353190;MORRO AGUDO;08/2024;158.0
353190;MORRO AGUDO;09/2024;139.0
353190;MORRO AGUDO;10/2024;146.0
353190;MORRO AGUDO;11/2024;108.0
353190;MORRO AGUDO;12/2024;109.0
353200;MORUNGABA;01/2024;7.0
353200;MORUNGABA;02/2024;9.0
353200;MORUNGABA;03/2024;21.0
353200;MORUNGABA;04/2024;13.0
353200;MORUNGABA;05/2024;14.0
353200;MORUNGABA;06/2024;18.0
353200;MORUNGABA;07/2024;13.0
353200;MORUNGABA;08/2024;14.0
353200;MORUNGABA;09/2024;16.0
353200;MORUNGABA;10/2024;17.0
353200;MORUNGABA;11/2024;9.0
353200;MORUNGABA;12/2024;11.0
353240;NAZARE PAULISTA;01/2024;36.0
353240;NAZARE PAULISTA;02/2024;37.0
353240;NAZARE PAULISTA;03/2024;49.0
353240;NAZARE PAULISTA;04/2024;56.0
353240;NAZARE PAULISTA;05/2024;64.0
353240;NAZARE PAULISTA;06/2024;51.0
353240;NAZARE PAULISTA;07/2024;51.0
353240;NAZARE PAULISTA;08/2024;45.0
353240;NAZARE PAULISTA;09/2024;38.0
353240;NAZARE PAULISTA;10/2024;44.0
353240;NAZARE PAULISTA;11/2024;63.0
353240;NAZARE PAULISTA;12/2024;32.0
353250;NEVES PAULISTA;02/2024;3.0
353250;NEVES PAULISTA;03/2024;3.0
353250;NEVES PAULISTA;04/2024;6.0
353250;NEVES PAULISTA;05/2024;9.0
353250;NEVES PAULISTA;06/2024;6.0
353250;NEVES PAULISTA;07/2024;3.0
353250;NEVES PAULISTA;08/2024;2.0
353250;NEVES PAULISTA;09/2024;6.0
353250;NEVES PAULISTA;10/2024;4.0
353250;NEVES PAULISTA;11/2024;3.0
353250;NEVES PAULISTA;12/2024;3.0
353260;NHANDEARA;01/2024;99.0
353260;NHANDEARA;02/2024;107.0
353260;NHANDEARA;03/2024;127.0
353260;NHANDEARA;04/2024;154.0
353260;NHANDEARA;05/2024;189.0
353260;NHANDEARA;06/2024;172.0
353260;NHANDEARA;07/2024;168.0
353260;NHANDEARA;08/2024;157.0
353260;NHANDEARA;09/2024;161.0
353260;NHANDEARA;10/2024;168.0
353260;NHANDEARA;11/2024;149.0
353260;NHANDEARA;12/2024;178.0
353290;NOVA EUROPA;01/2024;18.0
353290;NOVA EUROPA;02/2024;17.0
353290;NOVA EUROPA;03/2024;22.0
353290;NOVA EUROPA;04/2024;16.0
353290;NOVA EUROPA;05/2024;19.0
353290;NOVA EUROPA;06/2024;22.0
353290;NOVA EUROPA;07/2024;17.0
353290;NOVA EUROPA;08/2024;14.0
353290;NOVA EUROPA;09/2024;33.0
353290;NOVA EUROPA;10/2024;29.0
353290;NOVA EUROPA;11/2024;23.0
353290;NOVA EUROPA;12/2024;29.0
353300;NOVA GRANADA;01/2024;113.0
353300;NOVA GRANADA;02/2024;107.0
353300;NOVA GRANADA;03/2024;123.0
353300;NOVA GRANADA;04/2024;118.0
353300;NOVA GRANADA;05/2024;125.0
353300;NOVA GRANADA;06/2024;163.0
353300;NOVA GRANADA;07/2024;127.0
353300;NOVA GRANADA;08/2024;148.0
353300;NOVA GRANADA;09/2024;150.0
353300;NOVA GRANADA;10/2024;138.0
353300;NOVA GRANADA;11/2024;107.0
353300;NOVA GRANADA;12/2024;132.0
353340;NOVA ODESSA;01/2024;111.0
353340;NOVA ODESSA;02/2024;105.0
353340;NOVA ODESSA;03/2024;124.0
353340;NOVA ODESSA;04/2024;121.0
353340;NOVA ODESSA;05/2024;141.0
353340;NOVA ODESSA;06/2024;117.0
353340;NOVA ODESSA;07/2024;126.0
353340;NOVA ODESSA;08/2024;130.0
353340;NOVA ODESSA;09/2024;106.0
353340;NOVA ODESSA;10/2024;123.0
353340;NOVA ODESSA;11/2024;69.0
353340;NOVA ODESSA;12/2024;181.0
353350;NOVO HORIZONTE;01/2024;203.0
353350;NOVO HORIZONTE;02/2024;163.0
353350;NOVO HORIZONTE;03/2024;219.0
353350;NOVO HORIZONTE;04/2024;218.0
353350;NOVO HORIZONTE;05/2024;241.0
353350;NOVO HORIZONTE;06/2024;210.0
353350;NOVO HORIZONTE;07/2024;196.0
353350;NOVO HORIZONTE;08/2024;208.0
353350;NOVO HORIZONTE;09/2024;207.0
353350;NOVO HORIZONTE;10/2024;227.0
353350;NOVO HORIZONTE;11/2024;190.0
353350;NOVO HORIZONTE;12/2024;193.0
353390;OLIMPIA;01/2024;247.0
353390;OLIMPIA;02/2024;267.0
353390;OLIMPIA;03/2024;359.0
353390;OLIMPIA;04/2024;320.0
353390;OLIMPIA;05/2024;362.0
353390;OLIMPIA;06/2024;351.0
353390;OLIMPIA;07/2024;280.0
353390;OLIMPIA;08/2024;350.0
353390;OLIMPIA;09/2024;285.0
353390;OLIMPIA;10/2024;316.0
353390;OLIMPIA;11/2024;313.0
353390;OLIMPIA;12/2024;266.0
353430;ORLANDIA;01/2024;195.0
353430;ORLANDIA;02/2024;247.0
353430;ORLANDIA;03/2024;280.0
353430;ORLANDIA;04/2024;199.0
353430;ORLANDIA;05/2024;203.0
353430;ORLANDIA;06/2024;204.0
353430;ORLANDIA;07/2024;201.0
353430;ORLANDIA;08/2024;179.0
353430;ORLANDIA;09/2024;197.0
353430;ORLANDIA;10/2024;193.0
353430;ORLANDIA;11/2024;207.0
353430;ORLANDIA;12/2024;204.0
353440;OSASCO;01/2024;2450.0
353440;OSASCO;02/2024;2254.0
353440;OSASCO;03/2024;2303.0
353440;OSASCO;04/2024;2541.0
353440;OSASCO;05/2024;2471.0
353440;OSASCO;06/2024;2250.0
353440;OSASCO;07/2024;2525.0
353440;OSASCO;08/2024;2303.0
353440;OSASCO;09/2024;2312.0
353440;OSASCO;10/2024;2285.0
353440;OSASCO;11/2024;2283.0
353440;OSASCO;12/2024;2111.0
353460;OSVALDO CRUZ;01/2024;173.0
353460;OSVALDO CRUZ;02/2024;184.0
353460;OSVALDO CRUZ;03/2024;204.0
353460;OSVALDO CRUZ;04/2024;210.0
353460;OSVALDO CRUZ;05/2024;188.0
353460;OSVALDO CRUZ;06/2024;216.0
353460;OSVALDO CRUZ;07/2024;190.0
353460;OSVALDO CRUZ;08/2024;214.0
353460;OSVALDO CRUZ;09/2024;243.0
353460;OSVALDO CRUZ;10/2024;233.0
353460;OSVALDO CRUZ;11/2024;219.0
353460;OSVALDO CRUZ;12/2024;201.0
353470;OURINHOS;01/2024;2287.0
353470;OURINHOS;02/2024;872.0
353470;OURINHOS;03/2024;895.0
353470;OURINHOS;04/2024;842.0
353470;OURINHOS;05/2024;904.0
353470;OURINHOS;06/2024;861.0
353470;OURINHOS;07/2024;929.0
353470;OURINHOS;08/2024;934.0
353470;OURINHOS;09/2024;954.0
353470;OURINHOS;10/2024;1003.0
353470;OURINHOS;11/2024;889.0
353470;OURINHOS;12/2024;1113.0
353475;OUROESTE;01/2024;57.0
353475;OUROESTE;02/2024;35.0
353475;OUROESTE;03/2024;63.0
353475;OUROESTE;04/2024;69.0
353475;OUROESTE;05/2024;61.0
353475;OUROESTE;06/2024;41.0
353475;OUROESTE;07/2024;30.0
353475;OUROESTE;08/2024;57.0
353475;OUROESTE;09/2024;59.0
353475;OUROESTE;10/2024;45.0
353475;OUROESTE;11/2024;42.0
353475;OUROESTE;12/2024;45.0
353520;PALMEIRA D'OESTE;01/2024;47.0
353520;PALMEIRA D'OESTE;02/2024;51.0
353520;PALMEIRA D'OESTE;03/2024;67.0
353520;PALMEIRA D'OESTE;04/2024;86.0
353520;PALMEIRA D'OESTE;05/2024;84.0
353520;PALMEIRA D'OESTE;06/2024;90.0
353520;PALMEIRA D'OESTE;07/2024;76.0
353520;PALMEIRA D'OESTE;08/2024;75.0
353520;PALMEIRA D'OESTE;09/2024;82.0
353520;PALMEIRA D'OESTE;10/2024;56.0
353520;PALMEIRA D'OESTE;11/2024;54.0
353520;PALMEIRA D'OESTE;12/2024;75.0
353530;PALMITAL;01/2024;146.0
353530;PALMITAL;02/2024;132.0
353530;PALMITAL;03/2024;161.0
353530;PALMITAL;04/2024;172.0
353530;PALMITAL;05/2024;176.0
353530;PALMITAL;06/2024;155.0
353530;PALMITAL;07/2024;161.0
353530;PALMITAL;08/2024;193.0
353530;PALMITAL;09/2024;185.0
353530;PALMITAL;10/2024;167.0
353530;PALMITAL;11/2024;156.0
353530;PALMITAL;12/2024;110.0
353550;PARAGUACU PAULISTA;01/2024;321.0
353550;PARAGUACU PAULISTA;02/2024;305.0
353550;PARAGUACU PAULISTA;03/2024;337.0
353550;PARAGUACU PAULISTA;04/2024;319.0
353550;PARAGUACU PAULISTA;05/2024;252.0
353550;PARAGUACU PAULISTA;06/2024;343.0
353550;PARAGUACU PAULISTA;07/2024;354.0
353550;PARAGUACU PAULISTA;08/2024;325.0
353550;PARAGUACU PAULISTA;09/2024;351.0
353550;PARAGUACU PAULISTA;10/2024;353.0
353550;PARAGUACU PAULISTA;11/2024;304.0
353550;PARAGUACU PAULISTA;12/2024;616.0
353580;PARANAPANEMA;01/2024;89.0
353580;PARANAPANEMA;02/2024;49.0
353580;PARANAPANEMA;03/2024;72.0
353580;PARANAPANEMA;04/2024;75.0
353580;PARANAPANEMA;05/2024;67.0
353580;PARANAPANEMA;06/2024;96.0
353580;PARANAPANEMA;07/2024;71.0
353580;PARANAPANEMA;08/2024;75.0
353580;PARANAPANEMA;09/2024;54.0
353580;PARANAPANEMA;10/2024;60.0
353580;PARANAPANEMA;11/2024;50.0
353580;PARANAPANEMA;12/2024;66.0
353620;PARIQUERA-ACU;01/2024;693.0
353620;PARIQUERA-ACU;02/2024;614.0
353620;PARIQUERA-ACU;03/2024;898.0
353620;PARIQUERA-ACU;04/2024;881.0
353620;PARIQUERA-ACU;05/2024;762.0
353620;PARIQUERA-ACU;06/2024;791.0
353620;PARIQUERA-ACU;07/2024;711.0
353620;PARIQUERA-ACU;08/2024;817.0
353620;PARIQUERA-ACU;09/2024;764.0
353620;PARIQUERA-ACU;10/2024;736.0
353620;PARIQUERA-ACU;11/2024;818.0
353620;PARIQUERA-ACU;12/2024;754.0
353630;PATROCINIO PAULISTA;01/2024;36.0
353630;PATROCINIO PAULISTA;02/2024;50.0
353630;PATROCINIO PAULISTA;03/2024;69.0
353630;PATROCINIO PAULISTA;04/2024;75.0
353630;PATROCINIO PAULISTA;05/2024;65.0
353630;PATROCINIO PAULISTA;06/2024;65.0
353630;PATROCINIO PAULISTA;07/2024;66.0
353630;PATROCINIO PAULISTA;08/2024;83.0
353630;PATROCINIO PAULISTA;09/2024;103.0
353630;PATROCINIO PAULISTA;10/2024;88.0
353630;PATROCINIO PAULISTA;11/2024;63.0
353630;PATROCINIO PAULISTA;12/2024;56.0
353650;PAULINIA;01/2024;859.0
353650;PAULINIA;02/2024;565.0
353650;PAULINIA;03/2024;700.0
353650;PAULINIA;04/2024;630.0
353650;PAULINIA;05/2024;726.0
353650;PAULINIA;06/2024;732.0
353650;PAULINIA;07/2024;665.0
353650;PAULINIA;08/2024;696.0
353650;PAULINIA;09/2024;685.0
353650;PAULINIA;10/2024;760.0
353650;PAULINIA;11/2024;719.0
353650;PAULINIA;12/2024;605.0
353660;PAULO DE FARIA;01/2024;15.0
353660;PAULO DE FARIA;02/2024;23.0
353660;PAULO DE FARIA;03/2024;15.0
353660;PAULO DE FARIA;04/2024;10.0
353660;PAULO DE FARIA;05/2024;11.0
353660;PAULO DE FARIA;06/2024;5.0
353660;PAULO DE FARIA;07/2024;2.0
353660;PAULO DE FARIA;08/2024;4.0
353660;PAULO DE FARIA;09/2024;8.0
353660;PAULO DE FARIA;10/2024;10.0
353660;PAULO DE FARIA;11/2024;11.0
353660;PAULO DE FARIA;12/2024;3.0
353670;PEDERNEIRAS;01/2024;174.0
353670;PEDERNEIRAS;02/2024;193.0
353670;PEDERNEIRAS;03/2024;194.0
353670;PEDERNEIRAS;04/2024;220.0
353670;PEDERNEIRAS;05/2024;151.0
353670;PEDERNEIRAS;06/2024;172.0
353670;PEDERNEIRAS;07/2024;152.0
353670;PEDERNEIRAS;08/2024;182.0
353670;PEDERNEIRAS;09/2024;188.0
353670;PEDERNEIRAS;10/2024;175.0
353670;PEDERNEIRAS;11/2024;164.0
353670;PEDERNEIRAS;12/2024;153.0
353700;PEDREGULHO;01/2024;64.0
353700;PEDREGULHO;02/2024;59.0
353700;PEDREGULHO;03/2024;76.0
353700;PEDREGULHO;04/2024;90.0
353700;PEDREGULHO;05/2024;84.0
353700;PEDREGULHO;06/2024;81.0
353700;PEDREGULHO;07/2024;80.0
353700;PEDREGULHO;08/2024;86.0
353700;PEDREGULHO;09/2024;61.0
353700;PEDREGULHO;10/2024;64.0
353700;PEDREGULHO;11/2024;96.0
353700;PEDREGULHO;12/2024;103.0
353710;PEDREIRA;01/2024;81.0
353710;PEDREIRA;02/2024;76.0
353710;PEDREIRA;03/2024;104.0
353710;PEDREIRA;04/2024;107.0
353710;PEDREIRA;05/2024;95.0
353710;PEDREIRA;06/2024;88.0
353710;PEDREIRA;07/2024;101.0
353710;PEDREIRA;08/2024;92.0
353710;PEDREIRA;09/2024;92.0
353710;PEDREIRA;10/2024;80.0
353710;PEDREIRA;11/2024;69.0
353710;PEDREIRA;12/2024;63.0
353730;PENAPOLIS;01/2024;382.0
353730;PENAPOLIS;02/2024;438.0
353730;PENAPOLIS;03/2024;598.0
353730;PENAPOLIS;04/2024;469.0
353730;PENAPOLIS;05/2024;510.0
353730;PENAPOLIS;06/2024;462.0
353730;PENAPOLIS;07/2024;504.0
353730;PENAPOLIS;08/2024;428.0
353730;PENAPOLIS;09/2024;511.0
353730;PENAPOLIS;10/2024;547.0
353730;PENAPOLIS;11/2024;461.0
353730;PENAPOLIS;12/2024;481.0
353740;PEREIRA BARRETO;01/2024;84.0
353740;PEREIRA BARRETO;02/2024;62.0
353740;PEREIRA BARRETO;03/2024;66.0
353740;PEREIRA BARRETO;04/2024;66.0
353740;PEREIRA BARRETO;05/2024;64.0
353740;PEREIRA BARRETO;06/2024;69.0
353740;PEREIRA BARRETO;07/2024;84.0
353740;PEREIRA BARRETO;08/2024;77.0
353740;PEREIRA BARRETO;09/2024;80.0
353740;PEREIRA BARRETO;10/2024;74.0
353740;PEREIRA BARRETO;11/2024;71.0
353740;PEREIRA BARRETO;12/2024;49.0
353780;PIEDADE;01/2024;248.0
353780;PIEDADE;02/2024;209.0
353780;PIEDADE;03/2024;210.0
353780;PIEDADE;04/2024;270.0
353780;PIEDADE;05/2024;210.0
353780;PIEDADE;06/2024;262.0
353780;PIEDADE;07/2024;220.0
353780;PIEDADE;08/2024;222.0
353780;PIEDADE;09/2024;300.0
353780;PIEDADE;10/2024;225.0
353780;PIEDADE;11/2024;217.0
353780;PIEDADE;12/2024;198.0
353790;PILAR DO SUL;01/2024;66.0
353790;PILAR DO SUL;02/2024;72.0
353790;PILAR DO SUL;03/2024;90.0
353790;PILAR DO SUL;04/2024;43.0
353790;PILAR DO SUL;05/2024;76.0
353790;PILAR DO SUL;06/2024;89.0
353790;PILAR DO SUL;07/2024;137.0
353790;PILAR DO SUL;08/2024;117.0
353790;PILAR DO SUL;09/2024;89.0
353790;PILAR DO SUL;10/2024;93.0
353790;PILAR DO SUL;11/2024;59.0
353790;PILAR DO SUL;12/2024;69.0
353800;PINDAMONHANGABA;01/2024;539.0
353800;PINDAMONHANGABA;02/2024;534.0
353800;PINDAMONHANGABA;03/2024;629.0
353800;PINDAMONHANGABA;04/2024;741.0
353800;PINDAMONHANGABA;05/2024;606.0
353800;PINDAMONHANGABA;06/2024;633.0
353800;PINDAMONHANGABA;07/2024;597.0
353800;PINDAMONHANGABA;08/2024;648.0
353800;PINDAMONHANGABA;09/2024;655.0
353800;PINDAMONHANGABA;10/2024;668.0
353800;PINDAMONHANGABA;11/2024;545.0
353800;PINDAMONHANGABA;12/2024;479.0
353860;PIRACAIA;01/2024;37.0
353860;PIRACAIA;02/2024;45.0
353860;PIRACAIA;03/2024;48.0
353860;PIRACAIA;04/2024;41.0
353860;PIRACAIA;05/2024;59.0
353860;PIRACAIA;06/2024;82.0
353860;PIRACAIA;07/2024;61.0
353860;PIRACAIA;08/2024;48.0
353860;PIRACAIA;09/2024;68.0
353860;PIRACAIA;10/2024;72.0
353860;PIRACAIA;11/2024;59.0
353860;PIRACAIA;12/2024;39.0
353870;PIRACICABA;01/2024;3110.0
353870;PIRACICABA;02/2024;2992.0
353870;PIRACICABA;03/2024;3281.0
353870;PIRACICABA;04/2024;3159.0
353870;PIRACICABA;05/2024;3553.0
353870;PIRACICABA;06/2024;3879.0
353870;PIRACICABA;07/2024;3189.0
353870;PIRACICABA;08/2024;3439.0
353870;PIRACICABA;09/2024;3134.0
353870;PIRACICABA;10/2024;3385.0
353870;PIRACICABA;11/2024;3251.0
353870;PIRACICABA;12/2024;3102.0
353880;PIRAJU;01/2024;179.0
353880;PIRAJU;02/2024;169.0
353880;PIRAJU;03/2024;236.0
353880;PIRAJU;04/2024;190.0
353880;PIRAJU;05/2024;198.0
353880;PIRAJU;06/2024;193.0
353880;PIRAJU;07/2024;161.0
353880;PIRAJU;08/2024;233.0
353880;PIRAJU;09/2024;218.0
353880;PIRAJU;10/2024;199.0
353880;PIRAJU;11/2024;139.0
353880;PIRAJU;12/2024;96.0
353890;PIRAJUI;01/2024;91.0
353890;PIRAJUI;02/2024;123.0
353890;PIRAJUI;03/2024;141.0
353890;PIRAJUI;04/2024;112.0
353890;PIRAJUI;05/2024;141.0
353890;PIRAJUI;06/2024;126.0
353890;PIRAJUI;07/2024;122.0
353890;PIRAJUI;08/2024;120.0
353890;PIRAJUI;09/2024;85.0
353890;PIRAJUI;10/2024;149.0
353890;PIRAJUI;11/2024;154.0
353890;PIRAJUI;12/2024;103.0
353900;PIRANGI;01/2024;61.0
353900;PIRANGI;02/2024;95.0
353900;PIRANGI;03/2024;91.0
353900;PIRANGI;04/2024;99.0
353900;PIRANGI;05/2024;96.0
353900;PIRANGI;06/2024;94.0
353900;PIRANGI;07/2024;66.0
353900;PIRANGI;08/2024;98.0
353900;PIRANGI;09/2024;103.0
353900;PIRANGI;10/2024;94.0
353900;PIRANGI;11/2024;74.0
353900;PIRANGI;12/2024;98.0
353930;PIRASSUNUNGA;01/2024;194.0
353930;PIRASSUNUNGA;02/2024;201.0
353930;PIRASSUNUNGA;03/2024;224.0
353930;PIRASSUNUNGA;04/2024;219.0
353930;PIRASSUNUNGA;05/2024;243.0
353930;PIRASSUNUNGA;06/2024;202.0
353930;PIRASSUNUNGA;07/2024;195.0
353930;PIRASSUNUNGA;08/2024;223.0
353930;PIRASSUNUNGA;09/2024;211.0
353930;PIRASSUNUNGA;10/2024;229.0
353930;PIRASSUNUNGA;11/2024;242.0
353930;PIRASSUNUNGA;12/2024;183.0
353940;PIRATININGA;01/2024;24.0
353940;PIRATININGA;02/2024;16.0
353940;PIRATININGA;03/2024;24.0
353940;PIRATININGA;04/2024;22.0
353940;PIRATININGA;05/2024;21.0
353940;PIRATININGA;06/2024;26.0
353940;PIRATININGA;07/2024;18.0
353940;PIRATININGA;08/2024;17.0
353940;PIRATININGA;09/2024;28.0
353940;PIRATININGA;10/2024;20.0
353940;PIRATININGA;11/2024;12.0
353940;PIRATININGA;12/2024;5.0
353950;PITANGUEIRAS;01/2024;116.0
353950;PITANGUEIRAS;02/2024;126.0
353950;PITANGUEIRAS;03/2024;125.0
353950;PITANGUEIRAS;04/2024;108.0
353950;PITANGUEIRAS;05/2024;127.0
353950;PITANGUEIRAS;06/2024;146.0
353950;PITANGUEIRAS;07/2024;136.0
353950;PITANGUEIRAS;08/2024;158.0
353950;PITANGUEIRAS;09/2024;205.0
353950;PITANGUEIRAS;10/2024;116.0
353950;PITANGUEIRAS;11/2024;140.0
353950;PITANGUEIRAS;12/2024;149.0
354000;POMPEIA;01/2024;26.0
354000;POMPEIA;02/2024;37.0
354000;POMPEIA;03/2024;40.0
354000;POMPEIA;04/2024;46.0
354000;POMPEIA;05/2024;40.0
354000;POMPEIA;06/2024;28.0
354000;POMPEIA;07/2024;8.0
354000;POMPEIA;08/2024;86.0
354000;POMPEIA;09/2024;136.0
354000;POMPEIA;10/2024;129.0
354000;POMPEIA;11/2024;79.0
354000;POMPEIA;12/2024;41.0
354020;PONTAL;01/2024;127.0
354020;PONTAL;02/2024;118.0
354020;PONTAL;03/2024;150.0
354020;PONTAL;04/2024;150.0
354020;PONTAL;05/2024;187.0
354020;PONTAL;06/2024;170.0
354020;PONTAL;07/2024;189.0
354020;PONTAL;08/2024;139.0
354020;PONTAL;09/2024;170.0
354020;PONTAL;10/2024;140.0
354020;PONTAL;11/2024;64.0
354020;PONTAL;12/2024;155.0
354040;POPULINA;01/2024;16.0
354040;POPULINA;02/2024;23.0
354040;POPULINA;03/2024;17.0
354040;POPULINA;04/2024;12.0
354040;POPULINA;05/2024;13.0
354040;POPULINA;06/2024;14.0
354040;POPULINA;07/2024;19.0
354040;POPULINA;08/2024;14.0
354040;POPULINA;09/2024;14.0
354040;POPULINA;10/2024;20.0
354040;POPULINA;11/2024;16.0
354040;POPULINA;12/2024;23.0
354060;PORTO FELIZ;01/2024;288.0
354060;PORTO FELIZ;02/2024;178.0
354060;PORTO FELIZ;03/2024;442.0
354060;PORTO FELIZ;04/2024;249.0
354060;PORTO FELIZ;05/2024;255.0
354060;PORTO FELIZ;06/2024;218.0
354060;PORTO FELIZ;07/2024;274.0
354060;PORTO FELIZ;08/2024;325.0
354060;PORTO FELIZ;09/2024;192.0
354060;PORTO FELIZ;10/2024;307.0
354060;PORTO FELIZ;11/2024;492.0
354060;PORTO FELIZ;12/2024;911.0
354070;PORTO FERREIRA;01/2024;185.0
354070;PORTO FERREIRA;02/2024;152.0
354070;PORTO FERREIRA;03/2024;174.0
354070;PORTO FERREIRA;04/2024;157.0
354070;PORTO FERREIRA;05/2024;172.0
354070;PORTO FERREIRA;06/2024;169.0
354070;PORTO FERREIRA;07/2024;160.0
354070;PORTO FERREIRA;08/2024;167.0
354070;PORTO FERREIRA;09/2024;163.0
354070;PORTO FERREIRA;10/2024;180.0
354070;PORTO FERREIRA;11/2024;166.0
354070;PORTO FERREIRA;12/2024;139.0
354080;POTIRENDABA;01/2024;48.0
354080;POTIRENDABA;02/2024;26.0
354080;POTIRENDABA;03/2024;32.0
354080;POTIRENDABA;04/2024;56.0
354080;POTIRENDABA;05/2024;67.0
354080;POTIRENDABA;06/2024;81.0
354080;POTIRENDABA;07/2024;85.0
354080;POTIRENDABA;08/2024;65.0
354080;POTIRENDABA;09/2024;103.0
354080;POTIRENDABA;10/2024;102.0
354080;POTIRENDABA;11/2024;100.0
354080;POTIRENDABA;12/2024;128.0
354100;PRAIA GRANDE;01/2024;834.0
354100;PRAIA GRANDE;02/2024;825.0
354100;PRAIA GRANDE;03/2024;854.0
354100;PRAIA GRANDE;04/2024;928.0
354100;PRAIA GRANDE;05/2024;940.0
354100;PRAIA GRANDE;06/2024;806.0
354100;PRAIA GRANDE;07/2024;745.0
354100;PRAIA GRANDE;08/2024;733.0
354100;PRAIA GRANDE;09/2024;798.0
354100;PRAIA GRANDE;10/2024;806.0
354100;PRAIA GRANDE;11/2024;770.0
354100;PRAIA GRANDE;12/2024;686.0
354120;PRESIDENTE BERNARDES;01/2024;99.0
354120;PRESIDENTE BERNARDES;02/2024;120.0
354120;PRESIDENTE BERNARDES;03/2024;119.0
354120;PRESIDENTE BERNARDES;04/2024;118.0
354120;PRESIDENTE BERNARDES;05/2024;120.0
354120;PRESIDENTE BERNARDES;06/2024;149.0
354120;PRESIDENTE BERNARDES;07/2024;101.0
354120;PRESIDENTE BERNARDES;08/2024;94.0
354120;PRESIDENTE BERNARDES;09/2024;111.0
354120;PRESIDENTE BERNARDES;10/2024;134.0
354120;PRESIDENTE BERNARDES;11/2024;126.0
354120;PRESIDENTE BERNARDES;12/2024;100.0
354130;PRESIDENTE EPITACIO;01/2024;227.0
354130;PRESIDENTE EPITACIO;02/2024;229.0
354130;PRESIDENTE EPITACIO;03/2024;238.0
354130;PRESIDENTE EPITACIO;04/2024;251.0
354130;PRESIDENTE EPITACIO;05/2024;282.0
354130;PRESIDENTE EPITACIO;06/2024;274.0
354130;PRESIDENTE EPITACIO;07/2024;290.0
354130;PRESIDENTE EPITACIO;08/2024;260.0
354130;PRESIDENTE EPITACIO;09/2024;240.0
354130;PRESIDENTE EPITACIO;10/2024;277.0
354130;PRESIDENTE EPITACIO;11/2024;244.0
354130;PRESIDENTE EPITACIO;12/2024;210.0
354140;PRESIDENTE PRUDENTE;01/2024;3172.0
354140;PRESIDENTE PRUDENTE;02/2024;2983.0
354140;PRESIDENTE PRUDENTE;03/2024;3146.0
354140;PRESIDENTE PRUDENTE;04/2024;3397.0
354140;PRESIDENTE PRUDENTE;05/2024;3189.0
354140;PRESIDENTE PRUDENTE;06/2024;3181.0
354140;PRESIDENTE PRUDENTE;07/2024;3034.0
354140;PRESIDENTE PRUDENTE;08/2024;3424.0
354140;PRESIDENTE PRUDENTE;09/2024;3123.0
354140;PRESIDENTE PRUDENTE;10/2024;3623.0
354140;PRESIDENTE PRUDENTE;11/2024;3395.0
354140;PRESIDENTE PRUDENTE;12/2024;3588.0
354150;PRESIDENTE VENCESLAU;01/2024;157.0
354150;PRESIDENTE VENCESLAU;02/2024;162.0
354150;PRESIDENTE VENCESLAU;03/2024;172.0
354150;PRESIDENTE VENCESLAU;04/2024;239.0
354150;PRESIDENTE VENCESLAU;05/2024;208.0
354150;PRESIDENTE VENCESLAU;06/2024;203.0
354150;PRESIDENTE VENCESLAU;07/2024;196.0
354150;PRESIDENTE VENCESLAU;08/2024;222.0
354150;PRESIDENTE VENCESLAU;09/2024;224.0
354150;PRESIDENTE VENCESLAU;10/2024;250.0
354150;PRESIDENTE VENCESLAU;11/2024;260.0
354150;PRESIDENTE VENCESLAU;12/2024;215.0
354160;PROMISSAO;01/2024;236.0
354160;PROMISSAO;02/2024;257.0
354160;PROMISSAO;03/2024;283.0
354160;PROMISSAO;04/2024;268.0
354160;PROMISSAO;05/2024;233.0
354160;PROMISSAO;06/2024;350.0
354160;PROMISSAO;07/2024;275.0
354160;PROMISSAO;08/2024;284.0
354160;PROMISSAO;09/2024;317.0
354160;PROMISSAO;10/2024;307.0
354160;PROMISSAO;11/2024;254.0
354160;PROMISSAO;12/2024;283.0
354190;QUELUZ;01/2024;20.0
354190;QUELUZ;02/2024;15.0
354190;QUELUZ;03/2024;30.0
354190;QUELUZ;04/2024;17.0
354190;QUELUZ;05/2024;11.0
354190;QUELUZ;06/2024;21.0
354190;QUELUZ;07/2024;14.0
354190;QUELUZ;08/2024;22.0
354190;QUELUZ;09/2024;14.0
354190;QUELUZ;10/2024;18.0
354190;QUELUZ;11/2024;11.0
354190;QUELUZ;12/2024;10.0
354220;RANCHARIA;01/2024;302.0
354220;RANCHARIA;02/2024;260.0
354220;RANCHARIA;03/2024;288.0
354220;RANCHARIA;04/2024;342.0
354220;RANCHARIA;05/2024;324.0
354220;RANCHARIA;06/2024;340.0
354220;RANCHARIA;07/2024;341.0
354220;RANCHARIA;08/2024;315.0
354220;RANCHARIA;09/2024;307.0
354220;RANCHARIA;10/2024;364.0
354220;RANCHARIA;11/2024;316.0
354220;RANCHARIA;12/2024;275.0
354240;REGENTE FEIJO;01/2024;40.0
354240;REGENTE FEIJO;02/2024;55.0
354240;REGENTE FEIJO;03/2024;59.0
354240;REGENTE FEIJO;04/2024;40.0
354240;REGENTE FEIJO;05/2024;37.0
354240;REGENTE FEIJO;06/2024;87.0
354240;REGENTE FEIJO;07/2024;77.0
354240;REGENTE FEIJO;08/2024;87.0
354240;REGENTE FEIJO;09/2024;80.0
354240;REGENTE FEIJO;10/2024;84.0
354240;REGENTE FEIJO;11/2024;71.0
354240;REGENTE FEIJO;12/2024;80.0
354260;REGISTRO;01/2024;829.0
354260;REGISTRO;02/2024;844.0
354260;REGISTRO;03/2024;895.0
354260;REGISTRO;04/2024;974.0
354260;REGISTRO;05/2024;1041.0
354260;REGISTRO;06/2024;962.0
354260;REGISTRO;07/2024;987.0
354260;REGISTRO;08/2024;1006.0
354260;REGISTRO;09/2024;914.0
354260;REGISTRO;10/2024;1045.0
354260;REGISTRO;11/2024;918.0
354260;REGISTRO;12/2024;750.0
354290;RIBEIRAO BONITO;01/2024;18.0
354290;RIBEIRAO BONITO;02/2024;23.0
354290;RIBEIRAO BONITO;03/2024;21.0
354290;RIBEIRAO BONITO;04/2024;19.0
354290;RIBEIRAO BONITO;05/2024;28.0
354290;RIBEIRAO BONITO;06/2024;23.0
354290;RIBEIRAO BONITO;07/2024;29.0
354290;RIBEIRAO BONITO;08/2024;31.0
354290;RIBEIRAO BONITO;09/2024;24.0
354290;RIBEIRAO BONITO;10/2024;30.0
354290;RIBEIRAO BONITO;11/2024;15.0
354290;RIBEIRAO BONITO;12/2024;12.0
354300;RIBEIRAO BRANCO;01/2024;36.0
354300;RIBEIRAO BRANCO;02/2024;26.0
354300;RIBEIRAO BRANCO;03/2024;27.0
354300;RIBEIRAO BRANCO;04/2024;28.0
354300;RIBEIRAO BRANCO;05/2024;36.0
354300;RIBEIRAO BRANCO;06/2024;39.0
354300;RIBEIRAO BRANCO;07/2024;40.0
354300;RIBEIRAO BRANCO;08/2024;40.0
354300;RIBEIRAO BRANCO;09/2024;24.0
354300;RIBEIRAO BRANCO;10/2024;14.0
354300;RIBEIRAO BRANCO;11/2024;18.0
354300;RIBEIRAO BRANCO;12/2024;43.0
354330;RIBEIRAO PIRES;01/2024;222.0
354330;RIBEIRAO PIRES;02/2024;169.0
354330;RIBEIRAO PIRES;03/2024;193.0
354330;RIBEIRAO PIRES;04/2024;195.0
354330;RIBEIRAO PIRES;05/2024;251.0
354330;RIBEIRAO PIRES;06/2024;140.0
354330;RIBEIRAO PIRES;07/2024;190.0
354330;RIBEIRAO PIRES;08/2024;175.0
354330;RIBEIRAO PIRES;09/2024;146.0
354330;RIBEIRAO PIRES;10/2024;165.0
354330;RIBEIRAO PIRES;11/2024;143.0
354330;RIBEIRAO PIRES;12/2024;145.0
354340;RIBEIRAO PRETO;01/2024;7335.0
354340;RIBEIRAO PRETO;02/2024;8342.0
354340;RIBEIRAO PRETO;03/2024;7669.0
354340;RIBEIRAO PRETO;04/2024;7045.0
354340;RIBEIRAO PRETO;05/2024;7000.0
354340;RIBEIRAO PRETO;06/2024;7012.0
354340;RIBEIRAO PRETO;07/2024;7014.0
354340;RIBEIRAO PRETO;08/2024;7464.0
354340;RIBEIRAO PRETO;09/2024;7382.0
354340;RIBEIRAO PRETO;10/2024;7599.0
354340;RIBEIRAO PRETO;11/2024;7198.0
354340;RIBEIRAO PRETO;12/2024;7196.0
354380;RINOPOLIS;01/2024;15.0
354380;RINOPOLIS;02/2024;13.0
354380;RINOPOLIS;03/2024;19.0
354380;RINOPOLIS;04/2024;14.0
354380;RINOPOLIS;05/2024;20.0
354380;RINOPOLIS;06/2024;24.0
354380;RINOPOLIS;07/2024;16.0
354380;RINOPOLIS;08/2024;24.0
354380;RINOPOLIS;09/2024;20.0
354380;RINOPOLIS;10/2024;18.0
354380;RINOPOLIS;11/2024;28.0
354380;RINOPOLIS;12/2024;19.0
354390;RIO CLARO;01/2024;735.0
354390;RIO CLARO;02/2024;770.0
354390;RIO CLARO;03/2024;838.0
354390;RIO CLARO;04/2024;861.0
354390;RIO CLARO;05/2024;870.0
354390;RIO CLARO;06/2024;817.0
354390;RIO CLARO;07/2024;889.0
354390;RIO CLARO;08/2024;837.0
354390;RIO CLARO;09/2024;896.0
354390;RIO CLARO;10/2024;872.0
354390;RIO CLARO;11/2024;806.0
354390;RIO CLARO;12/2024;829.0
354400;RIO DAS PEDRAS;01/2024;67.0
354400;RIO DAS PEDRAS;02/2024;82.0
354400;RIO DAS PEDRAS;03/2024;77.0
354400;RIO DAS PEDRAS;04/2024;87.0
354400;RIO DAS PEDRAS;05/2024;80.0
354400;RIO DAS PEDRAS;06/2024;76.0
354400;RIO DAS PEDRAS;07/2024;82.0
354400;RIO DAS PEDRAS;08/2024;73.0
354400;RIO DAS PEDRAS;09/2024;71.0
354400;RIO DAS PEDRAS;10/2024;42.0
354400;RIO DAS PEDRAS;11/2024;82.0
354400;RIO DAS PEDRAS;12/2024;75.0
354420;RIOLANDIA;01/2024;11.0
354420;RIOLANDIA;02/2024;7.0
354420;RIOLANDIA;03/2024;13.0
354420;RIOLANDIA;04/2024;13.0
354420;RIOLANDIA;05/2024;12.0
354420;RIOLANDIA;06/2024;8.0
354420;RIOLANDIA;07/2024;22.0
354420;RIOLANDIA;08/2024;18.0
354420;RIOLANDIA;09/2024;7.0
354420;RIOLANDIA;10/2024;6.0
354420;RIOLANDIA;11/2024;19.0
354420;RIOLANDIA;12/2024;15.0
354425;ROSANA;01/2024;265.0
354425;ROSANA;02/2024;219.0
354425;ROSANA;03/2024;290.0
354425;ROSANA;04/2024;245.0
354425;ROSANA;05/2024;256.0
354425;ROSANA;06/2024;325.0
354425;ROSANA;07/2024;243.0
354425;ROSANA;08/2024;275.0
354425;ROSANA;09/2024;300.0
354425;ROSANA;10/2024;290.0
354425;ROSANA;11/2024;261.0
354425;ROSANA;12/2024;282.0
354490;SALES OLIVEIRA;01/2024;16.0
354490;SALES OLIVEIRA;02/2024;18.0
354490;SALES OLIVEIRA;03/2024;25.0
354490;SALES OLIVEIRA;04/2024;36.0
354490;SALES OLIVEIRA;05/2024;29.0
354490;SALES OLIVEIRA;06/2024;40.0
354490;SALES OLIVEIRA;07/2024;27.0
354490;SALES OLIVEIRA;08/2024;23.0
354490;SALES OLIVEIRA;09/2024;36.0
354490;SALES OLIVEIRA;10/2024;27.0
354490;SALES OLIVEIRA;11/2024;23.0
354490;SALES OLIVEIRA;12/2024;22.0
354500;SALESOPOLIS;01/2024;21.0
354500;SALESOPOLIS;02/2024;29.0
354500;SALESOPOLIS;03/2024;53.0
354500;SALESOPOLIS;04/2024;60.0
354500;SALESOPOLIS;05/2024;53.0
354500;SALESOPOLIS;06/2024;33.0
354500;SALESOPOLIS;07/2024;62.0
354500;SALESOPOLIS;08/2024;55.0
354500;SALESOPOLIS;09/2024;35.0
354500;SALESOPOLIS;10/2024;37.0
354500;SALESOPOLIS;11/2024;38.0
354500;SALESOPOLIS;12/2024;48.0
354520;SALTO;01/2024;370.0
354520;SALTO;02/2024;390.0
354520;SALTO;03/2024;469.0
354520;SALTO;04/2024;455.0
354520;SALTO;05/2024;511.0
354520;SALTO;06/2024;452.0
354520;SALTO;07/2024;418.0
354520;SALTO;08/2024;476.0
354520;SALTO;09/2024;456.0
354520;SALTO;10/2024;409.0
354520;SALTO;11/2024;369.0
354520;SALTO;12/2024;339.0
354530;SALTO DE PIRAPORA;01/2024;132.0
354530;SALTO DE PIRAPORA;02/2024;114.0
354530;SALTO DE PIRAPORA;03/2024;123.0
354530;SALTO DE PIRAPORA;04/2024;218.0
354530;SALTO DE PIRAPORA;05/2024;259.0
354530;SALTO DE PIRAPORA;06/2024;226.0
354530;SALTO DE PIRAPORA;07/2024;236.0
354530;SALTO DE PIRAPORA;08/2024;240.0
354530;SALTO DE PIRAPORA;09/2024;232.0
354530;SALTO DE PIRAPORA;10/2024;235.0
354530;SALTO DE PIRAPORA;11/2024;153.0
354530;SALTO DE PIRAPORA;12/2024;140.0
354540;SALTO GRANDE;01/2024;31.0
354540;SALTO GRANDE;02/2024;43.0
354540;SALTO GRANDE;03/2024;45.0
354540;SALTO GRANDE;04/2024;50.0
354540;SALTO GRANDE;05/2024;32.0
354540;SALTO GRANDE;06/2024;41.0
354540;SALTO GRANDE;07/2024;29.0
354540;SALTO GRANDE;08/2024;29.0
354540;SALTO GRANDE;09/2024;42.0
354540;SALTO GRANDE;10/2024;34.0
354540;SALTO GRANDE;11/2024;27.0
354540;SALTO GRANDE;12/2024;47.0
354560;SANTA ADELIA;01/2024;34.0
354560;SANTA ADELIA;02/2024;41.0
354560;SANTA ADELIA;03/2024;69.0
354560;SANTA ADELIA;04/2024;51.0
354560;SANTA ADELIA;05/2024;69.0
354560;SANTA ADELIA;06/2024;66.0
354560;SANTA ADELIA;07/2024;58.0
354560;SANTA ADELIA;08/2024;60.0
354560;SANTA ADELIA;09/2024;56.0
354560;SANTA ADELIA;10/2024;59.0
354560;SANTA ADELIA;11/2024;59.0
354560;SANTA ADELIA;12/2024;53.0
354580;SANTA BARBARA D'OESTE;01/2024;667.0
354580;SANTA BARBARA D'OESTE;02/2024;649.0
354580;SANTA BARBARA D'OESTE;03/2024;723.0
354580;SANTA BARBARA D'OESTE;04/2024;748.0
354580;SANTA BARBARA D'OESTE;05/2024;731.0
354580;SANTA BARBARA D'OESTE;06/2024;668.0
354580;SANTA BARBARA D'OESTE;07/2024;689.0
354580;SANTA BARBARA D'OESTE;08/2024;770.0
354580;SANTA BARBARA D'OESTE;09/2024;922.0
354580;SANTA BARBARA D'OESTE;10/2024;1057.0
354580;SANTA BARBARA D'OESTE;11/2024;637.0
354580;SANTA BARBARA D'OESTE;12/2024;495.0
354630;SANTA CRUZ DAS PALMEIRAS;01/2024;85.0
354630;SANTA CRUZ DAS PALMEIRAS;02/2024;94.0
354630;SANTA CRUZ DAS PALMEIRAS;03/2024;141.0
354630;SANTA CRUZ DAS PALMEIRAS;04/2024;121.0
354630;SANTA CRUZ DAS PALMEIRAS;05/2024;109.0
354630;SANTA CRUZ DAS PALMEIRAS;06/2024;116.0
354630;SANTA CRUZ DAS PALMEIRAS;07/2024;111.0
354630;SANTA CRUZ DAS PALMEIRAS;08/2024;102.0
354630;SANTA CRUZ DAS PALMEIRAS;09/2024;109.0
354630;SANTA CRUZ DAS PALMEIRAS;10/2024;99.0
354630;SANTA CRUZ DAS PALMEIRAS;11/2024;96.0
354630;SANTA CRUZ DAS PALMEIRAS;12/2024;136.0
354640;SANTA CRUZ DO RIO PARDO;01/2024;298.0
354640;SANTA CRUZ DO RIO PARDO;02/2024;328.0
354640;SANTA CRUZ DO RIO PARDO;03/2024;395.0
354640;SANTA CRUZ DO RIO PARDO;04/2024;394.0
354640;SANTA CRUZ DO RIO PARDO;05/2024;392.0
354640;SANTA CRUZ DO RIO PARDO;06/2024;382.0
354640;SANTA CRUZ DO RIO PARDO;07/2024;376.0
354640;SANTA CRUZ DO RIO PARDO;08/2024;370.0
354640;SANTA CRUZ DO RIO PARDO;09/2024;332.0
354640;SANTA CRUZ DO RIO PARDO;10/2024;364.0
354640;SANTA CRUZ DO RIO PARDO;11/2024;341.0
354640;SANTA CRUZ DO RIO PARDO;12/2024;344.0
354660;SANTA FE DO SUL;01/2024;203.0
354660;SANTA FE DO SUL;02/2024;222.0
354660;SANTA FE DO SUL;03/2024;248.0
354660;SANTA FE DO SUL;04/2024;252.0
354660;SANTA FE DO SUL;05/2024;299.0
354660;SANTA FE DO SUL;06/2024;248.0
354660;SANTA FE DO SUL;07/2024;252.0
354660;SANTA FE DO SUL;08/2024;303.0
354660;SANTA FE DO SUL;09/2024;275.0
354660;SANTA FE DO SUL;10/2024;273.0
354660;SANTA FE DO SUL;11/2024;262.0
354660;SANTA FE DO SUL;12/2024;305.0
354680;SANTA ISABEL;01/2024;156.0
354680;SANTA ISABEL;02/2024;180.0
354680;SANTA ISABEL;03/2024;216.0
354680;SANTA ISABEL;04/2024;233.0
354680;SANTA ISABEL;05/2024;220.0
354680;SANTA ISABEL;06/2024;183.0
354680;SANTA ISABEL;07/2024;191.0
354680;SANTA ISABEL;08/2024;177.0
354680;SANTA ISABEL;09/2024;186.0
354680;SANTA ISABEL;10/2024;187.0
354680;SANTA ISABEL;11/2024;150.0
354680;SANTA ISABEL;12/2024;171.0
354730;SANTANA DE PARNAIBA;01/2024;356.0
354730;SANTANA DE PARNAIBA;02/2024;296.0
354730;SANTANA DE PARNAIBA;03/2024;269.0
354730;SANTANA DE PARNAIBA;04/2024;359.0
354730;SANTANA DE PARNAIBA;05/2024;317.0
354730;SANTANA DE PARNAIBA;06/2024;273.0
354730;SANTANA DE PARNAIBA;07/2024;419.0
354730;SANTANA DE PARNAIBA;08/2024;393.0
354730;SANTANA DE PARNAIBA;09/2024;476.0
354730;SANTANA DE PARNAIBA;10/2024;285.0
354730;SANTANA DE PARNAIBA;11/2024;331.0
354730;SANTANA DE PARNAIBA;12/2024;349.0
354750;SANTA RITA DO PASSA QUATRO;01/2024;93.0
354750;SANTA RITA DO PASSA QUATRO;02/2024;109.0
354750;SANTA RITA DO PASSA QUATRO;03/2024;112.0
354750;SANTA RITA DO PASSA QUATRO;04/2024;124.0
354750;SANTA RITA DO PASSA QUATRO;05/2024;166.0
354750;SANTA RITA DO PASSA QUATRO;06/2024;126.0
354750;SANTA RITA DO PASSA QUATRO;07/2024;110.0
354750;SANTA RITA DO PASSA QUATRO;08/2024;135.0
354750;SANTA RITA DO PASSA QUATRO;09/2024;125.0
354750;SANTA RITA DO PASSA QUATRO;10/2024;150.0
354750;SANTA RITA DO PASSA QUATRO;11/2024;131.0
354750;SANTA RITA DO PASSA QUATRO;12/2024;151.0
354760;SANTA ROSA DE VITERBO;01/2024;76.0
354760;SANTA ROSA DE VITERBO;02/2024;69.0
354760;SANTA ROSA DE VITERBO;03/2024;81.0
354760;SANTA ROSA DE VITERBO;04/2024;67.0
354760;SANTA ROSA DE VITERBO;05/2024;71.0
354760;SANTA ROSA DE VITERBO;06/2024;68.0
354760;SANTA ROSA DE VITERBO;07/2024;162.0
354760;SANTA ROSA DE VITERBO;08/2024;87.0
354760;SANTA ROSA DE VITERBO;09/2024;135.0
354760;SANTA ROSA DE VITERBO;10/2024;93.0
354760;SANTA ROSA DE VITERBO;11/2024;150.0
354760;SANTA ROSA DE VITERBO;12/2024;86.0
354770;SANTO ANASTACIO;01/2024;121.0
354770;SANTO ANASTACIO;02/2024;141.0
354770;SANTO ANASTACIO;03/2024;165.0
354770;SANTO ANASTACIO;04/2024;163.0
354770;SANTO ANASTACIO;05/2024;176.0
354770;SANTO ANASTACIO;06/2024;141.0
354770;SANTO ANASTACIO;07/2024;149.0
354770;SANTO ANASTACIO;08/2024;153.0
354770;SANTO ANASTACIO;09/2024;188.0
354770;SANTO ANASTACIO;10/2024;174.0
354770;SANTO ANASTACIO;11/2024;127.0
354770;SANTO ANASTACIO;12/2024;134.0
354780;SANTO ANDRE;01/2024;4688.0
354780;SANTO ANDRE;02/2024;4021.0
354780;SANTO ANDRE;03/2024;4702.0
354780;SANTO ANDRE;04/2024;4430.0
354780;SANTO ANDRE;05/2024;4512.0
354780;SANTO ANDRE;06/2024;4287.0
354780;SANTO ANDRE;07/2024;4675.0
354780;SANTO ANDRE;08/2024;4281.0
354780;SANTO ANDRE;09/2024;4222.0
354780;SANTO ANDRE;10/2024;4931.0
354780;SANTO ANDRE;11/2024;4383.0
354780;SANTO ANDRE;12/2024;3738.0
354790;SANTO ANTONIO DA ALEGRIA;01/2024;8.0
354790;SANTO ANTONIO DA ALEGRIA;02/2024;6.0
354790;SANTO ANTONIO DA ALEGRIA;03/2024;8.0
354790;SANTO ANTONIO DA ALEGRIA;04/2024;18.0
354790;SANTO ANTONIO DA ALEGRIA;05/2024;6.0
354790;SANTO ANTONIO DA ALEGRIA;06/2024;9.0
354790;SANTO ANTONIO DA ALEGRIA;07/2024;14.0
354790;SANTO ANTONIO DA ALEGRIA;08/2024;8.0
354790;SANTO ANTONIO DA ALEGRIA;09/2024;11.0
354790;SANTO ANTONIO DA ALEGRIA;10/2024;7.0
354790;SANTO ANTONIO DA ALEGRIA;11/2024;9.0
354790;SANTO ANTONIO DA ALEGRIA;12/2024;7.0
354850;SANTOS;01/2024;2692.0
354850;SANTOS;02/2024;2506.0
354850;SANTOS;03/2024;2836.0
354850;SANTOS;04/2024;2639.0
354850;SANTOS;05/2024;2928.0
354850;SANTOS;06/2024;2639.0
354850;SANTOS;07/2024;2787.0
354850;SANTOS;08/2024;3101.0
354850;SANTOS;09/2024;2803.0
354850;SANTOS;10/2024;2875.0
354850;SANTOS;11/2024;2551.0
354850;SANTOS;12/2024;2847.0
354860;SAO BENTO DO SAPUCAI;01/2024;1.0
354860;SAO BENTO DO SAPUCAI;02/2024;32.0
354860;SAO BENTO DO SAPUCAI;03/2024;41.0
354860;SAO BENTO DO SAPUCAI;04/2024;34.0
354860;SAO BENTO DO SAPUCAI;05/2024;41.0
354860;SAO BENTO DO SAPUCAI;06/2024;49.0
354860;SAO BENTO DO SAPUCAI;07/2024;39.0
354860;SAO BENTO DO SAPUCAI;08/2024;60.0
354860;SAO BENTO DO SAPUCAI;09/2024;44.0
354860;SAO BENTO DO SAPUCAI;10/2024;44.0
354860;SAO BENTO DO SAPUCAI;11/2024;45.0
354860;SAO BENTO DO SAPUCAI;12/2024;61.0
354870;SAO BERNARDO DO CAMPO;01/2024;2715.0
354870;SAO BERNARDO DO CAMPO;02/2024;2755.0
354870;SAO BERNARDO DO CAMPO;03/2024;3084.0
354870;SAO BERNARDO DO CAMPO;04/2024;3035.0
354870;SAO BERNARDO DO CAMPO;05/2024;3162.0
354870;SAO BERNARDO DO CAMPO;06/2024;2861.0
354870;SAO BERNARDO DO CAMPO;07/2024;2932.0
354870;SAO BERNARDO DO CAMPO;08/2024;2848.0
354870;SAO BERNARDO DO CAMPO;09/2024;2918.0
354870;SAO BERNARDO DO CAMPO;10/2024;3343.0
354870;SAO BERNARDO DO CAMPO;11/2024;3046.0
354870;SAO BERNARDO DO CAMPO;12/2024;3048.0
354880;SAO CAETANO DO SUL;01/2024;951.0
354880;SAO CAETANO DO SUL;02/2024;872.0
354880;SAO CAETANO DO SUL;03/2024;1047.0
354880;SAO CAETANO DO SUL;04/2024;1202.0
354880;SAO CAETANO DO SUL;05/2024;1023.0
354880;SAO CAETANO DO SUL;06/2024;1054.0
354880;SAO CAETANO DO SUL;07/2024;1066.0
354880;SAO CAETANO DO SUL;08/2024;1156.0
354880;SAO CAETANO DO SUL;09/2024;846.0
354880;SAO CAETANO DO SUL;10/2024;1122.0
354880;SAO CAETANO DO SUL;11/2024;953.0
354880;SAO CAETANO DO SUL;12/2024;936.0
354890;SAO CARLOS;01/2024;1498.0
354890;SAO CARLOS;02/2024;1442.0
354890;SAO CARLOS;03/2024;1559.0
354890;SAO CARLOS;04/2024;1559.0
354890;SAO CARLOS;05/2024;1614.0
354890;SAO CARLOS;06/2024;1469.0
354890;SAO CARLOS;07/2024;1576.0
354890;SAO CARLOS;08/2024;1614.0
354890;SAO CARLOS;09/2024;1617.0
354890;SAO CARLOS;10/2024;1648.0
354890;SAO CARLOS;11/2024;1456.0
354890;SAO CARLOS;12/2024;1626.0
354910;SAO JOAO DA BOA VISTA;01/2024;507.0
354910;SAO JOAO DA BOA VISTA;02/2024;511.0
354910;SAO JOAO DA BOA VISTA;03/2024;498.0
354910;SAO JOAO DA BOA VISTA;04/2024;538.0
354910;SAO JOAO DA BOA VISTA;05/2024;543.0
354910;SAO JOAO DA BOA VISTA;06/2024;560.0
354910;SAO JOAO DA BOA VISTA;07/2024;454.0
354910;SAO JOAO DA BOA VISTA;08/2024;488.0
354910;SAO JOAO DA BOA VISTA;09/2024;473.0
354910;SAO JOAO DA BOA VISTA;10/2024;489.0
354910;SAO JOAO DA BOA VISTA;11/2024;463.0
354910;SAO JOAO DA BOA VISTA;12/2024;360.0
354940;SAO JOAQUIM DA BARRA;01/2024;228.0
354940;SAO JOAQUIM DA BARRA;02/2024;274.0
354940;SAO JOAQUIM DA BARRA;03/2024;252.0
354940;SAO JOAQUIM DA BARRA;04/2024;267.0
354940;SAO JOAQUIM DA BARRA;05/2024;287.0
354940;SAO JOAQUIM DA BARRA;06/2024;252.0
354940;SAO JOAQUIM DA BARRA;07/2024;262.0
354940;SAO JOAQUIM DA BARRA;08/2024;318.0
354940;SAO JOAQUIM DA BARRA;09/2024;247.0
354940;SAO JOAQUIM DA BARRA;10/2024;294.0
354940;SAO JOAQUIM DA BARRA;11/2024;240.0
354940;SAO JOAQUIM DA BARRA;12/2024;238.0
354970;SAO JOSE DO RIO PARDO;01/2024;350.0
354970;SAO JOSE DO RIO PARDO;02/2024;346.0
354970;SAO JOSE DO RIO PARDO;03/2024;460.0
354970;SAO JOSE DO RIO PARDO;04/2024;438.0
354970;SAO JOSE DO RIO PARDO;05/2024;426.0
354970;SAO JOSE DO RIO PARDO;06/2024;408.0
354970;SAO JOSE DO RIO PARDO;07/2024;388.0
354970;SAO JOSE DO RIO PARDO;08/2024;355.0
354970;SAO JOSE DO RIO PARDO;09/2024;363.0
354970;SAO JOSE DO RIO PARDO;10/2024;415.0
354970;SAO JOSE DO RIO PARDO;11/2024;387.0
354970;SAO JOSE DO RIO PARDO;12/2024;355.0
354980;SAO JOSE DO RIO PRETO;01/2024;6511.0
354980;SAO JOSE DO RIO PRETO;02/2024;6176.0
354980;SAO JOSE DO RIO PRETO;03/2024;6452.0
354980;SAO JOSE DO RIO PRETO;04/2024;6468.0
354980;SAO JOSE DO RIO PRETO;05/2024;6709.0
354980;SAO JOSE DO RIO PRETO;06/2024;6916.0
354980;SAO JOSE DO RIO PRETO;07/2024;6746.0
354980;SAO JOSE DO RIO PRETO;08/2024;7013.0
354980;SAO JOSE DO RIO PRETO;09/2024;7098.0
354980;SAO JOSE DO RIO PRETO;10/2024;7181.0
354980;SAO JOSE DO RIO PRETO;11/2024;7040.0
354980;SAO JOSE DO RIO PRETO;12/2024;7056.0
354990;SAO JOSE DOS CAMPOS;01/2024;4536.0
354990;SAO JOSE DOS CAMPOS;02/2024;4387.0
354990;SAO JOSE DOS CAMPOS;03/2024;4532.0
354990;SAO JOSE DOS CAMPOS;04/2024;4515.0
354990;SAO JOSE DOS CAMPOS;05/2024;4772.0
354990;SAO JOSE DOS CAMPOS;06/2024;4426.0
354990;SAO JOSE DOS CAMPOS;07/2024;4577.0
354990;SAO JOSE DOS CAMPOS;08/2024;4657.0
354990;SAO JOSE DOS CAMPOS;09/2024;4320.0
354990;SAO JOSE DOS CAMPOS;10/2024;5052.0
354990;SAO JOSE DOS CAMPOS;11/2024;4899.0
354990;SAO JOSE DOS CAMPOS;12/2024;4036.0
355000;SAO LUIS DO PARAITINGA;01/2024;24.0
355000;SAO LUIS DO PARAITINGA;02/2024;9.0
355000;SAO LUIS DO PARAITINGA;03/2024;16.0
355000;SAO LUIS DO PARAITINGA;04/2024;21.0
355000;SAO LUIS DO PARAITINGA;05/2024;25.0
355000;SAO LUIS DO PARAITINGA;06/2024;20.0
355000;SAO LUIS DO PARAITINGA;07/2024;22.0
355000;SAO LUIS DO PARAITINGA;08/2024;12.0
355000;SAO LUIS DO PARAITINGA;09/2024;8.0
355000;SAO LUIS DO PARAITINGA;10/2024;15.0
355000;SAO LUIS DO PARAITINGA;11/2024;11.0
355000;SAO LUIS DO PARAITINGA;12/2024;21.0
355010;SAO MANUEL;01/2024;103.0
355010;SAO MANUEL;02/2024;75.0
355010;SAO MANUEL;03/2024;97.0
355010;SAO MANUEL;04/2024;102.0
355010;SAO MANUEL;05/2024;106.0
355010;SAO MANUEL;06/2024;117.0
355010;SAO MANUEL;07/2024;99.0
355010;SAO MANUEL;08/2024;111.0
355010;SAO MANUEL;09/2024;130.0
355010;SAO MANUEL;10/2024;154.0
355010;SAO MANUEL;11/2024;120.0
355010;SAO MANUEL;12/2024;131.0
355020;SAO MIGUEL ARCANJO;01/2024;119.0
355020;SAO MIGUEL ARCANJO;02/2024;117.0
355020;SAO MIGUEL ARCANJO;03/2024;121.0
355020;SAO MIGUEL ARCANJO;04/2024;122.0
355020;SAO MIGUEL ARCANJO;05/2024;78.0
355020;SAO MIGUEL ARCANJO;06/2024;157.0
355020;SAO MIGUEL ARCANJO;07/2024;130.0
355020;SAO MIGUEL ARCANJO;08/2024;127.0
355020;SAO MIGUEL ARCANJO;09/2024;109.0
355020;SAO MIGUEL ARCANJO;10/2024;64.0
355020;SAO MIGUEL ARCANJO;11/2024;89.0
355020;SAO MIGUEL ARCANJO;12/2024;159.0
355030;SAO PAULO;01/2024;54893.0
355030;SAO PAULO;02/2024;55818.0
355030;SAO PAULO;03/2024;61023.0
355030;SAO PAULO;04/2024;62522.0
355030;SAO PAULO;05/2024;61837.0
355030;SAO PAULO;06/2024;62025.0
355030;SAO PAULO;07/2024;61472.0
355030;SAO PAULO;08/2024;62543.0
355030;SAO PAULO;09/2024;61870.0
355030;SAO PAULO;10/2024;64035.0
355030;SAO PAULO;11/2024;61109.0
355030;SAO PAULO;12/2024;58268.0
355040;SAO PEDRO;01/2024;176.0
355040;SAO PEDRO;02/2024;265.0
355040;SAO PEDRO;03/2024;307.0
355040;SAO PEDRO;04/2024;492.0
355040;SAO PEDRO;05/2024;418.0
355040;SAO PEDRO;06/2024;308.0
355040;SAO PEDRO;07/2024;296.0
355040;SAO PEDRO;08/2024;299.0
355040;SAO PEDRO;09/2024;294.0
355040;SAO PEDRO;10/2024;302.0
355040;SAO PEDRO;11/2024;282.0
355040;SAO PEDRO;12/2024;260.0
355060;SAO ROQUE;01/2024;289.0
355060;SAO ROQUE;02/2024;178.0
355060;SAO ROQUE;03/2024;278.0
355060;SAO ROQUE;04/2024;307.0
355060;SAO ROQUE;05/2024;301.0
355060;SAO ROQUE;06/2024;255.0
355060;SAO ROQUE;07/2024;523.0
355060;SAO ROQUE;08/2024;409.0
355060;SAO ROQUE;09/2024;365.0
355060;SAO ROQUE;10/2024;359.0
355060;SAO ROQUE;11/2024;339.0
355060;SAO ROQUE;12/2024;467.0
355070;SAO SEBASTIAO;01/2024;724.0
355070;SAO SEBASTIAO;02/2024;443.0
355070;SAO SEBASTIAO;03/2024;452.0
355070;SAO SEBASTIAO;04/2024;390.0
355070;SAO SEBASTIAO;05/2024;411.0
355070;SAO SEBASTIAO;06/2024;285.0
355070;SAO SEBASTIAO;07/2024;593.0
355070;SAO SEBASTIAO;08/2024;423.0
355070;SAO SEBASTIAO;09/2024;393.0
355070;SAO SEBASTIAO;10/2024;438.0
355070;SAO SEBASTIAO;11/2024;423.0
355070;SAO SEBASTIAO;12/2024;377.0
355080;SAO SEBASTIAO DA GRAMA;01/2024;41.0
355080;SAO SEBASTIAO DA GRAMA;02/2024;38.0
355080;SAO SEBASTIAO DA GRAMA;03/2024;38.0
355080;SAO SEBASTIAO DA GRAMA;04/2024;70.0
355080;SAO SEBASTIAO DA GRAMA;05/2024;39.0
355080;SAO SEBASTIAO DA GRAMA;06/2024;37.0
355080;SAO SEBASTIAO DA GRAMA;07/2024;52.0
355080;SAO SEBASTIAO DA GRAMA;08/2024;66.0
355080;SAO SEBASTIAO DA GRAMA;09/2024;44.0
355080;SAO SEBASTIAO DA GRAMA;10/2024;63.0
355080;SAO SEBASTIAO DA GRAMA;11/2024;49.0
355080;SAO SEBASTIAO DA GRAMA;12/2024;35.0
355090;SAO SIMAO;01/2024;23.0
355090;SAO SIMAO;02/2024;16.0
355090;SAO SIMAO;03/2024;20.0
355090;SAO SIMAO;04/2024;24.0
355090;SAO SIMAO;05/2024;31.0
355090;SAO SIMAO;06/2024;16.0
355090;SAO SIMAO;07/2024;21.0
355090;SAO SIMAO;08/2024;25.0
355090;SAO SIMAO;09/2024;34.0
355090;SAO SIMAO;10/2024;33.0
355090;SAO SIMAO;11/2024;37.0
355090;SAO SIMAO;12/2024;34.0
355100;SAO VICENTE;01/2024;979.0
355100;SAO VICENTE;02/2024;1118.0
355100;SAO VICENTE;03/2024;1027.0
355100;SAO VICENTE;04/2024;963.0
355100;SAO VICENTE;05/2024;777.0
355100;SAO VICENTE;06/2024;959.0
355100;SAO VICENTE;07/2024;1059.0
355100;SAO VICENTE;08/2024;1067.0
355100;SAO VICENTE;09/2024;998.0
355100;SAO VICENTE;10/2024;835.0
355100;SAO VICENTE;11/2024;798.0
355100;SAO VICENTE;12/2024;740.0
355150;SERRANA;01/2024;320.0
355150;SERRANA;02/2024;335.0
355150;SERRANA;03/2024;416.0
355150;SERRANA;04/2024;423.0
355150;SERRANA;05/2024;416.0
355150;SERRANA;06/2024;384.0
355150;SERRANA;07/2024;381.0
355150;SERRANA;08/2024;374.0
355150;SERRANA;09/2024;319.0
355150;SERRANA;10/2024;407.0
355150;SERRANA;11/2024;346.0
355150;SERRANA;12/2024;292.0
355160;SERRA NEGRA;01/2024;123.0
355160;SERRA NEGRA;02/2024;112.0
355160;SERRA NEGRA;03/2024;95.0
355160;SERRA NEGRA;04/2024;126.0
355160;SERRA NEGRA;05/2024;109.0
355160;SERRA NEGRA;06/2024;96.0
355160;SERRA NEGRA;07/2024;121.0
355160;SERRA NEGRA;08/2024;110.0
355160;SERRA NEGRA;09/2024;94.0
355160;SERRA NEGRA;10/2024;154.0
355160;SERRA NEGRA;11/2024;116.0
355160;SERRA NEGRA;12/2024;100.0
355170;SERTAOZINHO;01/2024;536.0
355170;SERTAOZINHO;02/2024;586.0
355170;SERTAOZINHO;03/2024;611.0
355170;SERTAOZINHO;04/2024;528.0
355170;SERTAOZINHO;05/2024;522.0
355170;SERTAOZINHO;06/2024;559.0
355170;SERTAOZINHO;07/2024;503.0
355170;SERTAOZINHO;08/2024;502.0
355170;SERTAOZINHO;09/2024;497.0
355170;SERTAOZINHO;10/2024;503.0
355170;SERTAOZINHO;11/2024;494.0
355170;SERTAOZINHO;12/2024;493.0
355200;SILVEIRAS;02/2024;2.0
355200;SILVEIRAS;03/2024;4.0
355200;SILVEIRAS;04/2024;5.0
355200;SILVEIRAS;05/2024;6.0
355200;SILVEIRAS;06/2024;7.0
355200;SILVEIRAS;07/2024;3.0
355200;SILVEIRAS;08/2024;2.0
355200;SILVEIRAS;09/2024;1.0
355200;SILVEIRAS;11/2024;5.0
355200;SILVEIRAS;12/2024;1.0
355210;SOCORRO;01/2024;149.0
355210;SOCORRO;02/2024;156.0
355210;SOCORRO;03/2024;273.0
355210;SOCORRO;04/2024;365.0
355210;SOCORRO;05/2024;290.0
355210;SOCORRO;06/2024;319.0
355210;SOCORRO;07/2024;253.0
355210;SOCORRO;08/2024;277.0
355210;SOCORRO;09/2024;267.0
355210;SOCORRO;10/2024;232.0
355210;SOCORRO;11/2024;157.0
355210;SOCORRO;12/2024;293.0
355220;SOROCABA;01/2024;4325.0
355220;SOROCABA;02/2024;4666.0
355220;SOROCABA;03/2024;5093.0
355220;SOROCABA;04/2024;4853.0
355220;SOROCABA;05/2024;4955.0
355220;SOROCABA;06/2024;4840.0
355220;SOROCABA;07/2024;5060.0
355220;SOROCABA;08/2024;5175.0
355220;SOROCABA;09/2024;4868.0
355220;SOROCABA;10/2024;5164.0
355220;SOROCABA;11/2024;4820.0
355220;SOROCABA;12/2024;4619.0
355230;SUD MENNUCCI;01/2024;23.0
355230;SUD MENNUCCI;02/2024;18.0
355230;SUD MENNUCCI;03/2024;13.0
355230;SUD MENNUCCI;04/2024;23.0
355230;SUD MENNUCCI;05/2024;19.0
355230;SUD MENNUCCI;06/2024;31.0
355230;SUD MENNUCCI;07/2024;21.0
355230;SUD MENNUCCI;08/2024;37.0
355230;SUD MENNUCCI;09/2024;28.0
355230;SUD MENNUCCI;10/2024;34.0
355230;SUD MENNUCCI;11/2024;21.0
355230;SUD MENNUCCI;12/2024;13.0
355240;SUMARE;01/2024;1067.0
355240;SUMARE;02/2024;1005.0
355240;SUMARE;03/2024;1088.0
355240;SUMARE;04/2024;1163.0
355240;SUMARE;05/2024;1112.0
355240;SUMARE;06/2024;1146.0
355240;SUMARE;07/2024;1020.0
355240;SUMARE;08/2024;1138.0
355240;SUMARE;09/2024;1048.0
355240;SUMARE;10/2024;1114.0
355240;SUMARE;11/2024;1063.0
355240;SUMARE;12/2024;1013.0
355250;SUZANO;01/2024;387.0
355250;SUZANO;02/2024;364.0
355250;SUZANO;03/2024;465.0
355250;SUZANO;04/2024;768.0
355250;SUZANO;05/2024;731.0
355250;SUZANO;06/2024;632.0
355250;SUZANO;07/2024;737.0
355250;SUZANO;08/2024;714.0
355250;SUZANO;09/2024;797.0
355250;SUZANO;10/2024;904.0
355250;SUZANO;11/2024;790.0
355250;SUZANO;12/2024;691.0
355260;TABAPUA;01/2024;32.0
355260;TABAPUA;02/2024;59.0
355260;TABAPUA;03/2024;58.0
355260;TABAPUA;04/2024;70.0
355260;TABAPUA;05/2024;60.0
355260;TABAPUA;06/2024;43.0
355260;TABAPUA;07/2024;66.0
355260;TABAPUA;08/2024;56.0
355260;TABAPUA;09/2024;82.0
355260;TABAPUA;10/2024;79.0
355260;TABAPUA;11/2024;63.0
355260;TABAPUA;12/2024;70.0
355270;TABATINGA;01/2024;60.0
355270;TABATINGA;02/2024;64.0
355270;TABATINGA;03/2024;75.0
355270;TABATINGA;04/2024;69.0
355270;TABATINGA;05/2024;68.0
355270;TABATINGA;06/2024;72.0
355270;TABATINGA;07/2024;80.0
355270;TABATINGA;08/2024;75.0
355270;TABATINGA;09/2024;81.0
355270;TABATINGA;10/2024;69.0
355270;TABATINGA;11/2024;73.0
355270;TABATINGA;12/2024;53.0
355280;TABOAO DA SERRA;01/2024;1627.0
355280;TABOAO DA SERRA;02/2024;1603.0
355280;TABOAO DA SERRA;03/2024;1828.0
355280;TABOAO DA SERRA;04/2024;1943.0
355280;TABOAO DA SERRA;05/2024;2196.0
355280;TABOAO DA SERRA;06/2024;1887.0
355280;TABOAO DA SERRA;07/2024;1947.0
355280;TABOAO DA SERRA;08/2024;1960.0
355280;TABOAO DA SERRA;09/2024;1901.0
355280;TABOAO DA SERRA;10/2024;2039.0
355280;TABOAO DA SERRA;11/2024;1817.0
355280;TABOAO DA SERRA;12/2024;1572.0
355300;TAGUAI;01/2024;36.0
355300;TAGUAI;02/2024;51.0
355300;TAGUAI;03/2024;60.0
355300;TAGUAI;04/2024;70.0
355300;TAGUAI;05/2024;56.0
355300;TAGUAI;06/2024;62.0
355300;TAGUAI;07/2024;49.0
355300;TAGUAI;08/2024;48.0
355300;TAGUAI;09/2024;53.0
355300;TAGUAI;10/2024;45.0
355300;TAGUAI;11/2024;49.0
355300;TAGUAI;12/2024;53.0
355330;TAMBAU;01/2024;61.0
355330;TAMBAU;02/2024;79.0
355330;TAMBAU;03/2024;74.0
355330;TAMBAU;04/2024;99.0
355330;TAMBAU;05/2024;116.0
355330;TAMBAU;06/2024;155.0
355330;TAMBAU;07/2024;136.0
355330;TAMBAU;08/2024;80.0
355330;TAMBAU;09/2024;139.0
355330;TAMBAU;10/2024;112.0
355330;TAMBAU;11/2024;130.0
355330;TAMBAU;12/2024;109.0
355340;TANABI;01/2024;111.0
355340;TANABI;02/2024;123.0
355340;TANABI;03/2024;129.0
355340;TANABI;04/2024;138.0
355340;TANABI;05/2024;155.0
355340;TANABI;06/2024;117.0
355340;TANABI;07/2024;115.0
355340;TANABI;08/2024;117.0
355340;TANABI;09/2024;129.0
355340;TANABI;10/2024;99.0
355340;TANABI;11/2024;87.0
355340;TANABI;12/2024;100.0
355360;TAPIRATIBA;01/2024;24.0
355360;TAPIRATIBA;02/2024;31.0
355360;TAPIRATIBA;03/2024;28.0
355360;TAPIRATIBA;04/2024;31.0
355360;TAPIRATIBA;05/2024;25.0
355360;TAPIRATIBA;06/2024;43.0
355360;TAPIRATIBA;07/2024;23.0
355360;TAPIRATIBA;08/2024;38.0
355360;TAPIRATIBA;09/2024;29.0
355360;TAPIRATIBA;10/2024;25.0
355360;TAPIRATIBA;11/2024;28.0
355360;TAPIRATIBA;12/2024;22.0
355370;TAQUARITINGA;01/2024;415.0
355370;TAQUARITINGA;02/2024;284.0
355370;TAQUARITINGA;03/2024;381.0
355370;TAQUARITINGA;04/2024;419.0
355370;TAQUARITINGA;05/2024;486.0
355370;TAQUARITINGA;06/2024;446.0
355370;TAQUARITINGA;07/2024;431.0
355370;TAQUARITINGA;08/2024;348.0
355370;TAQUARITINGA;09/2024;439.0
355370;TAQUARITINGA;10/2024;392.0
355370;TAQUARITINGA;11/2024;348.0
355370;TAQUARITINGA;12/2024;308.0
355380;TAQUARITUBA;01/2024;174.0
355380;TAQUARITUBA;02/2024;132.0
355380;TAQUARITUBA;03/2024;186.0
355380;TAQUARITUBA;04/2024;180.0
355380;TAQUARITUBA;05/2024;211.0
355380;TAQUARITUBA;06/2024;200.0
355380;TAQUARITUBA;07/2024;186.0
355380;TAQUARITUBA;08/2024;191.0
355380;TAQUARITUBA;09/2024;170.0
355380;TAQUARITUBA;10/2024;167.0
355380;TAQUARITUBA;11/2024;149.0
355380;TAQUARITUBA;12/2024;165.0
355400;TATUI;01/2024;451.0
355400;TATUI;02/2024;398.0
355400;TATUI;03/2024;389.0
355400;TATUI;04/2024;428.0
355400;TATUI;05/2024;444.0
355400;TATUI;06/2024;436.0
355400;TATUI;07/2024;458.0
355400;TATUI;08/2024;472.0
355400;TATUI;09/2024;437.0
355400;TATUI;10/2024;439.0
355400;TATUI;11/2024;432.0
355400;TATUI;12/2024;459.0
355410;TAUBATE;01/2024;1845.0
355410;TAUBATE;02/2024;1735.0
355410;TAUBATE;03/2024;1821.0
355410;TAUBATE;04/2024;2041.0
355410;TAUBATE;05/2024;2041.0
355410;TAUBATE;06/2024;1890.0
355410;TAUBATE;07/2024;2023.0
355410;TAUBATE;08/2024;2206.0
355410;TAUBATE;09/2024;2327.0
355410;TAUBATE;10/2024;2159.0
355410;TAUBATE;11/2024;1860.0
355410;TAUBATE;12/2024;1857.0
355430;TEODORO SAMPAIO;01/2024;71.0
355430;TEODORO SAMPAIO;02/2024;61.0
355430;TEODORO SAMPAIO;03/2024;71.0
355430;TEODORO SAMPAIO;04/2024;85.0
355430;TEODORO SAMPAIO;05/2024;67.0
355430;TEODORO SAMPAIO;06/2024;60.0
355430;TEODORO SAMPAIO;07/2024;73.0
355430;TEODORO SAMPAIO;08/2024;69.0
355430;TEODORO SAMPAIO;09/2024;109.0
355430;TEODORO SAMPAIO;10/2024;83.0
355430;TEODORO SAMPAIO;11/2024;86.0
355430;TEODORO SAMPAIO;12/2024;11.0
355440;TERRA ROXA;01/2024;5.0
355440;TERRA ROXA;02/2024;4.0
355440;TERRA ROXA;03/2024;4.0
355440;TERRA ROXA;04/2024;4.0
355440;TERRA ROXA;06/2024;9.0
355440;TERRA ROXA;07/2024;5.0
355440;TERRA ROXA;08/2024;5.0
355440;TERRA ROXA;09/2024;5.0
355440;TERRA ROXA;10/2024;8.0
355440;TERRA ROXA;11/2024;4.0
355450;TIETE;01/2024;135.0
355450;TIETE;02/2024;187.0
355450;TIETE;03/2024;33.0
355450;TIETE;04/2024;60.0
355450;TIETE;05/2024;143.0
355450;TIETE;06/2024;257.0
355450;TIETE;07/2024;265.0
355450;TIETE;08/2024;261.0
355450;TIETE;09/2024;177.0
355450;TIETE;10/2024;190.0
355450;TIETE;11/2024;216.0
355450;TIETE;12/2024;202.0
355470;TORRINHA;01/2024;13.0
355470;TORRINHA;02/2024;9.0
355470;TORRINHA;03/2024;5.0
355470;TORRINHA;04/2024;10.0
355470;TORRINHA;05/2024;11.0
355470;TORRINHA;06/2024;5.0
355470;TORRINHA;07/2024;11.0
355470;TORRINHA;08/2024;6.0
355470;TORRINHA;09/2024;6.0
355470;TORRINHA;10/2024;8.0
355470;TORRINHA;11/2024;5.0
355470;TORRINHA;12/2024;4.0
355500;TUPA;01/2024;567.0
355500;TUPA;02/2024;576.0
355500;TUPA;03/2024;629.0
355500;TUPA;04/2024;622.0
355500;TUPA;05/2024;788.0
355500;TUPA;06/2024;725.0
355500;TUPA;07/2024;679.0
355500;TUPA;08/2024;713.0
355500;TUPA;09/2024;677.0
355500;TUPA;10/2024;727.0
355500;TUPA;11/2024;657.0
355500;TUPA;12/2024;659.0
355510;TUPI PAULISTA;01/2024;82.0
355510;TUPI PAULISTA;02/2024;94.0
355510;TUPI PAULISTA;03/2024;107.0
355510;TUPI PAULISTA;04/2024;95.0
355510;TUPI PAULISTA;05/2024;106.0
355510;TUPI PAULISTA;06/2024;102.0
355510;TUPI PAULISTA;07/2024;87.0
355510;TUPI PAULISTA;08/2024;88.0
355510;TUPI PAULISTA;09/2024;96.0
355510;TUPI PAULISTA;10/2024;100.0
355510;TUPI PAULISTA;11/2024;78.0
355510;TUPI PAULISTA;12/2024;77.0
355540;UBATUBA;01/2024;446.0
355540;UBATUBA;02/2024;418.0
355540;UBATUBA;03/2024;446.0
355540;UBATUBA;04/2024;411.0
355540;UBATUBA;05/2024;436.0
355540;UBATUBA;06/2024;449.0
355540;UBATUBA;07/2024;420.0
355540;UBATUBA;08/2024;423.0
355540;UBATUBA;09/2024;382.0
355540;UBATUBA;10/2024;417.0
355540;UBATUBA;11/2024;362.0
355540;UBATUBA;12/2024;300.0
355580;URANIA;01/2024;15.0
355580;URANIA;02/2024;11.0
355580;URANIA;03/2024;8.0
355580;URANIA;04/2024;17.0
355580;URANIA;05/2024;27.0
355580;URANIA;06/2024;22.0
355580;URANIA;07/2024;26.0
355580;URANIA;08/2024;25.0
355580;URANIA;09/2024;28.0
355580;URANIA;10/2024;15.0
355580;URANIA;11/2024;25.0
355580;URANIA;12/2024;16.0
355600;URUPES;01/2024;37.0
355600;URUPES;02/2024;30.0
355600;URUPES;03/2024;37.0
355600;URUPES;04/2024;46.0
355600;URUPES;05/2024;56.0
355600;URUPES;06/2024;66.0
355600;URUPES;07/2024;34.0
355600;URUPES;08/2024;39.0
355600;URUPES;09/2024;39.0
355600;URUPES;10/2024;30.0
355600;URUPES;11/2024;32.0
355600;URUPES;12/2024;44.0
355620;VALINHOS;01/2024;326.0
355620;VALINHOS;02/2024;311.0
355620;VALINHOS;03/2024;348.0
355620;VALINHOS;04/2024;328.0
355620;VALINHOS;05/2024;360.0
355620;VALINHOS;06/2024;333.0
355620;VALINHOS;07/2024;363.0
355620;VALINHOS;08/2024;371.0
355620;VALINHOS;09/2024;323.0
355620;VALINHOS;10/2024;397.0
355620;VALINHOS;11/2024;353.0
355620;VALINHOS;12/2024;307.0
355630;VALPARAISO;01/2024;56.0
355630;VALPARAISO;02/2024;52.0
355630;VALPARAISO;03/2024;51.0
355630;VALPARAISO;04/2024;76.0
355630;VALPARAISO;05/2024;71.0
355630;VALPARAISO;06/2024;74.0
355630;VALPARAISO;07/2024;65.0
355630;VALPARAISO;08/2024;53.0
355630;VALPARAISO;09/2024;74.0
355630;VALPARAISO;10/2024;51.0
355630;VALPARAISO;11/2024;81.0
355630;VALPARAISO;12/2024;60.0
355640;VARGEM GRANDE DO SUL;01/2024;224.0
355640;VARGEM GRANDE DO SUL;02/2024;184.0
355640;VARGEM GRANDE DO SUL;03/2024;213.0
355640;VARGEM GRANDE DO SUL;04/2024;139.0
355640;VARGEM GRANDE DO SUL;05/2024;228.0
355640;VARGEM GRANDE DO SUL;06/2024;165.0
355640;VARGEM GRANDE DO SUL;07/2024;184.0
355640;VARGEM GRANDE DO SUL;08/2024;198.0
355640;VARGEM GRANDE DO SUL;09/2024;235.0
355640;VARGEM GRANDE DO SUL;10/2024;170.0
355640;VARGEM GRANDE DO SUL;11/2024;175.0
355640;VARGEM GRANDE DO SUL;12/2024;212.0
355650;VARZEA PAULISTA;01/2024;37.0
355650;VARZEA PAULISTA;02/2024;56.0
355650;VARZEA PAULISTA;03/2024;53.0
355650;VARZEA PAULISTA;04/2024;84.0
355650;VARZEA PAULISTA;05/2024;95.0
355650;VARZEA PAULISTA;06/2024;70.0
355650;VARZEA PAULISTA;07/2024;129.0
355650;VARZEA PAULISTA;08/2024;85.0
355650;VARZEA PAULISTA;09/2024;68.0
355650;VARZEA PAULISTA;10/2024;61.0
355650;VARZEA PAULISTA;11/2024;68.0
355650;VARZEA PAULISTA;12/2024;81.0
355670;VINHEDO;01/2024;405.0
355670;VINHEDO;02/2024;431.0
355670;VINHEDO;03/2024;492.0
355670;VINHEDO;04/2024;490.0
355670;VINHEDO;05/2024;556.0
355670;VINHEDO;06/2024;476.0
355670;VINHEDO;07/2024;520.0
355670;VINHEDO;08/2024;517.0
355670;VINHEDO;09/2024;501.0
355670;VINHEDO;10/2024;487.0
355670;VINHEDO;11/2024;474.0
355670;VINHEDO;12/2024;474.0
355680;VIRADOURO;01/2024;29.0
355680;VIRADOURO;02/2024;20.0
355680;VIRADOURO;03/2024;26.0
355680;VIRADOURO;04/2024;32.0
355680;VIRADOURO;05/2024;35.0
355680;VIRADOURO;06/2024;42.0
355680;VIRADOURO;07/2024;45.0
355680;VIRADOURO;08/2024;36.0
355680;VIRADOURO;09/2024;24.0
355680;VIRADOURO;10/2024;25.0
355680;VIRADOURO;11/2024;35.0
355680;VIRADOURO;12/2024;38.0
355700;VOTORANTIM;01/2024;351.0
355700;VOTORANTIM;02/2024;335.0
355700;VOTORANTIM;03/2024;314.0
355700;VOTORANTIM;04/2024;371.0
355700;VOTORANTIM;05/2024;325.0
355700;VOTORANTIM;06/2024;396.0
355700;VOTORANTIM;07/2024;447.0
355700;VOTORANTIM;08/2024;369.0
355700;VOTORANTIM;09/2024;340.0
355700;VOTORANTIM;10/2024;326.0
355700;VOTORANTIM;11/2024;330.0
355700;VOTORANTIM;12/2024;309.0
355710;VOTUPORANGA;01/2024;731.0
355710;VOTUPORANGA;02/2024;771.0
355710;VOTUPORANGA;03/2024;868.0
355710;VOTUPORANGA;04/2024;638.0
355710;VOTUPORANGA;05/2024;1227.0
355710;VOTUPORANGA;06/2024;915.0
355710;VOTUPORANGA;07/2024;854.0
355710;VOTUPORANGA;08/2024;856.0
355710;VOTUPORANGA;09/2024;819.0
355710;VOTUPORANGA;10/2024;890.0
355710;VOTUPORANGA;11/2024;885.0
355710;VOTUPORANGA;12/2024;980.0
355720;CHAVANTES;01/2024;95.0
355720;CHAVANTES;02/2024;97.0
355720;CHAVANTES;03/2024;93.0
355720;CHAVANTES;04/2024;99.0
355720;CHAVANTES;05/2024;133.0
355720;CHAVANTES;06/2024;84.0
355720;CHAVANTES;07/2024;67.0
355720;CHAVANTES;08/2024;88.0
355720;CHAVANTES;09/2024;116.0
355720;CHAVANTES;10/2024;99.0
355720;CHAVANTES;11/2024;102.0
355720;CHAVANTES;12/2024;87.0
Total;;01/2024;218471.0
Total;;02/2024;216670.0
Total;;03/2024;237253.0
Total;;04/2024;240313.0
Total;;05/2024;241864.0
Total;;06/2024;236023.0
Total;;07/2024;236927.0
Total;;08/2024;241588.0
Total;;09/2024;235658.0
Total;;10/2024;245624.0
Total;;11/2024;229859.0
Total;;12/2024;221343.0
