CODIGO_MUNICIPIO;MUNICIPIO;CODIGO_UF;2025/Jan;2025/Fev;2025/Mar;2025/Abr;2025/Mai;2025/Jun;2025/Jul;2025/Ago;2025/Set;2025/Out;2025/Nov;2025/Dez;Total
110001;ALTA FLORESTA D'OESTE;11;190;188;175;181;213;198;183;168;145;173;142;132;2088
110002;ARIQUEMES;11;415;382;474;494;529;488;616;431;421;482;388;411;5531
110003;CABIXI;11;11;0;10;19;21;16;15;15;12;23;16;10;168
110004;CACOAL;11;1593;1325;1417;1433;1240;1257;1551;1388;1300;1369;1257;1193;16323
110005;CEREJEIRAS;11;57;85;130;152;153;110;84;83;68;92;100;126;1240
110006;COLORADO DO OESTE;11;52;26;59;53;77;66;48;49;78;93;64;180;845
110007;CORUMBIARA;11;0;0;0;0;0;0;0;0;0;15;20;36;71
110008;COSTA MARQUES;11;14;11;9;20;30;26;23;45;19;35;19;29;280
110009;ESPIGAO D'OESTE;11;123;131;131;145;130;133;111;137;102;109;117;120;1489
110010;GUAJARA-MIRIM;11;120;99;118;89;146;117;211;288;633;707;689;360;3577
110011;JARU;11;239;249;282;265;320;267;266;238;193;201;200;239;2959
110012;JI-PARANA;11;1142;998;1072;1249;1224;987;1125;932;927;912;833;847;12248
110013;MACHADINHO D'OESTE;11;259;227;245;297;344;315;267;309;291;317;269;305;3445
110014;NOVA BRASILANDIA D'OESTE;11;53;75;82;97;100;111;109;87;103;81;70;67;1035
110015;OURO PRETO DO OESTE;11;226;197;220;269;296;242;263;275;228;273;227;225;2941
110018;PIMENTA BUENO;11;237;230;297;312;370;335;305;298;284;383;311;298;3660
110020;PORTO VELHO;11;3708;3613;3550;3732;3966;3698;4455;4539;4351;4517;4191;4149;48469
110025;PRESIDENTE MEDICI;11;86;105;94;114;105;89;133;107;82;83;85;78;1161
110026;RIO CRESPO;11;3;1;5;4;0;12;5;7;14;4;1;7;63
110028;ROLIM DE MOURA;11;280;293;334;326;476;386;356;352;347;374;320;329;4173
110029;SANTA LUZIA D'OESTE;11;23;22;49;81;53;28;60;31;42;44;35;30;498
110030;VILHENA;11;868;1056;956;1044;796;973;1217;1356;1354;1303;1531;1288;13742
110032;SAO MIGUEL DO GUAPORE;11;111;98;111;105;109;100;87;90;93;76;80;104;1164
110033;NOVA MAMORE;11;57;36;52;61;71;76;57;44;76;53;47;52;682
110034;ALVORADA D'OESTE;11;36;61;55;67;68;79;78;71;50;54;65;75;759
110037;ALTO ALEGRE DOS PARECIS;11;39;31;46;48;64;47;46;49;48;66;40;59;583
110040;ALTO PARAISO;11;21;22;29;36;29;29;24;18;30;24;17;19;298
110045;BURITIS;11;84;153;99;141;73;157;34;148;129;121;76;90;1305
110050;NOVO HORIZONTE DO OESTE;11;20;23;38;40;48;32;29;22;15;15;29;21;332
110060;CACAULANDIA;11;6;6;10;7;10;6;6;17;9;9;8;9;103
110070;CAMPO NOVO DE RONDONIA;11;10;11;8;8;11;7;10;6;5;7;9;6;98
110080;CANDEIAS DO JAMARI;11;16;3;8;14;26;21;21;28;13;26;19;26;221
110090;CASTANHEIRAS;11;0;0;0;0;0;0;0;0;0;0;0;0;0
110092;CHUPINGUAIA;11;0;0;0;0;0;0;0;0;0;0;0;0;0
110094;CUJUBIM;11;68;85;117;127;130;131;95;116;167;131;216;86;1469
110100;GOVERNADOR JORGE TEIXEIRA;11;2;2;4;4;9;13;13;4;4;4;6;10;75
110110;ITAPUA DO OESTE;11;5;6;12;9;14;8;16;5;12;17;13;13;130
110120;MINISTRO ANDREAZZA;11;23;15;20;14;20;24;19;23;18;20;19;23;238
110130;MIRANTE DA SERRA;11;17;30;35;21;18;30;35;19;35;29;30;17;316
110140;MONTE NEGRO;11;70;47;52;50;66;53;75;47;77;92;147;71;847
110143;NOVA UNIAO;11;4;8;12;10;15;14;7;11;10;7;7;5;110
110145;PARECIS;11;54;27;26;27;17;74;77;72;53;50;31;36;544
110146;PIMENTEIRAS DO OESTE;11;7;4;10;12;12;11;13;11;11;6;17;10;124
110147;PRIMAVERA DE RONDONIA;11;0;0;0;0;0;0;0;0;0;0;0;0;0
110148;SAO FELIPE D'OESTE;11;1;4;4;5;16;17;10;19;7;5;5;7;100
110149;SAO FRANCISCO DO GUAPORE;11;112;75;88;103;139;175;162;180;159;116;132;118;1559
110150;SERINGUEIRAS;11;93;74;107;113;112;111;122;112;106;112;129;0;1191
110155;TEIXEIROPOLIS;11;11;11;10;26;8;5;6;4;6;6;6;9;108
110160;THEOBROMA;11;6;11;20;15;13;20;16;7;5;17;5;6;141
110170;URUPA;11;53;48;48;57;78;91;78;62;66;58;78;79;796
110175;VALE DO ANARI;11;7;6;15;24;25;26;19;27;33;25;21;24;252
110180;VALE DO PARAISO;11;5;9;17;31;34;24;53;25;28;30;22;23;301
120001;ACRELANDIA;12;38;19;32;30;49;28;35;31;29;49;28;24;392
120005;ASSIS BRASIL;12;38;46;49;69;88;40;43;46;40;46;37;58;600
120010;BRASILEIA;12;259;228;256;323;247;247;221;271;243;288;255;212;3050
120013;BUJARI;12;0;0;0;0;0;0;0;0;0;0;0;0;0
120017;CAPIXABA;12;0;0;0;0;0;0;0;0;0;0;0;0;0
120020;CRUZEIRO DO SUL;12;997;908;1267;1451;1179;1685;1208;1063;1038;1070;891;1000;13757
120025;EPITACIOLANDIA;12;0;0;0;0;0;0;0;0;0;0;0;0;0
120030;FEIJO;12;53;122;128;88;94;101;104;81;58;101;135;100;1165
120032;JORDAO;12;0;0;0;0;0;0;0;0;0;0;0;0;0
120033;MANCIO LIMA;12;36;27;41;40;53;89;50;101;84;67;64;65;717
120034;MANOEL URBANO;12;54;33;40;42;57;41;48;32;0;0;0;94;441
120035;MARECHAL THAUMATURGO;12;66;65;60;77;76;61;56;56;56;61;0;42;676
120038;PLACIDO DE CASTRO;12;29;74;53;66;72;46;92;40;129;33;49;42;725
120039;PORTO WALTER;12;32;32;11;12;47;44;50;50;20;49;38;41;426
120040;RIO BRANCO;12;2209;2191;2765;3008;2913;2888;2553;2661;2830;3131;2474;2316;31939
120042;RODRIGUES ALVES;12;17;29;41;36;48;33;27;36;0;38;44;33;382
120043;SANTA ROSA DO PURUS;12;7;12;14;0;36;36;0;21;14;7;17;20;184
120045;SENADOR GUIOMARD;12;373;168;227;217;210;200;224;211;141;185;170;100;2426
120050;SENA MADUREIRA;12;111;111;117;124;123;141;131;117;147;155;158;133;1568
120060;TARAUACA;12;179;130;188;231;201;229;197;198;170;217;193;199;2332
120070;XAPURI;12;39;45;57;60;83;63;65;76;48;64;51;48;699
120080;PORTO ACRE;12;0;0;0;0;0;0;0;0;0;0;0;0;0
130002;ALVARAES;13;69;75;83;190;76;113;100;89;91;67;155;64;1172
130006;AMATURA;13;58;75;67;61;92;97;109;98;78;93;126;77;1031
130008;ANAMA;13;97;81;89;93;98;122;146;131;116;126;130;169;1398
130010;ANORI;13;277;130;190;171;136;71;89;101;59;78;102;73;1477
130014;APUI;13;66;76;22;82;63;132;114;96;82;107;68;96;1004
130020;ATALAIA DO NORTE;13;70;101;81;82;67;106;73;88;89;133;95;64;1049
130030;AUTAZES;13;122;96;128;150;111;114;104;119;107;177;152;153;1533
130040;BARCELOS;13;71;67;59;79;82;73;52;90;68;80;80;75;876
130050;BARREIRINHA;13;116;116;162;113;146;104;107;127;110;116;133;121;1471
130060;BENJAMIN CONSTANT;13;200;200;204;252;259;230;238;240;205;205;201;201;2635
130063;BERURI;13;95;99;91;79;61;112;109;93;100;102;101;110;1152
130068;BOA VISTA DO RAMOS;13;70;69;70;83;86;90;89;122;84;68;71;54;956
130070;BOCA DO ACRE;13;91;89;106;193;149;131;130;138;109;126;125;153;1540
130080;BORBA;13;159;111;128;130;162;116;119;143;199;129;0;0;1396
130083;CAAPIRANGA;13;44;44;39;37;56;53;66;41;40;58;44;54;576
130090;CANUTAMA;13;59;47;53;68;82;66;58;60;51;51;53;43;691
130100;CARAUARI;13;148;142;139;126;136;148;267;125;239;209;156;162;1997
130110;CAREIRO;13;143;118;129;156;139;128;148;147;149;119;114;115;1605
130115;CAREIRO DA VARZEA;13;0;0;0;0;3;2;4;9;4;8;6;0;36
130120;COARI;13;464;395;410;303;413;492;394;430;379;418;374;426;4898
130130;CODAJAS;13;94;95;104;104;113;108;107;106;102;101;114;130;1278
130140;EIRUNEPE;13;157;157;166;188;194;194;202;229;153;229;155;153;2177
130150;ENVIRA;13;124;79;73;34;81;81;109;99;80;68;91;122;1041
130160;FONTE BOA;13;110;134;128;101;165;168;94;119;147;136;109;98;1509
130165;GUAJARA;13;19;14;34;32;36;46;17;12;10;19;16;11;266
130170;HUMAITA;13;237;183;179;240;217;177;162;213;312;148;175;218;2461
130180;IPIXUNA;13;176;178;135;153;171;180;170;188;179;183;161;146;2020
130185;IRANDUBA;13;42;92;57;66;41;55;33;28;27;27;28;48;544
130190;ITACOATIARA;13;372;475;438;481;480;428;497;512;517;506;542;514;5762
130195;ITAMARATI;13;103;76;73;85;68;64;44;53;0;50;0;0;616
130200;ITAPIRANGA;13;27;16;29;34;70;41;55;40;39;60;86;64;561
130210;JAPURA;13;42;55;50;47;29;43;66;37;49;36;65;50;569
130220;JURUA;13;0;0;0;48;26;28;0;25;38;30;46;39;280
130230;JUTAI;13;159;146;165;158;136;123;156;141;125;124;113;134;1680
130240;LABREA;13;56;9;117;264;227;142;191;272;273;160;226;171;2108
130250;MANACAPURU;13;551;540;610;688;638;644;644;592;638;617;585;628;7375
130255;MANAQUIRI;13;52;49;69;79;94;61;104;120;101;85;66;56;936
130260;MANAUS;13;13974;11354;11799;11458;11494;13791;15916;15311;14406;16396;13092;13210;162201
130270;MANICORE;13;140;183;123;205;215;197;141;148;123;187;189;184;2035
130280;MARAA;13;51;49;65;53;48;63;42;32;44;49;0;0;496
130290;MAUES;13;211;231;224;209;233;245;261;255;244;291;249;244;2897
130300;NHAMUNDA;13;64;76;70;81;78;75;71;68;94;93;74;68;912
130310;NOVA OLINDA DO NORTE;13;100;82;108;93;84;114;102;105;109;103;107;128;1235
130320;NOVO AIRAO;13;96;82;73;87;71;83;100;102;83;129;114;140;1160
130330;NOVO ARIPUANA;13;96;77;82;143;122;91;100;107;155;107;142;90;1312
130340;PARINTINS;13;828;709;873;862;839;735;815;949;795;824;852;759;9840
130350;PAUINI;13;66;63;79;78;78;134;86;86;78;90;80;92;1010
130353;PRESIDENTE FIGUEIREDO;13;90;75;136;107;122;135;121;141;160;122;108;124;1441
130356;RIO PRETO DA EVA;13;29;41;42;33;48;50;70;16;43;23;36;30;461
130360;SANTA ISABEL DO RIO NEGRO;13;66;54;64;54;80;78;70;79;149;85;78;44;901
130370;SANTO ANTONIO DO ICA;13;300;301;130;122;147;121;140;133;132;127;190;143;1986
130380;SAO GABRIEL DA CACHOEIRA;13;168;125;129;175;159;227;110;171;190;101;358;128;2041
130390;SAO PAULO DE OLIVENCA;13;130;142;188;146;154;165;168;113;156;162;136;136;1796
130395;SAO SEBASTIAO DO UATUMA;13;55;41;52;64;53;54;57;67;70;70;44;53;680
130400;SILVES;13;40;46;51;144;64;61;63;64;59;86;105;69;852
130406;TABATINGA;13;33;30;34;0;31;25;16;194;24;27;25;16;455
130410;TAPAUA;13;109;40;64;56;71;99;139;108;67;62;72;78;965
130420;TEFE;13;350;496;489;514;456;549;524;555;459;529;569;655;6145
130423;TONANTINS;13;104;84;121;129;112;112;129;127;121;185;107;134;1465
130426;UARINI;13;85;79;70;94;80;89;85;80;67;78;65;104;976
130430;URUCARA;13;72;63;109;92;90;96;85;84;74;88;133;95;1081
130440;URUCURITUBA;13;40;32;40;41;35;43;35;40;49;50;32;26;463
140002;AMAJARI;14;0;0;0;0;0;0;0;0;0;0;0;0;0
140005;ALTO ALEGRE;14;1;6;0;24;14;8;0;4;24;13;12;10;116
140010;BOA VISTA;14;3453;2612;3036;2665;2468;2442;2742;2865;2417;2061;2486;1851;31098
140015;BONFIM;14;5;0;0;0;0;0;0;6;5;0;0;3;19
140017;CANTA;14;0;0;0;0;0;0;0;0;0;0;0;0;0
140020;CARACARAI;14;8;8;7;8;15;11;9;11;10;13;14;11;125
140023;CAROEBE;14;20;13;14;9;12;14;3;17;15;17;0;18;152
140028;IRACEMA;14;0;0;0;0;0;0;0;0;0;0;0;0;0
140030;MUCAJAI;14;0;0;4;0;12;6;4;0;8;8;0;0;42
140040;NORMANDIA;14;0;0;18;10;0;12;14;17;11;19;5;16;122
140045;PACARAIMA;14;23;27;23;9;24;13;0;21;35;16;0;18;209
140047;RORAINOPOLIS;14;337;179;331;151;332;406;202;228;189;162;207;170;2894
140050;SAO JOAO DA BALIZA;14;25;10;20;11;13;15;22;24;16;25;16;24;221
140060;SAO LUIZ DO ANAUA;14;10;0;6;8;8;8;7;0;8;12;0;7;74
140070;UIRAMUTA;14;0;0;0;0;0;0;0;0;0;0;0;0;0
150010;ABAETETUBA;15;966;929;974;938;656;1319;1013;1065;1048;932;1038;1091;11969
150013;ABEL FIGUEIREDO;15;27;30;38;27;47;34;38;50;47;62;35;34;469
150020;ACARA;15;123;123;138;111;127;137;212;149;164;172;126;127;1709
150030;AFUA;15;79;70;71;79;78;78;86;68;73;53;66;52;853
150034;AGUA AZUL DO NORTE;15;63;78;81;100;94;80;63;79;78;78;75;47;916
150040;ALENQUER;15;457;449;476;454;472;455;466;445;465;475;495;501;5610
150050;ALMEIRIM;15;162;146;169;173;192;152;128;183;191;157;105;211;1969
150060;ALTAMIRA;15;879;1050;1271;1080;1067;1018;1102;1119;1291;1123;1056;757;12813
150070;ANAJAS;15;133;136;0;269;134;135;131;139;123;0;129;137;1466
150080;ANANINDEUA;15;2331;2114;2077;2009;2148;2050;2192;2041;2121;2099;2049;2018;25249
150085;ANAPU;15;98;82;129;88;139;147;123;137;182;136;198;175;1634
150090;AUGUSTO CORREA;15;316;311;277;313;285;266;310;340;379;367;358;366;3888
150095;AURORA DO PARA;15;97;86;118;173;148;160;123;115;121;127;100;69;1437
150100;AVEIRO;15;0;0;0;0;0;0;0;0;0;0;0;0;0
150110;BAGRE;15;38;35;47;38;18;43;49;49;60;66;65;75;583
150120;BAIAO;15;182;113;102;143;161;147;164;142;98;125;137;135;1649
150125;BANNACH;15;26;7;9;17;14;15;12;16;14;16;23;18;187
150130;BARCARENA;15;678;669;680;434;675;594;633;643;448;354;428;514;6750
150140;BELEM;15;11043;10951;11809;11223;12343;12808;13115;13202;12511;13937;12890;13291;149123
150145;BELTERRA;15;27;23;26;24;32;29;25;27;26;31;23;30;323
150150;BENEVIDES;15;0;0;0;0;0;0;0;0;0;0;0;0;0
150157;BOM JESUS DO TOCANTINS;15;87;71;77;77;103;80;115;76;85;72;76;86;1005
150160;BONITO;15;0;0;0;0;0;0;0;0;0;0;0;0;0
150170;BRAGANCA;15;899;1015;938;1053;1069;945;984;940;942;827;901;797;11310
150172;BRASIL NOVO;15;295;223;227;243;264;185;271;264;259;260;232;211;2934
150175;BREJO GRANDE DO ARAGUAIA;15;58;56;58;58;60;57;57;58;57;59;58;58;694
150178;BREU BRANCO;15;95;73;147;98;160;124;147;150;167;129;94;120;1504
150180;BREVES;15;812;796;852;871;912;829;838;848;791;891;775;883;10098
150190;BUJARU;15;0;0;0;0;0;0;0;0;0;0;0;0;0
150195;CACHOEIRA DO PIRIA;15;0;0;0;0;0;0;0;0;0;0;0;0;0
150200;CACHOEIRA DO ARARI;15;103;106;117;116;114;113;109;109;110;113;134;142;1386
150210;CAMETA;15;587;617;767;736;822;738;710;667;691;716;587;643;8281
150215;CANAA DOS CARAJAS;15;525;470;605;494;551;487;489;547;485;567;471;551;6242
150220;CAPANEMA;15;804;667;671;790;806;813;947;749;733;852;778;902;9512
150230;CAPITAO POCO;15;119;83;90;86;98;113;87;79;98;78;85;120;1136
150240;CASTANHAL;15;2151;1890;2109;2141;2052;2091;2270;2359;2461;2384;2581;2155;26644
150250;CHAVES;15;8;9;8;17;20;18;7;12;11;19;23;23;175
150260;COLARES;15;0;0;0;0;0;0;0;0;0;0;0;0;0
150270;CONCEICAO DO ARAGUAIA;15;386;364;398;370;363;373;369;382;377;375;366;362;4485
150275;CONCORDIA DO PARA;15;71;71;75;62;76;66;110;98;85;89;86;104;993
150276;CUMARU DO NORTE;15;71;70;84;104;105;94;84;99;89;90;88;80;1058
150277;CURIONOPOLIS;15;107;95;99;98;95;88;90;93;96;84;84;89;1118
150280;CURRALINHO;15;155;138;173;156;155;211;187;181;152;130;165;182;1985
150285;CURUA;15;0;0;0;0;0;0;0;0;0;0;0;0;0
150290;CURUCA;15;164;168;125;142;120;101;104;105;124;121;120;223;1617
150293;DOM ELISEU;15;169;149;142;148;163;140;131;110;141;130;131;88;1642
150295;ELDORADO DOS CARAJAS;15;94;87;126;99;145;123;141;122;122;104;117;98;1378
150300;FARO;15;38;38;35;38;37;38;38;38;38;37;38;38;451
150304;FLORESTA DO ARAGUAIA;15;101;87;92;93;95;64;41;79;99;95;97;104;1047
150307;GARRAFAO DO NORTE;15;47;36;35;31;55;46;46;38;29;41;31;14;449
150309;GOIANESIA DO PARA;15;89;125;115;117;122;101;89;88;117;127;120;124;1334
150310;GURUPA;15;176;122;156;164;154;157;206;193;196;93;149;159;1925
150320;IGARAPE-ACU;15;124;143;115;119;51;144;132;131;132;88;68;140;1387
150330;IGARAPE-MIRI;15;524;604;620;630;665;673;617;651;641;631;620;616;7492
150340;INHANGAPI;15;2;1;1;5;4;1;4;12;12;8;19;0;69
150345;IPIXUNA DO PARA;15;259;269;395;376;328;356;305;282;283;285;277;227;3642
150350;IRITUIA;15;29;31;35;44;45;72;52;76;78;35;57;21;575
150360;ITAITUBA;15;745;705;850;786;715;703;762;896;876;798;847;710;9393
150370;ITUPIRANGA;15;106;90;83;161;137;96;172;155;126;152;114;128;1520
150375;JACAREACANGA;15;108;103;113;113;113;114;115;108;114;117;0;183;1301
150380;JACUNDA;15;282;422;464;470;493;474;422;488;468;486;487;678;5634
150390;JURUTI;15;159;168;182;213;211;200;163;177;223;194;206;218;2314
150400;LIMOEIRO DO AJURU;15;67;73;122;96;106;117;98;107;105;116;103;93;1203
150405;MAE DO RIO;15;174;126;131;175;193;200;160;198;201;156;175;150;2039
150410;MAGALHAES BARATA;15;0;0;0;0;0;0;0;0;0;0;0;0;0
150420;MARABA;15;1347;1465;1517;1346;1360;1433;1437;1664;1465;1675;1176;1385;17270
150430;MARACANA;15;26;31;34;28;38;51;33;43;31;38;35;21;409
150440;MARAPANIM;15;30;27;41;38;39;50;0;0;0;0;0;0;225
150442;MARITUBA;15;661;499;559;584;688;622;587;665;652;590;671;697;7475
150445;MEDICILANDIA;15;84;102;134;136;148;168;208;207;139;160;165;215;1866
150450;MELGACO;15;2;3;2;2;2;2;48;68;82;85;77;72;445
150460;MOCAJUBA;15;186;176;173;161;172;192;175;190;195;181;190;198;2189
150470;MOJU;15;155;157;157;160;179;200;151;209;191;214;209;222;2204
150475;MOJUI DOS CAMPOS;15;0;0;0;0;0;0;0;0;0;0;0;0;0
150480;MONTE ALEGRE;15;302;311;297;310;292;219;230;305;303;323;331;314;3537
150490;MUANA;15;161;153;167;188;190;198;176;182;161;184;209;187;2156
150495;NOVA ESPERANCA DO PIRIA;15;0;43;44;36;77;53;37;29;66;43;53;92;573
150497;NOVA IPIXUNA;15;20;23;34;30;37;36;31;20;20;33;26;29;339
150500;NOVA TIMBOTEUA;15;0;0;0;0;0;0;0;0;0;0;0;0;0
150503;NOVO PROGRESSO;15;161;188;161;222;202;163;160;147;157;212;140;247;2160
150506;NOVO REPARTIMENTO;15;40;68;93;112;161;109;95;129;154;114;111;113;1299
150510;OBIDOS;15;200;198;186;202;251;235;262;285;260;209;191;210;2689
150520;OEIRAS DO PARA;15;94;95;91;99;100;102;99;106;95;103;104;104;1192
150530;ORIXIMINA;15;414;403;465;501;477;524;501;488;488;488;491;442;5682
150540;OUREM;15;75;69;88;71;65;69;82;73;67;76;67;57;859
150543;OURILANDIA DO NORTE;15;347;644;506;540;564;482;530;605;519;660;822;536;6755
150548;PACAJA;15;241;229;205;204;216;204;171;210;183;165;205;173;2406
150549;PALESTINA DO PARA;15;42;31;21;127;159;102;160;181;168;174;146;167;1478
150550;PARAGOMINAS;15;628;572;614;578;668;646;1020;939;839;724;703;764;8695
150553;PARAUAPEBAS;15;994;1019;1000;988;1356;1265;829;1111;1072;887;1190;1166;12877
150555;PAU D'ARCO;15;41;35;110;116;115;134;125;130;113;128;120;99;1266
150560;PEIXE-BOI;15;0;0;0;0;0;0;0;0;0;0;0;0;0
150563;PICARRA;15;51;58;61;62;56;57;55;47;51;58;61;61;678
150565;PLACAS;15;130;110;109;121;118;130;120;138;101;117;174;120;1488
150570;PONTA DE PEDRAS;15;95;98;94;94;95;94;0;186;95;94;96;96;1137
150580;PORTEL;15;249;234;216;226;253;216;255;242;268;254;268;282;2963
150590;PORTO DE MOZ;15;151;124;187;161;198;159;156;185;200;198;179;171;2069
150600;PRAINHA;15;147;143;150;123;156;167;163;132;117;111;140;137;1686
150610;PRIMAVERA;15;0;0;0;0;0;0;0;0;0;0;0;0;0
150611;QUATIPURU;15;0;0;0;0;0;0;0;0;0;0;0;0;0
150613;REDENCAO;15;873;871;935;1011;987;962;980;968;957;1045;979;932;11500
150616;RIO MARIA;15;412;307;328;387;374;398;395;387;411;398;336;160;4293
150618;RONDON DO PARA;15;189;193;193;191;188;194;248;233;230;229;213;215;2516
150619;RUROPOLIS;15;155;153;179;160;225;176;210;196;154;208;203;184;2203
150620;SALINOPOLIS;15;244;247;242;239;230;237;242;256;245;234;233;241;2890
150630;SALVATERRA;15;95;99;99;100;93;124;138;108;103;99;96;79;1233
150635;SANTA BARBARA DO PARA;15;0;0;0;0;0;0;0;0;0;0;0;0;0
150640;SANTA CRUZ DO ARARI;15;46;50;47;71;56;46;50;54;58;38;54;55;625
150650;SANTA IZABEL DO PARA;15;172;171;179;197;213;236;237;283;311;308;304;441;3052
150655;SANTA LUZIA DO PARA;15;0;0;0;0;0;0;0;0;0;0;0;0;0
150658;SANTA MARIA DAS BARREIRAS;15;67;40;58;95;67;81;80;77;72;70;63;84;854
150660;SANTA MARIA DO PARA;15;75;90;92;319;317;223;198;166;165;307;322;243;2517
150670;SANTANA DO ARAGUAIA;15;212;244;292;228;244;185;221;167;181;181;197;175;2527
150680;SANTAREM;15;2135;1747;1910;1876;2053;2008;2155;2065;2015;2030;1885;1937;23816
150690;SANTAREM NOVO;15;0;0;0;0;0;0;0;0;0;0;0;0;0
150700;SANTO ANTONIO DO TAUA;15;419;415;420;420;413;424;423;423;364;368;369;358;4816
150710;SAO CAETANO DE ODIVELAS;15;0;0;0;0;0;0;0;0;0;0;0;0;0
150715;SAO DOMINGOS DO ARAGUAIA;15;30;17;41;39;60;44;51;19;75;68;69;50;563
150720;SAO DOMINGOS DO CAPIM;15;60;67;69;15;0;59;104;141;118;132;104;85;954
150730;SAO FELIX DO XINGU;15;365;373;317;347;329;307;335;294;343;194;260;273;3737
150740;SAO FRANCISCO DO PARA;15;0;0;0;0;0;0;0;0;0;0;0;0;0
150745;SAO GERALDO DO ARAGUAIA;15;117;101;137;148;153;120;113;148;136;139;128;127;1567
150746;SAO JOAO DA PONTA;15;0;0;0;0;0;0;0;0;0;0;0;0;0
150747;SAO JOAO DE PIRABAS;15;49;53;69;67;42;91;68;70;44;68;41;46;708
150750;SAO JOAO DO ARAGUAIA;15;14;20;8;14;15;9;6;12;18;9;10;7;142
150760;SAO MIGUEL DO GUAMA;15;155;153;183;205;286;254;282;261;244;240;238;297;2798
150770;SAO SEBASTIAO DA BOA VISTA;15;121;133;132;132;135;128;137;131;132;134;129;31;1475
150775;SAPUCAIA;15;19;33;16;42;28;32;19;21;31;36;24;18;319
150780;SENADOR JOSE PORFIRIO;15;91;65;124;149;206;130;142;126;178;167;144;96;1618
150790;SOURE;15;128;118;117;111;130;113;143;173;102;139;170;99;1543
150795;TAILANDIA;15;347;361;334;368;336;363;348;372;323;364;333;366;4215
150796;TERRA ALTA;15;0;0;0;0;0;0;0;0;0;0;0;0;0
150797;TERRA SANTA;15;34;39;147;55;70;68;121;99;96;63;103;134;1029
150800;TOME-ACU;15;244;230;260;276;260;255;260;264;253;262;240;247;3051
150803;TRACUATEUA;15;104;110;107;109;112;108;117;115;109;108;92;99;1290
150805;TRAIRAO;15;104;98;124;125;141;113;155;132;132;132;74;154;1484
150808;TUCUMA;15;175;130;137;170;137;158;112;158;344;191;182;130;2024
150810;TUCURUI;15;638;749;746;745;724;740;744;694;693;674;619;688;8454
150812;ULIANOPOLIS;15;123;422;518;339;317;307;279;388;297;296;282;266;3834
150815;URUARA;15;331;336;325;317;371;331;300;301;305;289;319;307;3832
150820;VIGIA;15;97;116;157;182;183;190;131;148;148;102;140;130;1724
150830;VISEU;15;152;163;187;183;202;168;206;144;111;159;152;165;1992
150835;VITORIA DO XINGU;15;173;128;114;131;157;168;142;120;191;137;219;89;1769
150840;XINGUARA;15;246;230;295;250;256;215;197;256;253;283;247;264;2992
160005;SERRA DO NAVIO;16;3;5;4;4;4;0;8;2;1;1;3;1;36
160010;AMAPA;16;17;7;0;23;0;10;7;8;4;15;10;13;114
160015;PEDRA BRANCA DO AMAPARI;16;17;12;12;8;9;5;10;10;10;4;7;10;114
160020;CALCOENE;16;27;20;14;39;25;33;14;24;14;22;15;20;267
160021;CUTIAS;16;0;0;0;0;0;0;0;0;0;0;0;0;0
160023;FERREIRA GOMES;16;7;22;11;2;0;14;2;0;2;0;1;0;61
160025;ITAUBAL;16;0;0;0;0;0;0;0;0;0;0;0;0;0
160027;LARANJAL DO JARI;16;328;345;357;380;404;386;356;376;365;366;413;327;4403
160030;MACAPA;16;3033;2901;3578;3652;3590;3564;3694;3564;3566;3562;2882;3610;41196
160040;MAZAGAO;16;20;9;12;14;8;18;11;8;3;9;17;13;142
160050;OIAPOQUE;16;123;109;128;158;169;176;179;154;139;157;108;137;1737
160053;PORTO GRANDE;16;0;96;165;343;464;444;218;223;211;224;238;250;2876
160055;PRACUUBA;16;0;0;0;0;0;0;0;0;0;0;0;0;0
160060;SANTANA;16;613;450;686;601;541;623;536;563;455;516;476;519;6579
160070;TARTARUGALZINHO;16;31;47;42;34;32;39;24;25;22;27;25;0;348
160080;VITORIA DO JARI;16;0;0;0;0;0;0;0;0;0;0;0;0;0
170025;ABREULANDIA;17;0;0;0;0;0;0;0;0;0;0;0;0;0
170030;AGUIARNOPOLIS;17;0;0;0;0;0;0;0;0;0;0;0;0;0
170035;ALIANCA DO TOCANTINS;17;0;0;0;0;0;0;0;0;0;0;0;0;0
170040;ALMAS;17;0;0;0;0;0;0;0;0;0;0;0;0;0
170070;ALVORADA;17;27;41;15;39;44;68;22;14;13;24;23;10;340
170100;ANANAS;17;9;3;16;15;25;14;16;9;18;10;11;12;158
170105;ANGICO;17;0;0;0;0;0;0;0;0;0;0;0;0;0
170110;APARECIDA DO RIO NEGRO;17;0;0;0;0;0;0;0;0;0;0;0;0;0
170130;ARAGOMINAS;17;0;0;0;0;0;0;0;0;0;0;0;0;0
170190;ARAGUACEMA;17;67;49;47;87;85;90;73;104;69;79;35;69;854
170200;ARAGUACU;17;65;64;51;59;94;52;0;55;0;45;30;36;551
170210;ARAGUAINA;17;2072;2101;2455;2382;2445;2226;2641;2264;2153;2293;2027;2173;27232
170215;ARAGUANA;17;0;0;0;0;0;0;0;0;0;0;0;0;0
170220;ARAGUATINS;17;83;86;66;75;126;110;101;113;108;122;100;100;1190
170230;ARAPOEMA;17;97;88;112;87;117;119;88;107;110;108;92;114;1239
170240;ARRAIAS;17;139;109;188;61;204;109;153;98;147;141;131;93;1573
170255;AUGUSTINOPOLIS;17;457;372;307;322;174;368;405;539;372;396;363;392;4467
170270;AURORA DO TOCANTINS;17;0;0;0;0;0;0;0;0;0;0;0;0;0
170290;AXIXA DO TOCANTINS;17;0;0;0;0;0;0;0;0;0;0;0;0;0
170300;BABACULANDIA;17;0;0;0;0;0;0;0;0;0;0;0;0;0
170305;BANDEIRANTES DO TOCANTINS;17;0;0;0;0;0;0;0;0;0;0;0;0;0
170307;BARRA DO OURO;17;0;0;0;0;0;0;0;0;0;0;0;0;0
170310;BARROLANDIA;17;0;0;0;0;0;0;0;0;0;0;0;0;0
170320;BERNARDO SAYAO;17;0;0;0;0;0;0;0;0;0;0;0;0;0
170330;BOM JESUS DO TOCANTINS;17;0;0;0;0;0;0;0;0;0;0;0;0;0
170360;BRASILANDIA DO TOCANTINS;17;0;0;0;0;0;0;0;0;0;0;0;0;0
170370;BREJINHO DE NAZARE;17;0;0;0;0;0;0;0;0;0;0;0;0;0
170380;BURITI DO TOCANTINS;17;0;0;0;0;0;0;0;0;0;0;0;0;0
170382;CACHOEIRINHA;17;0;0;0;0;0;0;0;0;0;0;0;0;0
170384;CAMPOS LINDOS;17;0;0;0;0;0;0;0;0;0;0;0;0;0
170386;CARIRI DO TOCANTINS;17;0;0;0;0;0;0;0;0;0;0;0;0;0
170388;CARMOLANDIA;17;0;0;0;0;0;0;0;0;0;0;0;0;0
170389;CARRASCO BONITO;17;0;0;0;0;0;0;0;0;0;0;0;0;0
170390;CASEARA;17;0;0;0;0;0;0;0;0;0;0;0;0;0
170410;CENTENARIO;17;0;0;0;0;0;0;0;0;0;0;0;0;0
170460;CHAPADA DE AREIA;17;0;0;0;0;0;0;0;0;0;0;0;0;0
170510;CHAPADA DA NATIVIDADE;17;0;0;0;0;0;0;0;0;0;0;0;0;0
170550;COLINAS DO TOCANTINS;17;121;154;152;120;218;171;161;136;169;173;167;173;1915
170555;COMBINADO;17;0;0;0;0;0;0;0;0;0;0;0;0;0
170560;CONCEICAO DO TOCANTINS;17;0;0;0;0;0;0;0;0;0;0;0;0;0
170600;COUTO MAGALHAES;17;0;0;0;0;0;0;0;0;0;0;0;0;0
170610;CRISTALANDIA;17;1;13;0;5;9;0;13;4;0;0;0;0;45
170625;CRIXAS DO TOCANTINS;17;0;0;0;0;0;0;0;0;0;0;0;0;0
170650;DARCINOPOLIS;17;0;0;0;0;0;0;0;0;0;0;0;0;0
170700;DIANOPOLIS;17;187;128;146;140;245;196;164;136;134;139;160;159;1934
170710;DIVINOPOLIS DO TOCANTINS;17;4;11;11;41;12;39;27;21;24;6;3;3;202
170720;DOIS IRMAOS DO TOCANTINS;17;0;0;0;0;0;0;0;0;0;0;0;0;0
170730;DUERE;17;3;0;1;7;6;44;0;0;26;0;17;0;104
170740;ESPERANTINA;17;0;0;0;0;0;0;0;0;0;0;0;0;0
170755;FATIMA;17;0;0;0;0;0;0;0;0;0;0;0;0;0
170765;FIGUEIROPOLIS;17;0;0;0;0;0;0;0;0;0;0;0;0;0
170770;FILADELFIA;17;0;0;0;0;0;0;0;0;0;0;0;0;0
170820;FORMOSO DO ARAGUAIA;17;62;45;70;99;97;69;41;41;65;89;59;61;798
170825;TABOCAO;17;0;0;0;0;0;0;0;0;0;0;0;0;0
170830;GOIANORTE;17;0;0;0;0;0;0;0;0;0;0;0;0;0
170900;GOIATINS;17;13;3;4;16;14;13;11;11;11;8;5;4;113
170930;GUARAI;17;225;235;238;170;249;231;296;186;277;267;252;218;2844
170950;GURUPI;17;845;890;814;914;969;825;869;959;879;934;865;805;10568
170980;IPUEIRAS;17;0;0;0;0;0;0;0;0;0;0;0;0;0
171050;ITACAJA;17;17;16;32;15;52;27;21;28;12;16;23;18;277
171070;ITAGUATINS;17;0;0;0;0;0;0;0;0;0;0;0;0;0
171090;ITAPIRATINS;17;0;0;0;0;0;0;0;0;0;0;0;0;0
171110;ITAPORA DO TOCANTINS;17;0;0;0;0;0;0;0;0;0;0;0;0;0
171150;JAU DO TOCANTINS;17;0;0;0;0;0;0;0;0;0;0;0;0;0
171180;JUARINA;17;0;0;0;0;0;0;0;0;0;0;0;0;0
171190;LAGOA DA CONFUSAO;17;7;8;5;0;0;0;0;0;0;0;0;0;20
171195;LAGOA DO TOCANTINS;17;0;0;0;0;0;0;0;0;0;0;0;0;0
171200;LAJEADO;17;0;0;0;0;0;0;0;0;0;0;0;0;0
171215;LAVANDEIRA;17;0;0;0;0;0;0;0;0;0;0;0;0;0
171240;LIZARDA;17;0;0;0;0;0;0;0;0;0;0;0;0;0
171245;LUZINOPOLIS;17;0;0;0;0;0;0;0;0;0;0;0;0;0
171250;MARIANOPOLIS DO TOCANTINS;17;0;0;0;0;0;0;0;0;0;0;0;0;0
171270;MATEIROS;17;0;0;0;0;0;0;0;0;0;0;0;0;0
171280;MAURILANDIA DO TOCANTINS;17;0;0;0;0;0;0;0;0;0;0;0;0;0
171320;MIRACEMA DO TOCANTINS;17;264;278;276;269;354;295;281;331;290;282;331;256;3507
171330;MIRANORTE;17;0;0;0;0;0;0;0;0;0;0;0;0;0
171360;MONTE DO CARMO;17;0;0;0;0;0;0;0;0;0;0;0;0;0
171370;MONTE SANTO DO TOCANTINS;17;0;0;0;0;0;0;0;0;0;0;0;0;0
171380;PALMEIRAS DO TOCANTINS;17;0;0;0;0;0;0;0;0;0;0;0;0;0
171395;MURICILANDIA;17;0;0;0;0;0;0;0;0;0;0;0;0;0
171420;NATIVIDADE;17;6;4;4;12;14;19;4;20;9;26;5;8;131
171430;NAZARE;17;0;0;0;0;0;0;0;0;0;0;0;0;0
171488;NOVA OLINDA;17;0;0;0;0;0;0;0;0;0;0;0;0;0
171500;NOVA ROSALANDIA;17;0;0;0;0;0;0;0;0;0;0;0;0;0
171510;NOVO ACORDO;17;0;0;0;0;0;0;0;0;0;0;0;0;0
171515;NOVO ALEGRE;17;0;0;0;0;0;0;0;0;0;0;0;0;0
171525;NOVO JARDIM;17;0;0;0;0;0;0;0;0;0;0;0;0;0
171550;OLIVEIRA DE FATIMA;17;0;0;0;0;0;0;0;0;0;0;0;0;0
171570;PALMEIRANTE;17;0;0;0;0;0;0;0;0;0;0;0;0;0
171575;PALMEIROPOLIS;17;0;0;0;5;17;24;24;16;28;23;25;17;179
171610;PARAISO DO TOCANTINS;17;565;655;573;598;199;739;485;635;475;535;649;345;6453
171620;PARANA;17;17;42;17;32;11;23;29;51;36;39;31;29;357
171630;PAU D'ARCO;17;0;0;0;0;0;0;0;0;0;0;0;0;0
171650;PEDRO AFONSO;17;62;109;90;100;109;113;68;61;97;105;68;66;1048
171660;PEIXE;17;19;22;25;35;33;25;30;26;11;24;35;23;308
171665;PEQUIZEIRO;17;0;0;0;0;0;0;0;0;0;0;0;0;0
171670;COLMEIA;17;0;0;0;0;0;0;0;0;0;0;0;0;0
171700;PINDORAMA DO TOCANTINS;17;0;0;9;8;10;10;6;9;16;19;21;4;112
171720;PIRAQUE;17;0;0;0;0;0;0;0;0;0;0;0;0;0
171750;PIUM;17;59;71;31;64;68;55;7;32;28;12;36;10;473
171780;PONTE ALTA DO BOM JESUS;17;0;0;0;0;0;0;0;0;0;0;0;0;0
171790;PONTE ALTA DO TOCANTINS;17;4;4;4;6;21;13;15;7;4;13;9;14;114
171800;PORTO ALEGRE DO TOCANTINS;17;0;0;0;0;0;0;0;0;0;0;0;0;0
171820;PORTO NACIONAL;17;575;391;541;676;655;540;637;559;519;797;595;598;7083
171830;PRAIA NORTE;17;0;0;0;0;0;0;0;0;0;0;0;0;0
171840;PRESIDENTE KENNEDY;17;0;0;0;0;0;0;0;0;0;0;0;0;0
171845;PUGMIL;17;0;0;0;0;0;0;0;0;0;0;0;0;0
171850;RECURSOLANDIA;17;0;0;0;0;0;0;0;0;0;0;0;0;0
171855;RIACHINHO;17;0;0;0;0;0;0;0;0;0;0;0;0;0
171865;RIO DA CONCEICAO;17;0;0;0;0;0;0;0;0;0;0;0;0;0
171870;RIO DOS BOIS;17;0;0;0;0;0;0;0;0;0;0;0;0;0
171875;RIO SONO;17;0;0;0;0;0;0;0;0;0;0;0;0;0
171880;SAMPAIO;17;0;0;0;0;0;0;0;0;0;0;0;0;0
171884;SANDOLANDIA;17;0;0;0;0;0;0;0;0;0;0;0;0;0
171886;SANTA FE DO ARAGUAIA;17;0;0;0;0;0;0;0;0;0;0;0;0;0
171888;SANTA MARIA DO TOCANTINS;17;0;0;0;0;0;0;0;0;0;0;0;0;0
171889;SANTA RITA DO TOCANTINS;17;0;0;0;0;0;0;0;0;0;0;0;0;0
171890;SANTA ROSA DO TOCANTINS;17;0;0;0;0;0;0;0;0;0;0;0;0;0
171900;SANTA TEREZA DO TOCANTINS;17;0;0;0;0;0;0;0;0;0;0;0;0;0
172000;SANTA TEREZINHA DO TOCANTINS;17;0;0;0;0;0;0;0;0;0;0;0;0;0
172010;SAO BENTO DO TOCANTINS;17;0;0;0;0;0;0;0;0;0;0;0;0;0
172015;SAO FELIX DO TOCANTINS;17;0;0;0;0;0;0;0;0;0;0;0;0;0
172020;SAO MIGUEL DO TOCANTINS;17;0;0;0;0;0;0;0;0;0;0;0;0;0
172025;SAO SALVADOR DO TOCANTINS;17;0;0;0;0;0;0;0;0;0;0;0;0;0
172030;SAO SEBASTIAO DO TOCANTINS;17;0;0;0;0;0;0;0;0;0;0;0;0;0
172049;SAO VALERIO;17;0;0;0;0;0;0;0;0;0;0;0;0;0
172065;SILVANOPOLIS;17;13;10;9;7;17;15;9;7;5;12;7;8;119
172080;SITIO NOVO DO TOCANTINS;17;0;14;17;20;31;29;21;19;20;36;29;31;267
172085;SUCUPIRA;17;0;0;0;0;0;0;0;0;0;0;0;0;0
172090;TAGUATINGA;17;53;71;64;71;65;60;52;42;44;48;36;35;641
172093;TAIPAS DO TOCANTINS;17;0;0;0;0;0;0;0;0;0;0;0;0;0
172097;TALISMA;17;0;0;0;0;0;0;0;0;0;0;0;0;0
172100;PALMAS;17;2606;2643;2509;2368;2474;2767;2474;2626;2696;2301;1966;1694;29124
172110;TOCANTINIA;17;0;0;0;0;0;0;0;0;0;0;0;0;0
172120;TOCANTINOPOLIS;17;89;91;104;92;97;97;83;80;96;82;52;77;1040
172125;TUPIRAMA;17;0;0;0;0;0;0;0;0;0;0;0;0;0
172130;TUPIRATINS;17;0;0;0;0;0;0;0;0;0;0;0;0;0
172208;WANDERLANDIA;17;0;0;0;0;0;0;0;0;0;0;0;0;0
172210;XAMBIOA;17;129;51;141;122;166;116;151;120;143;98;80;113;1430
210005;ACAILANDIA;21;969;484;824;665;527;807;800;875;921;896;752;753;9273
210010;AFONSO CUNHA;21;10;9;8;14;12;13;17;10;6;8;12;12;131
210015;AGUA DOCE DO MARANHAO;21;0;0;0;0;0;0;0;0;0;0;0;0;0
210020;ALCANTARA;21;26;64;102;102;105;73;84;75;48;86;82;82;929
210030;ALDEIAS ALTAS;21;45;39;42;38;46;55;50;45;45;42;48;37;532
210040;ALTAMIRA DO MARANHAO;21;0;0;0;0;0;0;0;0;0;0;0;0;0
210043;ALTO ALEGRE DO MARANHAO;21;283;271;376;363;275;334;357;232;384;362;286;295;3818
210047;ALTO ALEGRE DO PINDARE;21;202;188;221;196;201;210;175;209;211;208;221;221;2463
210050;ALTO PARNAIBA;21;26;18;27;27;44;33;24;29;20;29;20;18;315
210055;AMAPA DO MARANHAO;21;0;0;0;0;0;0;0;0;0;0;0;0;0
210060;AMARANTE DO MARANHAO;21;205;271;263;210;219;196;272;256;233;224;265;198;2812
210070;ANAJATUBA;21;51;42;55;50;56;58;55;62;64;79;90;67;729
210080;ANAPURUS;21;68;48;73;70;85;66;74;72;68;68;92;77;861
210083;APICUM-ACU;21;100;100;100;100;100;101;100;100;100;100;100;99;1200
210087;ARAGUANA;21;81;79;75;78;74;36;37;0;36;66;45;56;663
210090;ARAIOSES;21;11;15;17;19;23;19;21;18;7;16;6;33;205
210095;ARAME;21;100;132;0;120;185;0;0;0;0;0;0;0;537
210100;ARARI;21;80;68;94;79;79;52;73;71;76;41;36;59;808
210110;AXIXA;21;9;13;10;9;13;16;13;25;54;83;90;90;425
210120;BACABAL;21;990;892;875;942;1006;1322;1088;1006;1054;1023;1083;1020;12301
210125;BACABEIRA;21;29;30;42;37;32;36;36;39;43;41;35;37;437
210130;BACURI;21;104;101;110;102;104;104;104;100;102;95;85;101;1212
210135;BACURITUBA;21;0;0;0;0;0;0;0;0;0;0;0;0;0
210140;BALSAS;21;856;787;909;667;928;777;625;691;732;812;704;591;9079
210150;BARAO DE GRAJAU;21;27;28;50;23;52;32;30;26;35;29;19;24;375
210160;BARRA DO CORDA;21;449;451;489;450;469;495;566;593;516;490;491;621;6080
210170;BARREIRINHAS;21;409;301;385;418;392;373;332;370;352;364;340;334;4370
210173;BELAGUA;21;0;58;38;36;39;20;17;15;35;23;17;13;311
210177;BELA VISTA DO MARANHAO;21;49;73;72;75;76;75;77;50;70;60;76;60;813
210180;BENEDITO LEITE;21;0;0;0;32;69;34;35;36;35;39;27;0;307
210190;BEQUIMAO;21;43;48;56;47;58;58;45;36;63;68;53;55;630
210193;BERNARDO DO MEARIM;21;44;51;36;54;54;44;21;15;19;30;20;20;408
210197;BOA VISTA DO GURUPI;21;0;0;0;0;0;0;0;0;0;0;0;0;0
210200;BOM JARDIM;21;130;114;82;138;240;209;124;160;116;181;108;146;1748
210203;BOM JESUS DAS SELVAS;21;71;60;91;97;109;113;113;90;82;100;113;83;1122
210207;BOM LUGAR;21;0;0;0;0;0;0;0;0;0;0;0;0;0
210210;BREJO;21;63;71;74;89;79;90;127;95;88;111;99;104;1090
210215;BREJO DE AREIA;21;0;0;0;0;0;0;0;0;0;0;0;0;0
210220;BURITI;21;35;55;65;55;78;48;48;37;52;48;52;57;630
210230;BURITI BRAVO;21;98;98;73;41;68;55;298;50;100;275;453;360;1969
210232;BURITICUPU;21;320;321;329;259;321;321;162;247;199;167;265;201;3112
210235;BURITIRANA;21;0;0;0;0;0;0;0;0;0;0;0;0;0
210237;CACHOEIRA GRANDE;21;0;0;0;0;0;0;0;0;0;0;0;0;0
210240;CAJAPIO;21;27;23;63;47;55;65;59;39;51;54;61;28;572
210250;CAJARI;21;24;29;24;35;23;41;43;31;32;26;35;28;371
210255;CAMPESTRE DO MARANHAO;21;0;0;0;0;0;0;0;0;0;0;0;0;0
210260;CANDIDO MENDES;21;52;54;55;56;54;55;55;45;40;40;35;0;541
210270;CANTANHEDE;21;47;40;75;117;99;110;104;110;114;78;90;82;1066
210275;CAPINZAL DO NORTE;21;15;24;30;42;54;40;31;31;30;0;0;0;297
210280;CAROLINA;21;172;172;172;172;218;172;190;172;228;183;172;172;2195
210290;CARUTAPERA;21;227;235;222;222;163;248;165;340;230;237;218;126;2633
210300;CAXIAS;21;1221;1313;1389;1428;1592;1409;1401;1229;1471;1331;1444;1364;16592
210310;CEDRAL;21;47;0;42;16;51;42;9;12;5;5;0;0;229
210312;CENTRAL DO MARANHAO;21;46;47;51;49;46;49;48;47;46;49;51;0;529
210315;CENTRO DO GUILHERME;21;0;0;0;0;0;0;0;0;0;0;0;0;0
210317;CENTRO NOVO DO MARANHAO;21;0;0;0;0;0;0;0;0;0;0;0;0;0
210320;CHAPADINHA;21;432;377;351;801;605;624;559;457;461;477;524;555;6223
210325;CIDELANDIA;21;82;75;90;75;73;80;75;89;91;84;81;65;960
210330;CODO;21;424;367;403;449;498;443;461;462;498;381;390;357;5133
210340;COELHO NETO;21;158;156;156;205;176;204;158;140;183;162;181;165;2044
210350;COLINAS;21;530;533;537;570;638;528;516;671;613;586;562;570;6854
210355;CONCEICAO DO LAGO-ACU;21;72;75;74;75;77;74;71;30;26;8;25;31;638
210360;COROATA;21;532;304;465;417;434;509;480;460;551;678;615;413;5858
210370;CURURUPU;21;424;378;403;401;440;430;423;430;380;390;401;400;4900
210375;DAVINOPOLIS;21;0;0;0;0;0;0;0;0;0;0;0;0;0
210380;DOM PEDRO;21;128;136;126;134;134;144;87;146;123;149;158;98;1563
210390;DUQUE BACELAR;21;47;48;51;52;52;50;50;42;48;44;45;41;570
210400;ESPERANTINOPOLIS;21;58;141;106;105;105;106;104;107;93;106;94;106;1231
210405;ESTREITO;21;93;63;73;80;96;70;67;52;61;63;55;62;835
210407;FEIRA NOVA DO MARANHAO;21;56;56;56;56;56;56;56;56;56;56;56;56;672
210408;FERNANDO FALCAO;21;30;17;16;28;36;43;17;29;28;34;10;27;315
210409;FORMOSA DA SERRA NEGRA;21;59;59;59;59;59;59;59;59;59;59;59;59;708
210410;FORTALEZA DOS NOGUEIRAS;21;75;75;75;75;75;75;75;75;75;75;75;75;900
210420;FORTUNA;21;44;65;74;73;73;72;73;77;79;77;65;19;791
210430;GODOFREDO VIANA;21;0;0;0;0;0;0;0;0;0;0;0;0;0
210440;GONCALVES DIAS;21;0;0;122;55;89;140;137;80;87;120;90;104;1024
210450;GOVERNADOR ARCHER;21;71;54;65;57;19;30;93;51;94;97;94;90;815
210455;GOVERNADOR EDISON LOBAO;21;26;27;33;29;41;38;53;33;37;55;64;59;495
210460;GOVERNADOR EUGENIO BARROS;21;117;107;113;107;115;110;106;110;106;110;103;110;1314
210462;GOVERNADOR LUIZ ROCHA;21;48;48;48;48;48;48;48;48;48;49;47;48;576
210465;GOVERNADOR NEWTON BELLO;21;45;45;46;38;48;44;41;34;82;0;0;0;423
210467;GOVERNADOR NUNES FREIRE;21;509;505;523;457;205;311;358;309;50;58;51;49;3385
210470;GRACA ARANHA;21;27;20;39;24;21;19;10;14;9;23;12;25;243
210480;GRAJAU;21;470;443;503;467;453;489;466;516;569;589;522;493;5980
210490;GUIMARAES;21;62;53;71;63;63;24;41;52;40;23;15;12;519
210500;HUMBERTO DE CAMPOS;21;114;101;129;187;156;148;154;124;109;104;108;112;1546
210510;ICATU;21;32;15;31;36;50;43;34;82;86;92;96;102;699
210515;IGARAPE DO MEIO;21;50;63;62;53;56;83;61;67;52;62;45;51;705
210520;IGARAPE GRANDE;21;70;70;70;70;70;70;69;69;70;70;67;62;827
210530;IMPERATRIZ;21;2108;1993;2175;2343;2475;2722;2655;2457;2744;2467;2331;2414;28884
210535;ITAIPAVA DO GRAJAU;21;49;52;75;53;81;59;66;47;44;65;49;57;697
210540;ITAPECURU MIRIM;21;191;103;147;152;133;53;289;520;326;0;432;207;2553
210542;ITINGA DO MARANHAO;21;167;205;211;167;161;150;150;164;130;153;133;133;1924
210545;JATOBA;21;7;26;23;17;8;11;14;13;14;20;32;28;213
210547;JENIPAPO DOS VIEIRAS;21;34;20;21;46;49;57;34;35;34;34;45;33;442
210550;JOAO LISBOA;21;140;141;143;140;140;141;142;142;142;142;140;140;1693
210560;JOSELANDIA;21;54;57;50;57;60;51;47;39;66;54;53;49;637
210565;JUNCO DO MARANHAO;21;0;0;0;0;0;0;0;0;0;0;0;0;0
210570;LAGO DA PEDRA;21;647;473;561;607;624;742;748;727;713;750;716;671;7979
210580;LAGO DO JUNCO;21;85;94;93;59;76;69;83;101;48;47;27;20;802
210590;LAGO VERDE;21;0;0;0;0;0;0;47;22;0;0;0;0;69
210592;LAGOA DO MATO;21;0;0;0;0;0;0;0;0;0;0;0;0;0
210594;LAGO DOS RODRIGUES;21;0;0;39;29;47;42;12;29;12;22;17;31;280
210596;LAGOA GRANDE DO MARANHAO;21;31;22;20;29;28;32;41;34;21;24;21;25;328
210598;LAJEADO NOVO;21;0;0;0;0;0;0;0;0;0;0;0;0;0
210600;LIMA CAMPOS;21;74;74;66;62;47;74;74;74;74;74;70;72;835
210610;LORETO;21;36;41;30;40;59;48;65;33;51;49;50;44;546
210620;LUIS DOMINGUES;21;0;0;0;0;0;0;0;0;0;0;0;0;0
210630;MAGALHAES DE ALMEIDA;21;55;43;24;38;41;32;24;20;39;45;48;32;441
210632;MARACACUME;21;0;0;0;0;0;0;0;0;0;0;0;0;0
210635;MARAJA DO SENA;21;0;0;0;0;0;0;0;0;0;0;0;0;0
210637;MARANHAOZINHO;21;80;81;80;88;88;91;87;90;90;90;89;88;1042
210640;MATA ROMA;21;46;30;47;69;95;104;115;103;90;89;77;52;917
210650;MATINHA;21;92;107;105;93;92;89;76;94;106;62;87;85;1088
210660;MATOES;21;174;118;180;175;163;217;173;166;156;173;171;173;2039
210663;MATOES DO NORTE;21;0;0;0;0;0;0;0;0;0;0;0;0;0
210667;MILAGRES DO MARANHAO;21;31;21;24;15;22;40;18;12;19;10;17;16;245
210670;MIRADOR;21;118;141;112;125;108;103;73;65;132;99;112;91;1279
210675;MIRANDA DO NORTE;21;71;84;86;99;127;85;88;78;100;97;99;89;1103
210680;MIRINZAL;21;37;44;12;44;69;80;67;52;44;69;54;40;612
210690;MONCAO;21;190;180;251;241;9;473;215;1;370;179;188;170;2467
210700;MONTES ALTOS;21;12;17;16;11;10;18;12;13;14;17;12;24;176
210710;MORROS;21;89;90;0;161;86;87;85;90;97;90;101;81;1057
210720;NINA RODRIGUES;21;57;67;75;82;100;59;59;80;57;67;50;67;820
210725;NOVA COLINAS;21;32;32;32;32;32;32;32;32;32;32;32;32;384
210730;NOVA IORQUE;21;0;0;0;0;0;0;0;0;0;0;0;0;0
210735;NOVA OLINDA DO MARANHAO;21;128;124;125;142;141;140;133;128;111;37;8;0;1217
210740;OLHO D'AGUA DAS CUNHAS;21;86;105;99;91;115;102;122;84;102;102;88;93;1189
210745;OLINDA NOVA DO MARANHAO;21;78;75;78;79;79;75;80;77;78;79;77;79;934
210750;PACO DO LUMIAR;21;173;175;177;206;239;240;205;221;229;210;228;241;2544
210760;PALMEIRANDIA;21;37;49;52;48;55;59;55;69;40;37;54;53;608
210770;PARAIBANO;21;127;72;58;81;71;67;114;75;58;59;72;41;895
210780;PARNARAMA;21;187;120;127;202;131;180;204;183;255;119;146;102;1956
210790;PASSAGEM FRANCA;21;478;474;464;482;472;476;403;266;246;261;242;253;4517
210800;PASTOS BONS;21;133;130;106;126;168;127;97;126;106;102;136;123;1480
210805;PAULINO NEVES;21;62;65;68;68;65;79;70;77;81;61;61;62;819
210810;PAULO RAMOS;21;171;168;177;193;195;194;175;134;122;159;4;0;1692
210820;PEDREIRAS;21;291;322;380;390;392;403;454;372;398;253;396;364;4415
210825;PEDRO DO ROSARIO;21;16;30;39;28;41;28;34;37;32;59;52;40;436
210830;PENALVA;21;102;69;86;107;122;81;108;90;51;96;94;75;1081
210840;PERI MIRIM;21;9;0;15;22;19;10;0;9;12;21;16;14;147
210845;PERITORO;21;232;259;251;247;318;254;277;271;293;319;323;267;3311
210850;PINDARE-MIRIM;21;65;70;68;80;147;72;71;93;60;71;91;34;922
210860;PINHEIRO;21;571;666;788;763;821;807;687;838;807;857;890;905;9400
210870;PIO XII;21;168;102;115;148;157;142;117;143;140;130;143;110;1615
210880;PIRAPEMAS;21;30;42;37;42;56;40;44;43;39;47;38;35;493
210890;POCAO DE PEDRAS;21;49;64;42;56;70;81;79;41;124;64;89;76;835
210900;PORTO FRANCO;21;224;232;275;308;320;288;273;303;310;332;270;271;3406
210905;PORTO RICO DO MARANHAO;21;0;0;0;0;0;0;0;0;0;0;0;0;0
210910;PRESIDENTE DUTRA;21;720;606;694;644;725;609;606;535;583;756;553;608;7639
210920;PRESIDENTE JUSCELINO;21;23;15;15;9;15;17;12;22;24;9;56;30;247
210923;PRESIDENTE MEDICI;21;103;136;37;246;149;126;105;131;122;137;141;130;1563
210927;PRESIDENTE SARNEY;21;16;37;45;43;60;53;49;39;46;46;41;36;511
210930;PRESIDENTE VARGAS;21;27;39;47;32;41;33;26;2;26;29;23;23;348
210940;PRIMEIRA CRUZ;21;75;18;60;7;56;55;53;73;62;40;66;53;618
210945;RAPOSA;21;13;10;19;18;14;13;14;15;7;11;8;13;155
210950;RIACHAO;21;169;169;169;169;172;100;180;169;169;175;175;185;2001
210955;RIBAMAR FIQUENE;21;0;0;0;0;0;0;0;0;0;0;0;0;0
210960;ROSARIO;21;176;224;227;274;263;330;334;318;283;317;314;272;3332
210970;SAMBAIBA;21;33;33;33;33;33;20;34;31;22;31;33;33;369
210975;SANTA FILOMENA DO MARANHAO;21;0;0;0;0;0;0;0;0;0;0;0;0;0
210980;SANTA HELENA;21;156;125;107;121;198;193;140;194;155;155;122;155;1821
210990;SANTA INES;21;1215;1349;1119;1183;1239;1108;1042;1037;1196;1254;1200;1058;14000
211000;SANTA LUZIA;21;175;213;216;253;287;210;183;266;274;292;221;305;2895
211003;SANTA LUZIA DO PARUA;21;285;263;223;208;263;354;271;252;242;256;237;209;3063
211010;SANTA QUITERIA DO MARANHAO;21;110;106;86;105;118;133;100;95;94;80;61;76;1164
211020;SANTA RITA;21;133;134;131;134;129;129;126;136;132;129;129;112;1554
211023;SANTANA DO MARANHAO;21;31;18;47;49;38;36;60;48;31;84;40;55;537
211027;SANTO AMARO DO MARANHAO;21;53;54;16;52;43;35;65;59;48;46;40;51;562
211030;SANTO ANTONIO DOS LOPES;21;66;105;115;98;85;77;71;64;153;107;93;102;1136
211040;SAO BENEDITO DO RIO PRETO;21;50;43;49;55;62;49;56;59;49;50;85;83;690
211050;SAO BENTO;21;214;138;110;141;150;159;162;159;132;145;124;156;1790
211060;SAO BERNARDO;21;166;152;166;166;166;167;165;166;166;166;166;162;1974
211065;SAO DOMINGOS DO AZEITAO;21;50;50;41;50;50;50;50;50;50;50;50;50;591
211070;SAO DOMINGOS DO MARANHAO;21;133;132;132;149;143;143;145;134;132;132;132;132;1639
211080;SAO FELIX DE BALSAS;21;34;41;34;32;35;38;28;24;32;14;27;35;374
211085;SAO FRANCISCO DO BREJAO;21;43;41;42;41;36;41;28;36;48;46;43;49;494
211090;SAO FRANCISCO DO MARANHAO;21;57;52;57;55;133;90;72;81;67;69;67;65;865
211100;SAO JOAO BATISTA;21;120;91;109;102;120;117;114;99;100;120;125;101;1318
211102;SAO JOAO DO CARU;21;30;22;33;30;47;39;43;37;34;35;37;36;423
211105;SAO JOAO DO PARAISO;21;0;0;0;0;0;0;0;0;0;0;0;0;0
211107;SAO JOAO DO SOTER;21;39;54;94;58;44;52;56;61;60;53;48;42;661
211110;SAO JOAO DOS PATOS;21;123;96;124;132;130;86;123;114;114;96;92;119;1349
211120;SAO JOSE DE RIBAMAR;21;268;185;236;174;269;214;384;314;382;363;233;408;3430
211125;SAO JOSE DOS BASILIOS;21;48;46;51;84;54;75;79;80;82;86;42;36;763
211130;SAO LUIS;21;11331;10669;10830;10629;11413;11197;12043;11612;11268;11351;10792;10883;134018
211140;SAO LUIS GONZAGA DO MARANHAO;21;77;202;148;141;143;142;143;126;143;129;123;118;1635
211150;SAO MATEUS DO MARANHAO;21;436;319;282;216;364;287;330;296;280;274;373;296;3753
211153;SAO PEDRO DA AGUA BRANCA;21;32;54;54;72;56;42;50;35;42;49;36;27;549
211157;SAO PEDRO DOS CRENTES;21;62;54;47;42;43;51;52;53;71;14;0;0;489
211160;SAO RAIMUNDO DAS MANGABEIRAS;21;105;102;104;117;119;139;145;116;100;101;105;74;1327
211163;SAO RAIMUNDO DO DOCA BEZERRA;21;15;19;22;23;31;19;18;19;24;20;16;15;241
211167;SAO ROBERTO;21;0;0;0;0;0;0;0;0;0;0;0;0;0
211170;SAO VICENTE FERRER;21;92;84;80;98;93;88;80;76;79;90;91;70;1021
211172;SATUBINHA;21;33;27;51;47;61;44;30;37;46;49;37;45;507
211174;SENADOR ALEXANDRE COSTA;21;55;49;48;46;44;51;44;48;54;58;59;53;609
211176;SENADOR LA ROCQUE;21;0;0;0;0;0;0;0;0;0;0;0;0;0
211178;SERRANO DO MARANHAO;21;159;100;75;62;40;41;45;46;44;46;44;45;747
211180;SITIO NOVO;21;89;81;88;73;116;117;86;73;85;103;92;69;1072
211190;SUCUPIRA DO NORTE;21;63;62;40;20;57;29;66;34;26;47;25;27;496
211195;SUCUPIRA DO RIACHAO;21;26;18;14;24;21;21;28;22;18;15;21;26;254
211200;TASSO FRAGOSO;21;26;24;33;58;36;60;50;34;54;59;20;23;477
211210;TIMBIRAS;21;460;354;385;416;394;448;460;437;475;500;449;332;5110
211220;TIMON;21;667;609;717;883;816;732;772;623;726;715;668;620;8548
211223;TRIZIDELA DO VALE;21;51;79;73;78;64;70;79;80;77;77;71;69;868
211227;TUFILANDIA;21;6;8;17;7;17;4;7;11;14;18;24;9;142
211230;TUNTUM;21;289;159;143;321;264;217;233;324;309;309;388;219;3175
211240;TURIACU;21;65;66;85;81;94;78;110;80;128;101;86;90;1064
211245;TURILANDIA;21;44;54;63;48;92;43;68;71;76;98;70;36;763
211250;TUTOIA;21;121;138;170;163;179;189;171;126;184;111;120;140;1812
211260;URBANO SANTOS;21;143;143;143;143;143;143;143;214;160;176;168;193;1912
211270;VARGEM GRANDE;21;113;120;130;120;124;130;120;135;153;131;120;110;1506
211280;VIANA;21;332;321;361;385;403;361;324;439;420;377;307;233;4263
211285;VILA NOVA DOS MARTIRIOS;21;58;56;52;54;61;55;52;42;54;52;46;56;638
211290;VITORIA DO MEARIM;21;54;54;51;60;65;61;51;52;50;69;64;50;681
211300;VITORINO FREIRE;21;198;198;198;204;202;198;198;198;198;198;198;167;2355
211400;ZE DOCA;21;301;238;308;290;311;370;344;299;275;357;412;339;3844
220005;ACAUA;22;0;0;0;0;0;0;0;0;0;0;0;0;0
220010;AGRICOLANDIA;22;9;5;7;9;9;9;9;9;6;6;6;3;87
220020;AGUA BRANCA;22;60;66;75;95;146;107;117;95;88;98;80;90;1117
220025;ALAGOINHA DO PIAUI;22;0;15;21;14;0;0;0;6;0;11;0;15;82
220027;ALEGRETE DO PIAUI;22;0;0;0;0;0;0;0;0;0;0;0;0;0
220030;ALTO LONGA;22;23;25;22;0;49;0;25;25;25;25;24;0;243
220040;ALTOS;22;106;94;109;108;132;119;134;122;112;110;98;137;1381
220045;ALVORADA DO GURGUEIA;22;0;0;0;0;0;0;0;0;0;0;0;0;0
220050;AMARANTE;22;52;61;60;75;37;64;28;50;61;44;44;107;683
220060;ANGICAL DO PIAUI;22;0;0;0;0;0;0;0;0;0;0;0;0;0
220070;ANISIO DE ABREU;22;0;0;0;0;0;0;0;0;0;0;0;0;0
220080;ANTONIO ALMEIDA;22;0;0;0;0;0;0;0;0;0;0;0;0;0
220090;AROAZES;22;0;0;0;0;0;0;0;0;0;0;0;0;0
220095;AROEIRAS DO ITAIM;22;0;0;0;0;0;0;0;0;0;0;0;0;0
220100;ARRAIAL;22;6;1;9;9;9;3;8;6;0;3;6;5;65
220105;ASSUNCAO DO PIAUI;22;0;0;0;0;0;0;0;0;0;0;0;0;0
220110;AVELINO LOPES;22;0;0;0;0;0;0;0;0;0;0;0;0;0
220115;BAIXA GRANDE DO RIBEIRO;22;0;0;0;0;0;0;0;0;0;0;0;0;0
220117;BARRA D'ALCANTARA;22;0;0;0;0;0;0;0;0;0;0;0;0;0
220120;BARRAS;22;166;114;137;117;155;141;160;161;149;114;92;176;1682
220130;BARREIRAS DO PIAUI;22;0;0;0;0;0;0;0;0;0;0;0;0;0
220140;BARRO DURO;22;0;0;0;0;0;0;0;0;0;0;0;0;0
220150;BATALHA;22;15;25;23;30;18;27;25;18;32;28;20;30;291
220155;BELA VISTA DO PIAUI;22;0;0;0;0;0;0;0;0;0;0;0;0;0
220157;BELEM DO PIAUI;22;0;0;0;0;0;0;0;0;0;0;0;0;0
220160;BENEDITINOS;22;12;8;9;9;11;15;15;5;7;13;21;11;136
220170;BERTOLINIA;22;0;0;0;0;0;0;0;0;0;0;0;0;0
220173;BETANIA DO PIAUI;22;0;0;0;0;0;0;0;0;0;0;0;0;0
220177;BOA HORA;22;0;0;0;0;0;0;0;0;0;0;0;0;0
220180;BOCAINA;22;0;24;0;0;0;0;0;0;0;0;0;0;24
220190;BOM JESUS;22;415;267;523;443;434;440;375;454;436;448;428;430;5093
220191;BOM PRINCIPIO DO PIAUI;22;0;0;0;0;0;0;0;0;0;0;0;0;0
220192;BONFIM DO PIAUI;22;0;0;0;0;0;0;0;0;0;0;0;0;0
220194;BOQUEIRAO DO PIAUI;22;0;0;0;0;0;0;0;0;0;0;0;0;0
220196;BRASILEIRA;22;0;0;0;0;0;0;0;0;0;0;0;0;0
220198;BREJO DO PIAUI;22;0;0;0;0;0;0;0;0;0;0;0;0;0
220200;BURITI DOS LOPES;22;0;0;0;0;0;0;0;0;0;0;0;0;0
220202;BURITI DOS MONTES;22;0;0;0;0;0;0;0;0;0;0;0;0;0
220205;CABECEIRAS DO PIAUI;22;0;0;0;0;0;0;0;0;0;0;0;0;0
220207;CAJAZEIRAS DO PIAUI;22;0;0;0;0;0;0;0;0;0;0;0;0;0
220208;CAJUEIRO DA PRAIA;22;0;0;0;0;0;0;0;0;0;0;0;0;0
220209;CALDEIRAO GRANDE DO PIAUI;22;0;0;0;0;0;0;0;0;0;0;0;0;0
220210;CAMPINAS DO PIAUI;22;0;0;0;0;0;0;0;0;0;0;0;0;0
220211;CAMPO ALEGRE DO FIDALGO;22;0;0;0;0;0;0;0;0;0;0;0;0;0
220213;CAMPO GRANDE DO PIAUI;22;0;0;0;0;0;0;0;0;0;0;0;0;0
220217;CAMPO LARGO DO PIAUI;22;0;0;0;0;0;0;0;0;0;0;0;0;0
220220;CAMPO MAIOR;22;487;505;503;500;508;506;508;507;504;527;506;506;6067
220225;CANAVIEIRA;22;0;0;0;0;0;0;0;0;0;0;0;0;0
220230;CANTO DO BURITI;22;84;85;88;78;78;82;70;65;71;73;88;62;924
220240;CAPITAO DE CAMPOS;22;0;0;0;0;0;0;0;0;0;0;0;0;0
220245;CAPITAO GERVASIO OLIVEIRA;22;0;0;0;0;0;0;0;0;0;0;0;0;0
220250;CARACOL;22;0;0;0;0;0;0;0;0;0;0;0;0;0
220253;CARAUBAS DO PIAUI;22;0;0;0;0;0;0;0;0;0;0;0;0;0
220255;CARIDADE DO PIAUI;22;0;0;0;0;0;0;0;0;0;0;0;0;0
220260;CASTELO DO PIAUI;22;35;34;50;43;58;46;49;27;39;26;28;38;473
220265;CAXINGO;22;0;0;0;0;0;0;0;0;0;0;0;0;0
220270;COCAL;22;0;10;18;26;33;22;15;25;35;20;36;31;271
220271;COCAL DE TELHA;22;0;0;0;0;0;0;0;0;0;0;0;0;0
220272;COCAL DOS ALVES;22;0;0;0;0;0;0;0;0;0;0;0;0;0
220273;COIVARAS;22;0;0;0;0;0;0;0;0;0;0;0;0;0
220275;COLONIA DO GURGUEIA;22;0;0;0;0;0;0;0;0;0;0;0;0;0
220277;COLONIA DO PIAUI;22;0;0;0;0;0;0;0;0;0;0;0;0;0
220280;CONCEICAO DO CANINDE;22;0;0;0;0;0;0;0;0;0;0;0;0;0
220285;CORONEL JOSE DIAS;22;0;0;0;0;0;0;0;0;0;0;0;0;0
220290;CORRENTE;22;196;170;189;226;209;170;122;191;183;156;91;261;2164
220300;CRISTALANDIA DO PIAUI;22;0;0;0;0;0;0;0;0;0;0;0;0;0
220310;CRISTINO CASTRO;22;55;57;52;57;56;56;53;57;56;56;57;57;669
220320;CURIMATA;22;74;64;72;73;133;76;54;147;92;106;98;75;1064
220323;CURRAIS;22;0;0;0;0;0;0;0;0;0;0;0;0;0
220325;CURRALINHOS;22;0;0;0;0;0;0;0;0;0;0;0;0;0
220327;CURRAL NOVO DO PIAUI;22;0;0;0;0;0;0;0;0;0;0;0;0;0
220330;DEMERVAL LOBAO;22;89;62;61;83;84;83;68;81;46;74;81;57;869
220335;DIRCEU ARCOVERDE;22;0;0;0;0;0;0;0;0;0;0;0;0;0
220340;DOM EXPEDITO LOPES;22;0;0;0;0;0;0;0;0;0;0;0;0;0
220342;DOMINGOS MOURAO;22;0;0;0;0;0;0;0;0;0;0;0;0;0
220345;DOM INOCENCIO;22;0;0;0;0;0;0;0;0;0;0;0;0;0
220350;ELESBAO VELOSO;22;122;110;147;121;125;140;126;142;129;133;131;141;1567
220360;ELISEU MARTINS;22;0;0;0;0;0;0;0;0;0;0;0;0;0
220370;ESPERANTINA;22;299;273;348;351;381;342;388;353;378;374;301;362;4150
220375;FARTURA DO PIAUI;22;0;0;0;0;0;0;0;0;0;0;0;0;0
220380;FLORES DO PIAUI;22;0;0;0;0;0;0;0;0;0;0;0;0;0
220385;FLORESTA DO PIAUI;22;0;0;0;0;0;0;0;0;0;0;0;0;0
220390;FLORIANO;22;1036;974;992;1006;1005;1051;1052;1008;1097;1027;1020;1099;12367
220400;FRANCINOPOLIS;22;0;0;3;7;9;3;5;6;7;4;7;0;51
220410;FRANCISCO AYRES;22;0;0;0;0;0;0;0;0;0;0;0;0;0
220415;FRANCISCO MACEDO;22;0;0;0;0;0;0;0;0;0;0;0;0;0
220420;FRANCISCO SANTOS;22;0;0;0;0;0;0;0;0;0;0;0;0;0
220430;FRONTEIRAS;22;181;190;184;182;184;186;189;185;187;190;189;185;2232
220435;GEMINIANO;22;0;0;0;0;0;0;0;0;0;0;0;0;0
220440;GILBUES;22;0;0;0;0;0;0;0;0;0;0;0;0;0
220450;GUADALUPE;22;67;81;80;71;98;87;71;80;62;86;60;60;903
220455;GUARIBAS;22;0;0;0;0;0;0;0;0;0;0;0;0;0
220460;HUGO NAPOLEAO;22;0;0;0;0;0;0;0;0;0;0;0;0;0
220465;ILHA GRANDE;22;0;0;0;0;0;0;0;0;0;0;0;0;0
220470;INHUMA;22;8;13;20;8;18;0;16;15;8;16;18;9;149
220480;IPIRANGA DO PIAUI;22;6;6;0;13;12;0;7;0;6;6;2;2;60
220490;ISAIAS COELHO;22;0;0;0;0;0;0;0;0;0;0;0;0;0
220500;ITAINOPOLIS;22;0;0;0;0;0;0;0;0;0;0;0;0;0
220510;ITAUEIRA;22;0;40;37;44;47;46;48;35;33;47;37;36;450
220515;JACOBINA DO PIAUI;22;0;0;0;0;0;0;0;0;0;0;0;0;0
220520;JAICOS;22;120;121;120;120;120;121;120;120;120;120;120;120;1442
220525;JARDIM DO MULATO;22;0;0;0;0;0;0;0;0;0;0;0;0;0
220527;JATOBA DO PIAUI;22;0;0;0;0;0;0;0;0;0;0;0;0;0
220530;JERUMENHA;22;0;0;0;0;0;0;0;0;0;0;0;0;0
220535;JOAO COSTA;22;0;0;0;0;0;0;0;0;0;0;0;0;0
220540;JOAQUIM PIRES;22;18;7;0;5;12;12;0;18;11;17;7;7;114
220545;JOCA MARQUES;22;0;0;0;0;0;0;0;0;0;0;0;0;0
220550;JOSE DE FREITAS;22;98;100;100;98;100;98;99;100;100;97;100;100;1190
220551;JUAZEIRO DO PIAUI;22;0;0;0;0;0;0;0;0;0;0;0;0;0
220552;JULIO BORGES;22;0;0;0;0;0;0;0;0;0;0;0;0;0
220553;JUREMA;22;0;0;0;0;0;0;0;0;0;0;0;0;0
220554;LAGOINHA DO PIAUI;22;0;0;0;0;0;0;0;0;0;0;0;0;0
220555;LAGOA ALEGRE;22;0;0;0;0;0;0;0;0;0;0;0;0;0
220556;LAGOA DO BARRO DO PIAUI;22;0;0;0;0;0;0;0;0;0;0;0;0;0
220557;LAGOA DE SAO FRANCISCO;22;0;0;0;0;0;0;0;0;0;0;0;0;0
220558;LAGOA DO PIAUI;22;0;0;0;0;0;0;0;0;0;0;0;0;0
220559;LAGOA DO SITIO;22;0;0;0;0;0;0;0;0;0;0;0;0;0
220560;LANDRI SALES;22;0;0;0;0;0;0;0;0;0;0;0;0;0
220570;LUIS CORREIA;22;15;13;12;12;21;31;21;24;22;16;19;11;217
220580;LUZILANDIA;22;299;267;286;313;306;328;327;348;341;333;302;290;3740
220585;MADEIRO;22;0;0;0;0;0;0;0;0;0;0;0;0;0
220590;MANOEL EMIDIO;22;0;6;6;8;5;6;5;4;11;4;9;4;68
220595;MARCOLANDIA;22;0;5;2;0;0;6;0;7;0;2;0;0;22
220600;MARCOS PARENTE;22;0;0;0;0;0;0;0;0;0;0;0;0;0
220605;MASSAPE DO PIAUI;22;0;0;0;0;0;0;0;0;0;0;0;0;0
220610;MATIAS OLIMPIO;22;0;0;0;0;0;0;0;0;0;0;0;0;0
220620;MIGUEL ALVES;22;130;112;87;64;97;58;49;48;62;74;50;53;884
220630;MIGUEL LEAO;22;0;0;0;0;0;0;0;0;0;0;0;0;0
220635;MILTON BRANDAO;22;0;0;0;0;0;0;0;0;0;0;0;0;0
220640;MONSENHOR GIL;22;0;0;0;0;0;0;0;0;0;0;0;0;0
220650;MONSENHOR HIPOLITO;22;29;29;29;29;29;28;29;29;29;29;29;30;348
220660;MONTE ALEGRE DO PIAUI;22;0;0;0;0;0;0;0;0;0;0;0;0;0
220665;MORRO CABECA NO TEMPO;22;0;0;0;0;0;0;0;0;0;0;0;0;0
220667;MORRO DO CHAPEU DO PIAUI;22;0;0;0;0;0;0;0;0;0;0;0;0;0
220669;MURICI DOS PORTELAS;22;0;0;0;0;0;0;0;0;0;0;0;0;0
220670;NAZARE DO PIAUI;22;0;0;0;0;0;0;0;0;0;0;0;0;0
220672;NAZARIA;22;0;0;0;0;0;0;0;0;0;0;0;0;0
220675;NOSSA SENHORA DE NAZARE;22;0;0;0;0;0;0;0;0;0;0;0;0;0
220680;NOSSA SENHORA DOS REMEDIOS;22;8;8;11;10;24;20;29;40;26;18;28;13;235
220690;NOVO ORIENTE DO PIAUI;22;0;0;0;0;0;0;0;0;0;0;0;0;0
220695;NOVO SANTO ANTONIO;22;0;0;0;0;0;0;0;0;0;0;0;0;0
220700;OEIRAS;22;326;333;334;331;366;346;362;321;334;350;326;326;4055
220710;OLHO D'AGUA DO PIAUI;22;0;0;0;0;0;0;0;0;0;0;0;0;0
220720;PADRE MARCOS;22;0;0;0;0;0;0;0;0;0;0;0;0;0
220730;PAES LANDIM;22;0;2;7;4;6;7;5;6;2;0;1;5;45
220735;PAJEU DO PIAUI;22;0;0;0;0;0;0;0;0;0;0;0;0;0
220740;PALMEIRA DO PIAUI;22;0;0;0;0;0;0;0;0;0;0;0;0;0
220750;PALMEIRAIS;22;0;0;0;0;0;0;0;0;0;0;0;0;0
220755;PAQUETA;22;0;0;0;0;0;0;0;0;0;0;0;0;0
220760;PARNAGUA;22;122;121;123;120;123;122;119;124;124;125;125;120;1468
220770;PARNAIBA;22;2005;1957;1818;1786;2099;2181;1939;1390;2120;2587;1866;2571;24319
220775;PASSAGEM FRANCA DO PIAUI;22;0;0;0;0;0;0;0;0;0;0;0;0;0
220777;PATOS DO PIAUI;22;0;0;0;0;0;0;0;0;0;0;0;0;0
220779;PAU D'ARCO DO PIAUI;22;0;0;0;0;0;0;0;0;0;0;0;0;0
220780;PAULISTANA;22;150;139;118;137;162;123;137;133;133;100;78;153;1563
220785;PAVUSSU;22;0;0;0;0;0;0;0;0;0;0;0;0;0
220790;PEDRO II;22;452;426;496;563;596;516;592;424;419;494;398;391;5767
220793;PEDRO LAURENTINO;22;0;0;0;0;0;0;0;0;0;0;0;0;0
220795;NOVA SANTA RITA;22;0;0;0;0;0;0;0;0;0;0;0;0;0
220800;PICOS;22;1007;1099;665;905;505;741;1010;1233;913;847;1078;1420;11423
220810;PIMENTEIRAS;22;12;7;18;39;29;29;34;22;22;0;0;0;212
220820;PIO IX;22;12;12;23;15;22;14;22;10;8;18;14;10;180
220830;PIRACURUCA;22;47;44;35;49;74;89;96;91;180;110;99;124;1038
220840;PIRIPIRI;22;563;501;502;422;493;674;473;382;594;472;581;559;6216
220850;PORTO;22;30;29;37;10;25;37;22;22;25;1;5;3;246
220855;PORTO ALEGRE DO PIAUI;22;0;0;0;0;0;0;0;0;0;0;0;0;0
220860;PRATA DO PIAUI;22;0;0;0;0;0;0;0;0;0;0;0;0;0
220865;QUEIMADA NOVA;22;0;0;0;0;0;0;0;0;0;0;0;0;0
220870;REDENCAO DO GURGUEIA;22;0;0;0;0;0;0;0;0;0;0;0;0;0
220880;REGENERACAO;22;127;130;129;130;130;126;116;113;107;100;80;60;1348
220885;RIACHO FRIO;22;0;0;0;0;0;0;0;0;0;0;0;0;0
220887;RIBEIRA DO PIAUI;22;0;0;0;0;0;0;0;0;0;0;0;0;0
220890;RIBEIRO GONCALVES;22;0;0;0;0;0;0;0;0;0;0;0;0;0
220900;RIO GRANDE DO PIAUI;22;0;0;0;0;0;0;0;0;0;0;0;0;0
220910;SANTA CRUZ DO PIAUI;22;0;0;0;0;0;0;0;0;0;0;0;0;0
220915;SANTA CRUZ DOS MILAGRES;22;0;0;0;0;0;0;0;0;0;0;0;0;0
220920;SANTA FILOMENA;22;0;0;0;0;0;0;0;0;0;0;0;0;0
220930;SANTA LUZ;22;0;0;0;0;0;0;0;0;0;0;0;0;0
220935;SANTANA DO PIAUI;22;0;0;0;0;0;0;0;0;0;0;0;0;0
220937;SANTA ROSA DO PIAUI;22;0;0;0;0;0;0;0;0;0;0;0;0;0
220940;SANTO ANTONIO DE LISBOA;22;0;0;0;0;0;0;0;0;0;0;0;0;0
220945;SANTO ANTONIO DOS MILAGRES;22;0;0;0;0;0;0;0;0;0;0;0;0;0
220950;SANTO INACIO DO PIAUI;22;0;0;0;0;0;0;0;0;0;0;0;0;0
220955;SAO BRAZ DO PIAUI;22;0;0;0;0;0;0;0;0;0;0;0;0;0
220960;SAO FELIX DO PIAUI;22;1;1;0;3;1;1;1;1;2;2;0;2;15
220965;SAO FRANCISCO DE ASSIS DO PIAUI;22;0;0;0;0;0;0;0;0;0;0;0;0;0
220970;SAO FRANCISCO DO PIAUI;22;0;0;0;0;0;0;0;0;0;0;0;0;0
220975;SAO GONCALO DO GURGUEIA;22;0;0;0;0;0;0;0;0;0;0;0;0;0
220980;SAO GONCALO DO PIAUI;22;0;0;0;0;0;0;0;0;0;0;0;0;0
220985;SAO JOAO DA CANABRAVA;22;0;0;0;0;0;0;0;0;0;0;0;0;0
220987;SAO JOAO DA FRONTEIRA;22;0;0;0;0;0;0;0;0;0;0;0;0;0
220990;SAO JOAO DA SERRA;22;0;0;0;0;0;0;0;0;0;0;0;0;0
220995;SAO JOAO DA VARJOTA;22;0;0;0;0;0;0;0;0;0;0;0;0;0
220997;SAO JOAO DO ARRAIAL;22;0;0;0;0;0;0;0;0;0;0;0;0;0
221000;SAO JOAO DO PIAUI;22;101;101;115;112;159;161;138;157;131;129;156;138;1598
221005;SAO JOSE DO DIVINO;22;0;0;0;0;0;0;0;0;0;0;0;0;0
221010;SAO JOSE DO PEIXE;22;0;0;0;0;0;0;0;0;0;0;0;0;0
221020;SAO JOSE DO PIAUI;22;0;0;0;0;0;0;0;0;0;0;0;0;0
221030;SAO JULIAO;22;0;0;0;0;0;0;0;0;0;0;0;0;0
221035;SAO LOURENCO DO PIAUI;22;0;0;0;0;0;0;0;0;0;0;0;0;0
221037;SAO LUIS DO PIAUI;22;0;0;0;0;0;0;0;0;0;0;0;0;0
221038;SAO MIGUEL DA BAIXA GRANDE;22;0;0;0;0;0;0;0;0;0;0;0;0;0
221039;SAO MIGUEL DO FIDALGO;22;0;0;0;0;0;0;0;0;0;0;0;0;0
221040;SAO MIGUEL DO TAPUIO;22;32;47;40;37;47;28;36;52;39;37;49;44;488
221050;SAO PEDRO DO PIAUI;22;16;26;30;40;39;25;28;28;26;19;28;25;330
221060;SAO RAIMUNDO NONATO;22;506;519;482;476;476;468;532;509;456;437;455;463;5779
221062;SEBASTIAO BARROS;22;0;0;0;0;0;0;0;0;0;0;0;0;0
221063;SEBASTIAO LEAL;22;0;0;0;0;0;0;0;0;0;0;0;0;0
221065;SIGEFREDO PACHECO;22;0;0;0;0;0;0;0;0;0;0;0;0;0
221070;SIMOES;22;87;91;85;90;87;84;92;90;91;43;143;96;1079
221080;SIMPLICIO MENDES;22;78;59;66;73;77;51;69;65;62;87;72;87;846
221090;SOCORRO DO PIAUI;22;0;0;0;0;0;0;0;0;0;0;0;0;0
221093;SUSSUAPARA;22;0;0;0;0;0;0;0;0;0;0;0;0;0
221095;TAMBORIL DO PIAUI;22;0;0;0;0;0;0;0;0;0;0;0;0;0
221097;TANQUE DO PIAUI;22;0;0;0;0;0;0;0;0;0;0;0;0;0
221100;TERESINA;22;8500;6796;8195;7300;8271;8335;8703;8587;6430;8873;7720;7216;94926
221110;UNIAO;22;116;96;115;95;114;116;98;115;112;107;109;65;1258
221120;URUCUI;22;124;164;176;155;166;170;157;137;146;175;159;162;1891
221130;VALENCA DO PIAUI;22;186;185;238;209;265;203;179;213;189;257;244;245;2613
221135;VARZEA BRANCA;22;0;0;0;0;0;0;0;0;0;0;0;0;0
221140;VARZEA GRANDE;22;0;0;0;0;0;0;0;0;0;0;0;0;0
221150;VERA MENDES;22;0;0;0;0;0;0;0;0;0;0;0;0;0
221160;VILA NOVA DO PIAUI;22;0;0;0;0;0;0;0;0;0;0;0;0;0
221170;WALL FERRAZ;22;0;0;0;0;0;0;0;0;0;0;0;0;0
230010;ABAIARA;23;0;0;0;0;0;0;0;0;0;0;0;0;0
230015;ACARAPE;23;0;0;0;0;0;0;0;0;0;0;0;0;0
230020;ACARAU;23;367;429;517;540;561;536;555;454;522;514;511;474;5980
230030;ACOPIARA;23;140;122;154;185;151;175;166;144;153;145;146;116;1797
230040;AIUABA;23;19;29;21;28;49;43;29;28;28;34;24;33;365
230050;ALCANTARAS;23;0;0;0;0;0;0;0;0;0;0;0;0;0
230060;ALTANEIRA;23;13;5;9;1;26;10;14;10;19;7;18;9;141
230070;ALTO SANTO;23;25;30;30;30;35;35;35;37;37;32;32;28;386
230075;AMONTADA;23;30;26;25;25;40;34;55;25;28;47;24;25;384
230080;ANTONINA DO NORTE;23;6;5;4;9;15;20;4;9;11;8;7;12;110
230090;APUIARES;23;0;0;0;0;0;0;0;0;0;0;0;0;0
230100;AQUIRAZ;23;184;184;175;188;199;169;200;157;225;211;189;271;2352
230110;ARACATI;23;356;345;435;495;565;521;553;525;511;539;503;373;5721
230120;ARACOIABA;23;158;146;148;210;167;141;158;139;143;159;174;174;1917
230125;ARARENDA;23;13;18;21;11;13;34;41;25;38;34;31;25;304
230130;ARARIPE;23;51;43;39;44;42;42;35;39;34;43;38;42;492
230140;ARATUBA;23;16;28;19;32;25;18;26;18;10;11;8;19;230
230150;ARNEIROZ;23;7;12;6;16;12;15;12;12;12;8;8;7;127
230160;ASSARE;23;35;31;57;84;81;80;93;94;86;93;62;102;898
230170;AURORA;23;165;183;246;204;168;199;199;237;267;84;431;312;2695
230180;BAIXIO;23;3;7;5;8;8;3;6;11;7;8;6;7;79
230185;BANABUIU;23;17;20;46;38;37;51;34;26;34;30;30;13;376
230190;BARBALHA;23;1366;1203;1408;1377;1466;1331;1479;1466;1523;1417;1363;1474;16873
230195;BARREIRA;23;15;10;13;19;22;20;8;20;15;12;16;13;183
230200;BARRO;23;23;32;39;26;39;30;39;31;41;42;44;65;451
230205;BARROQUINHA;23;0;0;0;0;0;0;0;0;0;0;0;0;0
230210;BATURITE;23;113;128;121;120;178;190;200;117;129;94;82;103;1575
230220;BEBERIBE;23;93;91;85;120;89;139;126;109;112;107;94;75;1240
230230;BELA CRUZ;23;32;58;50;79;50;72;94;89;74;71;63;65;797
230240;BOA VIAGEM;23;188;201;228;239;271;228;254;186;260;244;195;204;2698
230250;BREJO SANTO;23;795;869;844;877;694;776;757;1262;749;872;780;1099;10374
230260;CAMOCIM;23;298;283;314;349;336;349;335;380;391;389;395;305;4124
230270;CAMPOS SALES;23;46;53;53;61;76;73;63;69;51;69;90;72;776
230280;CANINDE;23;398;489;506;500;466;531;527;410;634;393;481;492;5827
230290;CAPISTRANO;23;16;10;18;17;17;15;0;0;0;0;0;0;93
230300;CARIDADE;23;7;4;11;8;11;8;3;7;8;10;5;9;91
230310;CARIRE;23;15;20;29;25;51;36;30;24;30;29;32;20;341
230320;CARIRIACU;23;37;35;40;37;56;53;27;33;42;42;42;42;486
230330;CARIUS;23;50;35;59;44;46;49;63;35;34;33;38;28;514
230340;CARNAUBAL;23;73;64;92;81;93;80;79;71;59;73;63;65;893
230350;CASCAVEL;23;145;132;182;208;222;219;166;157;146;147;173;167;2064
230360;CATARINA;23;17;35;52;52;67;54;38;78;68;70;78;21;630
230365;CATUNDA;23;16;15;39;33;20;21;27;20;23;26;18;24;282
230370;CAUCAIA;23;669;641;735;768;830;801;929;879;978;895;925;857;9907
230380;CEDRO;23;217;188;184;202;181;188;206;218;174;204;213;206;2381
230390;CHAVAL;23;7;6;11;13;14;15;15;3;11;10;7;5;117
230393;CHORO;23;8;7;10;12;15;8;4;8;12;3;11;6;104
230395;CHOROZINHO;23;30;6;8;2;13;7;6;9;5;4;15;8;113
230400;COREAU;23;16;28;37;41;38;38;27;14;22;20;23;21;325
230410;CRATEUS;23;790;766;797;866;1059;1014;934;982;969;935;829;894;10835
230420;CRATO;23;1200;1282;1428;1380;1047;1422;1176;1158;1230;1326;1041;1075;14765
230423;CROATA;23;59;44;74;97;111;102;67;61;85;72;68;64;904
230425;CRUZ;23;70;76;83;100;132;115;104;102;92;96;88;75;1133
230426;DEPUTADO IRAPUAN PINHEIRO;23;18;13;15;14;34;22;19;30;21;21;26;21;254
230427;ERERE;23;7;9;9;15;22;21;12;13;10;9;18;23;168
230428;EUSEBIO;23;381;304;330;315;414;368;447;413;367;405;338;408;4490
230430;FARIAS BRITO;23;30;41;36;45;52;63;35;33;32;59;60;53;539
230435;FORQUILHA;23;0;0;0;0;0;0;0;0;0;0;0;0;0
230440;FORTALEZA;23;17962;17532;17716;17429;20429;17433;18488;18321;19114;19123;18426;17524;219497
230445;FORTIM;23;20;17;22;18;41;21;29;32;24;20;27;26;297
230450;FRECHEIRINHA;23;16;28;24;20;29;16;11;14;15;18;14;19;224
230460;GENERAL SAMPAIO;23;9;4;1;3;12;5;4;7;3;1;2;4;55
230465;GRACA;23;0;0;0;0;0;0;0;0;0;0;0;0;0
230470;GRANJA;23;109;91;108;31;31;146;215;224;168;180;146;84;1533
230480;GRANJEIRO;23;7;9;10;3;5;9;14;9;4;6;13;7;96
230490;GROAIRAS;23;7;11;18;18;21;16;12;11;14;8;11;14;161
230495;GUAIUBA;23;18;9;22;15;15;15;13;14;15;12;4;5;157
230500;GUARACIABA DO NORTE;23;73;84;103;116;144;155;125;125;157;156;127;138;1503
230510;GUARAMIRANGA;23;5;3;9;6;5;11;0;0;0;0;0;0;39
230520;HIDROLANDIA;23;21;24;26;48;81;53;50;34;33;31;29;29;459
230523;HORIZONTE;23;140;153;149;145;212;181;158;136;187;157;145;128;1891
230526;IBARETAMA;23;21;12;10;12;17;15;9;7;13;5;6;5;132
230530;IBIAPINA;23;161;118;148;145;175;148;156;156;158;141;174;156;1836
230533;IBICUITINGA;23;0;0;0;0;0;0;0;0;0;0;0;0;0
230535;ICAPUI;23;0;0;0;0;0;0;0;0;0;0;0;0;0
230540;ICO;23;363;366;387;433;440;410;416;432;427;447;388;395;4904
230550;IGUATU;23;159;535;754;692;869;867;855;817;924;933;794;574;8773
230560;INDEPENDENCIA;23;19;19;32;22;53;32;27;19;24;26;29;26;328
230565;IPAPORANGA;23;27;19;24;27;33;25;29;21;29;28;25;22;309
230570;IPAUMIRIM;23;14;12;11;13;17;14;5;14;10;4;10;2;126
230580;IPU;23;114;132;171;201;168;221;190;207;215;190;155;144;2108
230590;IPUEIRAS;23;56;70;76;111;109;131;133;118;161;129;146;131;1371
230600;IRACEMA;23;41;31;34;37;53;50;50;49;36;35;48;30;494
230610;IRAUCUBA;23;20;22;19;38;59;36;45;28;38;49;31;37;422
230620;ITAICABA;23;2;4;3;3;3;0;0;0;4;2;1;2;24
230625;ITAITINGA;23;62;55;42;55;59;43;52;48;63;46;48;56;629
230630;ITAPAJE;23;81;70;90;70;102;97;98;93;101;98;60;100;1060
230640;ITAPIPOCA;23;899;846;1055;1123;1146;1069;1116;930;1333;1065;990;1005;12577
230650;ITAPIUNA;23;13;12;3;16;16;17;12;17;22;15;13;16;172
230655;ITAREMA;23;51;55;90;93;97;100;113;95;81;82;88;93;1038
230660;ITATIRA;23;0;0;0;0;0;0;0;0;0;0;0;0;0
230670;JAGUARETAMA;23;72;72;109;101;100;97;115;122;143;107;114;127;1279
230680;JAGUARIBARA;23;37;31;29;52;31;50;64;55;59;66;90;49;613
230690;JAGUARIBE;23;99;81;90;94;117;88;105;116;104;117;137;104;1252
230700;JAGUARUANA;23;45;40;41;78;50;58;41;40;47;50;16;57;563
230710;JARDIM;23;37;35;45;56;58;60;58;50;55;57;62;40;613
230720;JATI;23;18;16;13;26;35;20;26;16;15;9;8;14;216
230725;JIJOCA DE JERICOACOARA;23;15;14;32;28;38;57;70;50;29;43;38;30;444
230730;JUAZEIRO DO NORTE;23;1649;1520;1610;1835;1439;1456;1512;1560;1783;1818;1339;1534;19055
230740;JUCAS;23;65;56;60;63;70;78;86;82;76;62;68;57;823
230750;LAVRAS DA MANGABEIRA;23;165;128;181;197;171;177;145;126;174;161;168;130;1923
230760;LIMOEIRO DO NORTE;23;962;1056;1065;1006;1107;1166;1058;1106;952;916;1038;1021;12453
230763;MADALENA;23;25;13;19;32;30;34;31;27;21;27;18;26;303
230765;MARACANAU;23;1425;1353;1365;1355;1499;1245;1533;1511;1594;1340;1626;1476;17322
230770;MARANGUAPE;23;212;163;213;219;237;217;203;211;203;181;184;178;2421
230780;MARCO;23;64;99;82;82;124;95;93;97;101;115;105;95;1152
230790;MARTINOPOLE;23;30;60;38;72;52;47;56;55;64;0;0;0;474
230800;MASSAPE;23;62;50;24;21;26;27;20;22;33;24;27;20;356
230810;MAURITI;23;248;262;200;235;243;237;221;225;246;303;274;243;2937
230820;MERUOCA;23;13;15;12;10;34;22;12;15;15;19;11;8;186
230830;MILAGRES;23;348;291;214;327;365;393;256;237;240;204;242;256;3373
230835;MILHA;23;20;21;27;23;26;23;21;17;19;23;21;16;257
230837;MIRAIMA;23;0;0;0;0;0;0;0;0;0;0;0;0;0
230840;MISSAO VELHA;23;185;200;200;203;200;210;210;200;200;200;200;200;2408
230850;MOMBACA;23;170;169;164;215;214;194;179;151;150;147;139;112;2004
230860;MONSENHOR TABOSA;23;48;44;48;63;59;52;53;69;70;66;66;87;725
230870;MORADA NOVA;23;71;71;90;86;100;148;113;149;166;151;169;161;1475
230880;MORAUJO;23;8;4;6;4;10;10;7;8;10;10;7;10;94
230890;MORRINHOS;23;8;5;19;14;20;26;16;21;10;9;25;17;190
230900;MUCAMBO;23;110;77;123;71;101;114;75;106;146;52;91;88;1154
230910;MULUNGU;23;8;10;12;20;16;14;33;10;25;7;23;17;195
230920;NOVA OLINDA;23;24;22;27;29;16;37;23;15;29;21;25;31;299
230930;NOVA RUSSAS;23;189;122;153;200;230;183;174;136;132;173;140;127;1959
230940;NOVO ORIENTE;23;66;65;88;72;88;62;83;73;76;67;63;50;853
230945;OCARA;23;30;36;30;40;37;61;41;36;39;28;11;17;406
230950;OROS;23;65;56;81;68;84;92;75;67;71;67;83;66;875
230960;PACAJUS;23;86;57;57;63;70;67;66;45;44;56;62;52;725
230970;PACATUBA;23;19;27;49;58;68;75;62;52;51;62;65;46;634
230980;PACOTI;23;10;5;16;6;17;19;18;12;9;12;16;11;151
230990;PACUJA;23;0;0;0;0;0;0;0;0;0;0;0;0;0
231000;PALHANO;23;0;0;0;0;0;0;0;0;0;0;0;0;0
231010;PALMACIA;23;4;6;5;7;11;4;4;10;14;9;4;7;85
231020;PARACURU;23;36;20;26;29;35;95;36;108;55;63;52;168;723
231025;PARAIPABA;23;20;45;55;93;125;73;71;59;66;45;57;79;788
231030;PARAMBU;23;136;130;109;118;132;101;140;141;133;101;101;34;1376
231040;PARAMOTI;23;23;8;22;29;29;22;13;13;20;13;11;12;215
231050;PEDRA BRANCA;23;100;75;98;87;95;110;103;95;77;90;95;77;1102
231060;PENAFORTE;23;22;20;29;68;32;55;27;15;12;27;15;2;324
231070;PENTECOSTE;23;52;52;58;64;78;53;39;39;33;51;36;34;589
231080;PEREIRO;23;30;30;42;43;43;45;32;37;42;50;45;34;473
231085;PINDORETAMA;23;12;7;8;9;14;10;9;16;15;13;8;16;137
231090;PIQUET CARNEIRO;23;36;45;68;51;67;52;51;18;54;35;37;26;540
231095;PIRES FERREIRA;23;0;0;0;0;0;0;0;0;0;0;0;0;0
231100;PORANGA;23;14;20;37;41;67;65;59;62;77;65;59;62;628
231110;PORTEIRAS;23;37;38;32;25;46;45;43;55;39;51;52;52;515
231120;POTENGI;23;17;14;21;26;26;18;23;33;22;26;34;24;284
231123;POTIRETAMA;23;0;0;0;0;0;0;0;0;0;11;6;10;27
231126;QUITERIANOPOLIS;23;24;24;24;38;51;35;33;34;85;63;51;45;507
231130;QUIXADA;23;507;521;607;539;634;598;568;526;546;599;542;566;6753
231135;QUIXELO;23;48;45;63;69;87;75;57;59;49;58;53;63;726
231140;QUIXERAMOBIM;23;584;1053;863;1199;1442;1521;1050;1129;1404;1822;1415;1429;14911
231150;QUIXERE;23;35;33;42;52;56;31;24;31;43;26;36;23;432
231160;REDENCAO;23;97;116;138;121;155;142;115;114;117;113;114;111;1453
231170;RERIUTABA;23;26;17;34;32;41;35;22;30;17;29;41;31;355
231180;RUSSAS;23;463;537;582;614;680;617;556;570;605;585;586;552;6947
231190;SABOEIRO;23;25;19;27;44;46;33;30;21;24;23;23;17;332
231195;SALITRE;23;17;36;35;31;41;31;29;40;37;49;32;41;419
231200;SANTANA DO ACARAU;23;57;53;54;62;63;62;62;66;66;61;64;66;736
231210;SANTANA DO CARIRI;23;15;20;30;28;37;34;21;21;21;16;19;12;274
231220;SANTA QUITERIA;23;74;55;84;69;72;107;85;87;108;85;80;67;973
231230;SAO BENEDITO;23;92;114;164;167;134;156;122;151;147;118;127;142;1634
231240;SAO GONCALO DO AMARANTE;23;252;205;247;274;275;253;248;221;270;206;228;200;2879
231250;SAO JOAO DO JAGUARIBE;23;0;0;0;0;0;0;0;0;0;0;0;0;0
231260;SAO LUIS DO CURU;23;11;7;2;7;19;4;10;16;16;10;12;5;119
231270;SENADOR POMPEU;23;61;43;43;53;50;60;54;59;41;47;61;56;628
231280;SENADOR SA;23;0;0;0;0;0;0;0;0;0;0;0;0;0
231290;SOBRAL;23;3660;3168;3399;3392;3578;3157;3302;3060;3785;3818;3126;3236;40681
231300;SOLONOPOLE;23;57;36;61;47;55;47;37;33;38;36;28;33;508
231310;TABULEIRO DO NORTE;23;101;103;84;120;111;152;118;154;197;139;189;164;1632
231320;TAMBORIL;23;93;95;85;72;98;106;84;101;90;81;84;87;1076
231325;TARRAFAS;23;12;11;14;12;25;17;14;8;6;5;4;5;133
231330;TAUA;23;1075;1034;1139;1150;1280;1217;1184;1178;1256;1230;1113;1184;14040
231335;TEJUCUOCA;23;10;15;16;16;20;21;30;35;22;22;32;21;260
231340;TIANGUA;23;824;728;840;902;900;857;939;893;931;984;988;929;10715
231350;TRAIRI;23;73;82;88;72;120;78;78;78;74;51;71;44;909
231355;TURURU;23;0;0;0;0;0;0;0;0;0;0;0;0;0
231360;UBAJARA;23;134;110;148;151;183;126;221;232;211;208;255;239;2218
231370;UMARI;23;8;5;7;13;20;34;13;15;8;6;9;9;147
231375;UMIRIM;23;7;7;7;7;14;14;11;11;7;6;10;2;103
231380;URUBURETAMA;23;12;11;12;12;20;21;44;19;22;6;18;10;207
231390;URUOCA;23;0;11;7;6;13;13;5;0;0;0;0;0;55
231395;VARJOTA;23;27;23;34;21;42;36;32;27;17;25;32;29;345
231400;VARZEA ALEGRE;23;310;232;260;514;416;384;455;421;464;458;474;468;4856
231410;VICOSA DO CEARA;23;207;164;215;199;224;226;222;214;194;220;173;149;2407
240010;ACARI;24;0;0;0;0;0;0;0;0;0;0;0;0;0
240020;ASSU;24;133;13;324;261;211;317;150;308;195;174;277;150;2513
240030;AFONSO BEZERRA;24;0;0;0;19;11;11;10;8;3;7;10;7;86
240040;AGUA NOVA;24;0;0;0;0;0;0;0;0;0;0;0;0;0
240050;ALEXANDRIA;24;548;558;561;560;495;474;474;506;462;511;539;629;6317
240060;ALMINO AFONSO;24;86;258;227;188;241;288;262;317;132;288;262;224;2773
240070;ALTO DO RODRIGUES;24;14;23;21;31;34;26;35;35;23;19;18;18;297
240080;ANGICOS;24;16;18;26;22;22;21;17;15;14;12;19;14;216
240090;ANTONIO MARTINS;24;25;44;33;39;23;88;68;46;33;46;3;26;474
240100;APODI;24;78;124;147;134;166;150;216;177;182;156;141;181;1852
240110;AREIA BRANCA;24;27;16;28;24;27;29;24;26;27;19;22;22;291
240120;AREZ;24;0;0;7;5;8;4;3;5;0;0;0;0;32
240130;CAMPO GRANDE;24;0;0;0;0;0;0;0;0;0;0;0;0;0
240140;BAIA FORMOSA;24;0;0;0;0;0;0;0;0;0;0;0;0;0
240145;BARAUNA;24;35;29;32;34;42;52;47;35;33;40;49;30;458
240150;BARCELONA;24;0;0;0;0;0;0;0;0;0;0;0;0;0
240160;BENTO FERNANDES;24;0;0;0;0;0;0;0;0;0;0;0;0;0
240165;BODO;24;0;0;0;0;0;0;0;0;0;0;0;0;0
240170;BOM JESUS;24;0;0;0;0;0;0;0;0;0;0;0;0;0
240180;BREJINHO;24;2;8;5;6;8;13;8;14;3;14;6;12;99
240185;CAICARA DO NORTE;24;0;0;0;0;0;0;0;0;0;0;0;0;0
240190;CAICARA DO RIO DO VENTO;24;0;0;0;0;0;0;0;0;0;0;0;0;0
240200;CAICO;24;559;477;431;534;612;390;782;634;502;518;547;541;6527
240210;CAMPO REDONDO;24;0;0;0;0;0;0;0;0;0;0;0;0;0
240220;CANGUARETAMA;24;0;0;0;0;0;0;0;0;0;0;0;0;0
240230;CARAUBAS;24;22;48;19;33;45;42;40;32;35;33;38;47;434
240240;CARNAUBA DOS DANTAS;24;8;6;7;4;13;6;8;5;6;9;7;0;79
240250;CARNAUBAIS;24;3;4;6;7;13;8;11;7;7;3;4;9;82
240260;CEARA-MIRIM;24;279;297;374;353;360;386;365;478;357;276;308;350;4183
240270;CERRO CORA;24;5;7;9;14;31;19;9;9;7;13;5;8;136
240280;CORONEL EZEQUIEL;24;0;0;0;0;0;0;0;0;0;0;0;0;0
240290;CORONEL JOAO PESSOA;24;0;6;3;2;2;1;1;2;0;0;0;0;17
240300;CRUZETA;24;0;0;0;0;0;0;0;0;0;0;0;0;0
240310;CURRAIS NOVOS;24;378;436;443;501;354;356;360;450;422;320;304;428;4752
240320;DOUTOR SEVERIANO;24;14;15;18;11;9;8;29;9;8;13;28;8;170
240325;PARNAMIRIM;24;819;911;868;872;877;1014;980;944;1087;623;825;904;10724
240330;ENCANTO;24;2;1;1;1;2;1;2;5;6;4;2;1;28
240340;EQUADOR;24;8;8;8;5;7;6;10;6;7;5;9;10;89
240350;ESPIRITO SANTO;24;0;0;0;0;0;0;0;0;0;0;0;0;0
240360;EXTREMOZ;24;23;32;28;29;25;25;26;35;23;30;24;26;326
240370;FELIPE GUERRA;24;7;4;6;1;2;6;3;6;5;2;6;9;57
240375;FERNANDO PEDROZA;24;0;0;0;0;0;0;0;0;0;0;0;0;0
240380;FLORANIA;24;0;0;0;0;0;0;0;0;0;0;0;0;0
240390;FRANCISCO DANTAS;24;0;0;0;0;0;0;0;0;0;0;0;0;0
240400;FRUTUOSO GOMES;24;16;7;7;10;12;10;4;9;8;7;7;6;103
240410;GALINHOS;24;0;0;0;0;0;0;0;0;0;0;0;0;0
240420;GOIANINHA;24;21;19;11;13;7;29;29;20;23;17;9;16;214
240430;GOVERNADOR DIX-SEPT ROSADO;24;5;3;9;6;9;0;1;6;8;11;3;10;71
240440;GROSSOS;24;0;0;0;0;0;0;0;0;0;0;0;0;0
240450;GUAMARE;24;23;23;47;62;56;81;68;66;51;95;57;52;681
240460;IELMO MARINHO;24;0;0;0;0;0;0;0;0;0;0;0;0;0
240470;IPANGUACU;24;0;0;0;0;0;0;0;0;0;0;0;0;0
240480;IPUEIRA;24;0;0;0;0;0;0;0;0;0;0;0;0;0
240485;ITAJA;24;0;0;0;0;0;0;0;0;0;0;0;0;0
240490;ITAU;24;0;0;0;0;0;0;0;0;0;0;0;0;0
240500;JACANA;24;0;0;0;0;0;0;0;0;0;0;0;0;0
240510;JANDAIRA;24;0;0;0;0;0;0;0;0;0;0;0;0;0
240520;JANDUIS;24;21;14;17;20;16;24;15;9;19;8;9;8;180
240530;JANUARIO CICCO;24;6;2;1;7;10;2;14;7;3;10;7;9;78
240540;JAPI;24;0;0;0;0;0;0;0;0;0;0;0;0;0
240550;JARDIM DE ANGICOS;24;0;0;0;0;0;0;0;0;0;0;0;0;0
240560;JARDIM DE PIRANHAS;24;14;16;14;17;20;14;18;15;24;15;19;11;197
240570;JARDIM DO SERIDO;24;17;22;23;15;90;23;15;29;25;20;22;34;335
240580;JOAO CAMARA;24;93;65;60;84;78;114;102;99;69;55;58;52;929
240590;JOAO DIAS;24;0;0;0;0;0;0;0;0;0;0;0;0;0
240600;JOSE DA PENHA;24;18;15;12;17;15;38;10;9;11;12;15;8;180
240610;JUCURUTU;24;46;45;44;50;48;42;59;86;62;82;63;58;685
240615;JUNDIA;24;0;0;0;0;0;0;0;0;0;0;0;0;0
240620;LAGOA D'ANTA;24;0;0;0;0;0;0;0;0;0;0;0;0;0
240630;LAGOA DE PEDRAS;24;0;0;0;0;0;0;0;0;0;0;0;0;0
240640;LAGOA DE VELHOS;24;0;0;0;0;0;0;0;0;0;0;0;0;0
240650;LAGOA NOVA;24;0;12;16;10;0;0;0;0;0;0;0;0;38
240660;LAGOA SALGADA;24;0;0;0;0;0;0;0;0;0;0;0;0;0
240670;LAJES;24;11;19;15;18;17;18;17;18;24;15;24;12;208
240680;LAJES PINTADAS;24;0;0;0;0;0;0;0;0;0;0;0;0;0
240690;LUCRECIA;24;8;14;25;27;22;14;26;8;20;13;16;14;207
240700;LUIS GOMES;24;0;0;0;0;0;0;0;0;0;0;0;0;0
240710;MACAIBA;24;161;176;231;231;293;272;299;281;281;249;169;313;2956
240720;MACAU;24;15;30;12;27;107;36;34;61;52;40;61;55;530
240725;MAJOR SALES;24;7;6;6;4;5;5;8;6;7;2;6;3;65
240730;MARCELINO VIEIRA;24;0;0;0;0;0;0;0;0;0;0;0;0;0
240740;MARTINS;24;9;9;4;13;10;5;4;15;13;10;4;10;106
240750;MAXARANGUAPE;24;0;0;0;0;0;0;0;0;0;0;0;0;0
240760;MESSIAS TARGINO;24;10;7;15;22;32;10;7;5;3;2;7;6;126
240770;MONTANHAS;24;0;0;0;0;0;0;0;0;0;0;0;0;0
240780;MONTE ALEGRE;24;27;31;18;27;42;23;34;30;24;22;28;39;345
240790;MONTE DAS GAMELEIRAS;24;0;0;0;0;0;0;0;0;0;0;0;0;0
240800;MOSSORO;24;2391;2770;2236;2584;2514;2737;2697;2395;2865;2335;2956;2481;30961
240810;NATAL;24;9437;8796;9763;9228;10320;9466;10003;9439;9244;9639;8899;8585;112819
240820;NISIA FLORESTA;24;0;0;0;0;0;0;0;0;0;0;0;0;0
240830;NOVA CRUZ;24;23;29;35;54;85;55;107;47;46;58;49;56;644
240840;OLHO-D'AGUA DO BORGES;24;0;4;3;7;3;5;3;4;4;7;3;2;45
240850;OURO BRANCO;24;0;0;0;0;0;0;0;0;0;0;0;0;0
240860;PARANA;24;0;0;0;0;0;0;0;0;0;0;0;0;0
240870;PARAU;24;0;0;0;0;0;0;0;0;0;0;0;0;0
240880;PARAZINHO;24;0;0;0;0;0;0;0;0;0;0;0;0;0
240890;PARELHAS;24;26;36;23;37;11;26;31;34;24;16;23;15;302
240895;RIO DO FOGO;24;0;0;0;0;0;4;13;7;4;0;0;0;28
240910;PASSA E FICA;24;16;23;19;24;25;23;23;18;10;21;28;25;255
240920;PASSAGEM;24;0;0;0;0;0;0;0;0;0;0;0;0;0
240930;PATU;24;18;23;17;21;12;23;16;21;14;14;17;14;210
240933;SANTA MARIA;24;0;0;0;0;0;0;0;0;0;0;0;0;0
240940;PAU DOS FERROS;24;626;530;510;563;661;511;559;632;608;512;397;439;6548
240950;PEDRA GRANDE;24;0;0;0;0;0;0;0;0;0;0;0;0;0
240960;PEDRA PRETA;24;0;0;0;0;0;0;0;0;0;0;0;0;0
240970;PEDRO AVELINO;24;0;0;0;0;0;0;0;0;0;0;0;0;0
240980;PEDRO VELHO;24;4;6;7;5;12;5;9;6;13;10;12;11;100
240990;PENDENCIAS;24;9;0;18;8;10;10;12;10;14;11;4;7;113
241000;PILOES;24;4;7;4;6;1;12;6;2;2;5;3;5;57
241010;POCO BRANCO;24;0;0;0;0;0;0;0;0;0;0;0;0;0
241020;PORTALEGRE;24;1;0;8;11;6;5;2;3;8;13;9;3;69
241025;PORTO DO MANGUE;24;0;0;0;0;0;0;0;0;0;0;0;0;0
241030;SERRA CAIADA;24;5;10;2;1;3;7;1;1;7;1;2;3;43
241040;PUREZA;24;0;0;0;0;0;0;0;0;0;0;0;0;0
241050;RAFAEL FERNANDES;24;0;0;0;0;0;0;0;0;0;0;0;0;0
241060;RAFAEL GODEIRO;24;18;23;12;23;33;21;28;17;25;42;25;18;285
241070;RIACHO DA CRUZ;24;7;5;14;12;14;7;9;4;7;8;9;8;104
241080;RIACHO DE SANTANA;24;0;0;0;0;0;0;0;0;0;0;0;0;0
241090;RIACHUELO;24;0;0;0;0;0;0;0;0;0;0;0;0;0
241100;RODOLFO FERNANDES;24;4;4;2;0;2;1;0;4;6;0;2;3;28
241105;TIBAU;24;0;0;0;0;0;0;0;0;0;0;0;0;0
241110;RUY BARBOSA;24;0;0;0;0;0;0;0;0;0;0;0;0;0
241120;SANTA CRUZ;24;705;584;549;508;671;596;644;576;493;654;524;440;6944
241140;SANTANA DO MATOS;24;8;19;13;17;0;0;0;0;0;0;0;0;57
241142;SANTANA DO SERIDO;24;2;3;1;2;2;6;2;4;1;4;2;2;31
241150;SANTO ANTONIO;24;163;191;181;179;252;226;270;222;210;176;182;166;2418
241160;SAO BENTO DO NORTE;24;0;0;0;0;0;0;0;0;0;0;0;0;0
241170;SAO BENTO DO TRAIRI;24;0;0;0;0;0;0;0;0;0;0;0;0;0
241180;SAO FERNANDO;24;0;0;0;0;0;0;0;0;0;0;0;0;0
241190;SAO FRANCISCO DO OESTE;24;0;0;0;0;0;0;0;0;0;0;0;0;0
241200;SAO GONCALO DO AMARANTE;24;240;339;246;276;371;264;280;264;264;285;212;262;3303
241210;SAO JOAO DO SABUGI;24;0;0;0;0;0;0;0;0;0;0;0;0;0
241220;SAO JOSE DE MIPIBU;24;321;281;384;365;390;353;388;388;346;317;374;379;4286
241230;SAO JOSE DO CAMPESTRE;24;10;3;5;9;7;11;9;5;14;8;9;6;96
241240;SAO JOSE DO SERIDO;24;4;3;6;6;7;7;5;3;7;6;5;4;63
241250;SAO MIGUEL;24;15;10;26;12;19;13;11;14;11;7;21;2;161
241255;SAO MIGUEL DO GOSTOSO;24;0;0;0;0;0;0;0;0;0;0;0;0;0
241260;SAO PAULO DO POTENGI;24;37;53;39;46;37;41;39;50;47;47;50;39;525
241270;SAO PEDRO;24;0;0;0;0;0;0;0;0;0;0;0;0;0
241280;SAO RAFAEL;24;1;1;1;3;11;14;9;8;17;14;10;18;107
241290;SAO TOME;24;0;0;0;0;0;0;0;0;0;0;0;0;0
241300;SAO VICENTE;24;6;5;4;4;12;7;12;9;8;4;9;11;91
241310;SENADOR ELOI DE SOUZA;24;0;0;0;0;0;0;0;0;0;0;0;0;0
241320;SENADOR GEORGINO AVELINO;24;0;0;0;0;0;0;0;0;0;0;0;0;0
241330;SERRA DE SAO BENTO;24;2;1;2;1;1;3;5;2;4;2;1;7;31
241335;SERRA DO MEL;24;6;2;9;8;5;10;4;2;2;6;14;7;75
241340;SERRA NEGRA DO NORTE;24;4;6;4;9;1;11;2;5;4;11;4;14;75
241350;SERRINHA;24;0;0;0;0;0;0;0;0;0;0;0;0;0
241355;SERRINHA DOS PINTOS;24;7;1;3;10;8;6;9;5;4;3;3;1;60
241360;SEVERIANO MELO;24;0;3;2;10;6;5;4;2;3;1;7;6;49
241370;SITIO NOVO;24;0;0;0;0;0;0;0;0;0;0;0;0;0
241380;TABOLEIRO GRANDE;24;3;1;4;2;5;5;7;3;2;3;1;3;39
241390;TAIPU;24;0;0;0;0;0;0;0;0;0;0;0;0;0
241400;TANGARA;24;0;0;0;16;16;18;19;13;16;13;5;15;131
241410;TENENTE ANANIAS;24;97;118;101;108;107;129;139;124;118;144;92;118;1395
241415;TENENTE LAURENTINO CRUZ;24;0;0;0;0;0;0;0;0;0;0;0;0;0
241420;TIBAU DO SUL;24;2;8;9;7;5;10;13;13;11;13;6;10;107
241430;TIMBAUBA DOS BATISTAS;24;0;0;0;0;0;0;0;0;0;0;0;0;0
241440;TOUROS;24;27;24;35;36;39;47;33;44;39;35;39;45;443
241445;TRIUNFO POTIGUAR;24;1;3;1;3;3;8;8;0;8;8;8;2;53
241450;UMARIZAL;24;0;0;0;0;0;0;0;0;0;0;0;0;0
241460;UPANEMA;24;3;7;3;6;7;7;8;6;15;8;6;6;82
241470;VARZEA;24;0;0;0;0;0;0;0;0;0;0;0;0;0
241475;VENHA-VER;24;1;1;1;1;4;1;1;1;1;4;3;2;21
241480;VERA CRUZ;24;0;0;0;0;0;0;0;0;0;0;0;0;0
241490;VICOSA;24;0;0;0;0;0;0;0;0;0;0;0;0;0
241500;VILA FLOR;24;0;0;0;0;0;0;0;0;0;0;0;0;0
250010;AGUA BRANCA;25;7;31;33;34;22;33;30;33;23;20;31;18;315
250020;AGUIAR;25;0;0;0;0;0;0;0;0;0;0;0;0;0
250030;ALAGOA GRANDE;25;24;14;13;26;30;35;30;13;33;23;21;15;277
250040;ALAGOA NOVA;25;31;29;26;22;29;30;20;24;22;17;29;30;309
250050;ALAGOINHA;25;0;0;0;0;0;0;0;0;0;0;0;0;0
250053;ALCANTIL;25;0;0;0;0;0;0;0;0;0;0;0;0;0
250057;ALGODAO DE JANDAIRA;25;0;0;0;0;0;0;0;0;0;0;0;0;0
250060;ALHANDRA;25;0;0;0;0;0;0;0;0;0;0;0;0;0
250070;SAO JOAO DO RIO DO PEIXE;25;24;24;26;28;21;27;18;16;29;19;30;16;278
250073;AMPARO;25;0;0;0;0;0;0;0;0;0;0;0;0;0
250077;APARECIDA;25;0;0;0;0;0;0;0;0;0;0;0;0;0
250080;ARACAGI;25;0;0;0;0;0;0;0;0;0;0;0;0;0
250090;ARARA;25;0;0;0;0;3;2;3;0;0;0;0;0;8
250100;ARARUNA;25;0;0;0;0;0;0;0;0;0;0;0;0;0
250110;AREIA;25;12;17;16;19;16;18;12;14;17;0;0;0;141
250115;AREIA DE BARAUNAS;25;0;0;0;0;0;0;0;0;0;0;0;0;0
250120;AREIAL;25;0;0;0;0;0;0;0;0;0;0;0;0;0
250130;AROEIRAS;25;12;16;22;18;17;18;27;30;23;15;15;31;244
250135;ASSUNCAO;25;0;0;0;0;0;0;0;0;0;0;0;0;0
250140;BAIA DA TRAICAO;25;0;0;0;0;0;0;0;0;0;0;0;0;0
250150;BANANEIRAS;25;16;20;22;30;28;23;29;28;36;39;28;31;330
250153;BARAUNA;25;0;0;0;0;0;0;0;0;0;0;0;0;0
250157;BARRA DE SANTANA;25;0;0;0;0;0;0;0;0;0;0;0;0;0
250160;BARRA DE SANTA ROSA;25;0;0;0;0;0;0;0;0;0;0;0;0;0
250170;BARRA DE SAO MIGUEL;25;0;0;0;0;0;0;0;0;0;0;0;0;0
250180;BAYEUX;25;0;0;0;0;0;0;0;0;0;0;0;23;23
250190;BELEM;25;50;35;33;44;63;41;69;55;55;72;58;57;632
250200;BELEM DO BREJO DO CRUZ;25;5;11;7;9;8;10;4;11;9;12;7;0;93
250205;BERNARDINO BATISTA;25;0;0;0;0;0;0;0;0;0;0;0;0;0
250210;BOA VENTURA;25;0;0;0;0;0;0;0;0;0;0;0;0;0
250215;BOA VISTA;25;0;0;0;0;0;0;0;0;0;0;0;0;0
250220;BOM JESUS;25;0;0;0;0;0;0;0;0;0;0;0;0;0
250230;BOM SUCESSO;25;0;0;3;3;1;3;3;3;2;5;1;1;25
250240;BONITO DE SANTA FE;25;11;8;10;11;11;15;16;13;15;19;18;14;161
250250;BOQUEIRAO;25;25;22;22;20;23;21;35;32;24;32;29;25;310
250260;IGARACY;25;0;0;0;0;0;0;0;0;0;0;0;0;0
250270;BORBOREMA;25;0;0;0;0;0;0;0;0;0;0;0;0;0
250280;BREJO DO CRUZ;25;21;11;13;12;14;12;15;24;12;12;14;5;165
250290;BREJO DOS SANTOS;25;0;0;0;0;0;0;0;0;0;0;0;0;0
250300;CAAPORA;25;16;16;14;2;0;0;0;0;0;0;0;0;48
250310;CABACEIRAS;25;0;0;0;0;0;0;0;0;0;0;0;0;0
250320;CABEDELO;25;110;145;165;211;169;155;176;143;102;171;134;153;1834
250330;CACHOEIRA DOS INDIOS;25;0;0;0;0;0;0;0;0;0;0;0;0;0
250340;CACIMBA DE AREIA;25;0;0;0;0;0;0;0;0;0;0;0;0;0
250350;CACIMBA DE DENTRO;25;1;0;2;0;3;1;4;1;0;1;1;1;15
250355;CACIMBAS;25;0;0;0;0;0;0;0;0;0;0;0;0;0
250360;CAICARA;25;0;0;0;0;0;0;0;0;0;0;0;0;0
250370;CAJAZEIRAS;25;597;565;666;820;806;765;789;779;789;730;761;739;8806
250375;CAJAZEIRINHAS;25;0;0;0;0;0;0;0;0;0;0;0;0;0
250380;CALDAS BRANDAO;25;0;0;0;0;0;0;0;0;0;0;0;0;0
250390;CAMALAU;25;0;0;0;0;0;0;0;0;0;0;0;0;0
250400;CAMPINA GRANDE;25;4856;4748;5615;5220;5417;5654;6035;5879;5604;5543;4893;3908;63372
250403;CAPIM;25;0;0;0;0;0;0;0;0;0;0;0;0;0
250407;CARAUBAS;25;0;0;0;0;0;0;0;0;0;0;0;0;0
250410;CARRAPATEIRA;25;0;0;0;0;0;0;0;0;0;0;0;0;0
250415;CASSERENGUE;25;0;0;0;0;0;0;0;0;0;0;0;0;0
250420;CATINGUEIRA;25;0;0;0;0;0;0;0;0;0;0;0;0;0
250430;CATOLE DO ROCHA;25;312;238;370;365;471;335;361;418;393;383;319;324;4289
250435;CATURITE;25;0;0;0;0;0;0;0;0;0;0;0;0;0
250440;CONCEICAO;25;48;45;55;68;58;66;55;57;78;78;74;63;745
250450;CONDADO;25;0;0;0;0;0;0;0;0;0;0;0;0;0
250460;CONDE;25;0;0;0;0;0;0;0;0;0;0;0;0;0
250470;CONGO;25;0;0;0;0;0;0;0;0;0;0;0;0;0
250480;COREMAS;25;52;54;77;51;75;94;108;102;87;77;74;68;919
250485;COXIXOLA;25;0;0;0;0;0;0;0;0;0;0;0;0;0
250490;CRUZ DO ESPIRITO SANTO;25;0;0;0;0;0;0;0;0;0;0;0;0;0
250500;CUBATI;25;0;0;0;0;0;0;0;0;0;0;0;0;0
250510;CUITE;25;38;41;33;64;58;59;81;61;61;56;53;65;670
250520;CUITEGI;25;0;0;0;0;0;0;0;0;0;0;0;0;0
250523;CUITE DE MAMANGUAPE;25;0;0;0;0;0;0;0;0;0;0;0;0;0
250527;CURRAL DE CIMA;25;0;0;0;0;0;0;0;0;0;0;0;0;0
250530;CURRAL VELHO;25;0;0;0;0;0;0;0;0;0;0;0;0;0
250535;DAMIAO;25;0;0;0;0;0;0;0;0;0;0;0;0;0
250540;DESTERRO;25;0;0;0;0;0;0;0;0;0;0;0;0;0
250550;VISTA SERRANA;25;0;0;0;0;0;0;0;0;0;0;0;0;0
250560;DIAMANTE;25;0;0;0;0;0;0;0;0;0;0;0;0;0
250570;DONA INES;25;0;0;0;0;0;0;0;0;0;0;0;0;0
250580;DUAS ESTRADAS;25;0;0;0;0;0;0;0;0;0;0;0;0;0
250590;EMAS;25;0;0;0;0;0;0;0;0;0;0;0;0;0
250600;ESPERANCA;25;76;34;40;30;86;68;21;50;113;68;30;23;639
250610;FAGUNDES;25;0;0;0;0;0;0;0;0;0;0;0;0;0
250620;FREI MARTINHO;25;0;0;0;0;0;0;0;0;0;0;0;0;0
250625;GADO BRAVO;25;0;0;0;0;0;0;0;0;0;0;0;0;0
250630;GUARABIRA;25;479;496;583;514;550;552;498;534;521;508;483;412;6130
250640;GURINHEM;25;0;0;0;0;0;0;0;0;0;0;0;0;0
250650;GURJAO;25;0;0;0;0;0;0;0;0;0;0;0;0;0
250660;IBIARA;25;0;0;0;0;0;0;0;0;0;0;0;0;0
250670;IMACULADA;25;0;0;0;0;0;0;0;0;0;0;0;0;0
250680;INGA;25;0;0;0;0;0;0;0;0;0;0;0;0;0
250690;ITABAIANA;25;239;204;225;239;280;285;326;324;273;245;155;142;2937
250700;ITAPORANGA;25;75;1;0;0;0;4;24;17;12;41;10;10;194
250710;ITAPOROROCA;25;14;13;15;16;11;7;10;13;9;8;12;8;136
250720;ITATUBA;25;0;0;0;0;0;0;0;0;0;0;0;0;0
250730;JACARAU;25;0;0;0;0;0;0;0;0;0;0;0;0;0
250740;JERICO;25;5;6;7;4;7;3;7;5;3;8;5;3;63
250750;JOAO PESSOA;25;7755;7182;7282;7404;7806;7708;7708;8047;8129;8562;7466;7415;92464
250760;JUAREZ TAVORA;25;0;0;0;0;0;0;0;0;0;0;0;0;0
250770;JUAZEIRINHO;25;7;3;2;4;9;10;4;6;4;9;3;3;64
250780;JUNCO DO SERIDO;25;0;0;0;0;0;0;0;0;0;0;0;0;0
250790;JURIPIRANGA;25;0;0;0;0;0;0;0;0;0;0;0;0;0
250800;JURU;25;9;14;10;15;23;17;9;22;23;19;22;11;194
250810;LAGOA;25;0;0;0;0;0;0;0;0;0;0;0;0;0
250820;LAGOA DE DENTRO;25;0;0;0;0;0;0;0;0;0;0;0;0;0
250830;LAGOA SECA;25;5;20;18;28;19;33;43;32;36;28;17;24;303
250840;LASTRO;25;0;0;0;0;0;0;0;0;0;0;0;0;0
250850;LIVRAMENTO;25;0;0;0;0;0;0;0;0;0;0;0;0;0
250855;LOGRADOURO;25;0;0;0;0;0;0;0;0;0;0;0;0;0
250860;LUCENA;25;0;0;0;0;0;0;0;0;0;0;0;0;0
250870;MAE D'AGUA;25;0;0;0;0;0;0;0;0;0;0;0;0;0
250880;MALTA;25;0;0;0;0;0;0;0;0;0;0;0;0;0
250890;MAMANGUAPE;25;362;477;523;495;547;577;288;550;387;551;767;508;6032
250900;MANAIRA;25;0;0;0;0;0;0;0;0;0;0;0;0;0
250905;MARCACAO;25;0;0;0;0;0;0;0;0;0;0;0;0;0
250910;MARI;25;0;0;0;0;0;0;0;0;0;0;0;0;0
250915;MARIZOPOLIS;25;0;0;0;0;0;0;0;0;0;0;0;0;0
250920;MASSARANDUBA;25;1;6;1;4;4;4;6;3;3;4;2;4;42
250930;MATARACA;25;0;0;0;0;0;0;0;0;0;0;0;0;0
250933;MATINHAS;25;0;0;0;0;0;0;0;0;0;0;0;0;0
250937;MATO GROSSO;25;0;0;0;0;0;0;0;0;0;0;0;0;0
250939;MATUREIA;25;0;0;0;0;0;0;0;0;0;0;0;0;0
250940;MOGEIRO;25;0;0;0;0;0;0;0;0;0;0;0;0;0
250950;MONTADAS;25;0;0;0;0;0;0;0;0;0;0;0;0;0
250960;MONTE HOREBE;25;0;0;0;0;0;0;0;0;0;0;0;0;0
250970;MONTEIRO;25;306;319;383;404;350;281;368;311;395;340;323;331;4111
250980;MULUNGU;25;0;0;0;0;0;0;0;0;0;0;0;0;0
250990;NATUBA;25;0;0;0;0;0;0;0;0;0;0;0;0;0
251000;NAZAREZINHO;25;0;0;0;0;0;0;0;0;0;0;0;0;0
251010;NOVA FLORESTA;25;0;0;0;0;0;0;0;0;0;0;0;0;0
251020;NOVA OLINDA;25;0;0;0;0;0;0;0;0;0;0;0;0;0
251030;NOVA PALMEIRA;25;0;0;0;0;0;0;0;0;0;0;0;0;0
251040;OLHO D'AGUA;25;0;0;0;0;0;0;0;0;0;0;0;0;0
251050;OLIVEDOS;25;0;0;0;0;0;0;0;0;0;0;0;0;0
251060;OURO VELHO;25;0;0;0;0;0;0;0;0;0;0;0;0;0
251065;PARARI;25;0;0;0;0;0;0;0;0;0;0;0;0;0
251070;PASSAGEM;25;0;0;0;0;0;0;0;0;0;0;0;0;0
251080;PATOS;25;1197;1118;1320;1364;1425;1414;1469;1545;1474;1513;1475;1352;16666
251090;PAULISTA;25;15;21;37;34;39;34;28;33;30;26;23;20;340
251100;PEDRA BRANCA;25;0;0;0;0;0;0;0;0;0;0;0;0;0
251110;PEDRA LAVRADA;25;17;16;19;17;7;3;8;5;2;3;3;5;105
251120;PEDRAS DE FOGO;25;51;49;53;41;33;51;41;46;59;41;39;58;562
251130;PIANCO;25;118;212;197;215;201;283;206;264;183;156;161;164;2360
251140;PICUI;25;171;206;274;314;225;305;289;283;289;277;203;187;3023
251150;PILAR;25;0;0;0;0;0;0;0;0;0;0;0;0;0
251160;PILOES;25;0;0;0;0;0;0;0;0;0;0;0;0;0
251170;PILOEZINHOS;25;0;0;0;0;0;0;0;0;0;0;0;0;0
251180;PIRPIRITUBA;25;0;0;0;0;0;0;0;0;0;0;0;0;0
251190;PITIMBU;25;0;0;0;0;0;0;0;0;0;0;0;0;0
251200;POCINHOS;25;39;33;47;43;63;54;73;67;56;47;45;54;621
251203;POCO DANTAS;25;0;0;0;0;0;0;0;0;0;0;0;0;0
251207;POCO DE JOSE DE MOURA;25;0;0;0;0;0;0;0;0;0;0;0;0;0
251210;POMBAL;25;238;345;359;246;453;269;344;381;366;432;301;478;4212
251220;PRATA;25;0;0;0;0;0;0;0;0;0;0;0;0;0
251230;PRINCESA ISABEL;25;54;59;63;79;89;63;124;85;71;93;51;66;897
251240;PUXINANA;25;0;0;0;0;0;0;0;0;0;0;0;0;0
251250;QUEIMADAS;25;187;177;246;218;258;312;366;330;162;302;234;222;3014
251260;QUIXABA;25;0;0;0;0;0;0;0;0;0;0;0;0;0
251270;REMIGIO;25;0;0;0;0;0;0;0;0;0;0;0;0;0
251272;PEDRO REGIS;25;0;0;0;0;0;0;0;0;0;0;0;0;0
251274;RIACHAO;25;0;0;0;0;0;0;0;0;0;0;0;0;0
251275;RIACHAO DO BACAMARTE;25;0;0;0;0;0;0;0;0;0;0;0;0;0
251276;RIACHAO DO POCO;25;0;0;0;0;0;0;0;0;0;0;0;0;0
251278;RIACHO DE SANTO ANTONIO;25;0;0;0;0;0;0;0;0;0;0;0;0;0
251280;RIACHO DOS CAVALOS;25;0;0;0;0;0;0;0;0;0;0;0;0;0
251290;RIO TINTO;25;0;0;0;0;0;0;0;0;0;0;0;0;0
251300;SALGADINHO;25;0;0;0;0;0;0;0;0;0;0;0;0;0
251310;SALGADO DE SAO FELIX;25;0;0;0;0;0;0;0;0;0;0;0;0;0
251315;SANTA CECILIA;25;0;0;0;0;0;0;0;0;0;0;0;0;0
251320;SANTA CRUZ;25;0;0;0;0;0;0;0;0;0;0;0;0;0
251330;SANTA HELENA;25;0;0;0;0;0;0;0;0;0;0;0;0;0
251335;SANTA INES;25;0;0;0;0;0;0;0;0;0;0;0;0;0
251340;SANTA LUZIA;25;18;52;27;32;0;31;23;31;29;23;15;17;298
251350;SANTANA DE MANGUEIRA;25;0;0;0;0;0;0;0;0;0;0;0;0;0
251360;SANTANA DOS GARROTES;25;0;0;0;0;0;0;0;0;0;0;0;0;0
251365;JOCA CLAUDINO;25;0;0;0;0;0;0;0;0;0;0;0;0;0
251370;SANTA RITA;25;897;923;892;767;836;979;967;1016;828;929;868;814;10716
251380;SANTA TERESINHA;25;0;0;0;0;0;0;0;0;0;0;0;0;0
251385;SANTO ANDRE;25;0;0;0;0;0;0;0;0;0;0;0;0;0
251390;SAO BENTO;25;53;78;67;69;83;109;77;69;86;75;106;60;932
251392;SAO BENTINHO;25;0;0;0;0;0;0;0;0;0;0;0;0;0
251394;SAO DOMINGOS DO CARIRI;25;0;0;0;0;0;0;0;0;0;0;0;0;0
251396;SAO DOMINGOS;25;0;0;0;0;0;0;0;0;0;0;0;0;0
251398;SAO FRANCISCO;25;0;0;0;0;0;0;0;0;0;0;0;0;0
251400;SAO JOAO DO CARIRI;25;0;0;0;0;0;0;0;0;0;0;0;0;0
251410;SAO JOAO DO TIGRE;25;0;0;0;0;0;0;0;0;0;0;0;0;0
251420;SAO JOSE DA LAGOA TAPADA;25;0;0;0;0;0;0;0;0;0;0;0;0;0
251430;SAO JOSE DE CAIANA;25;0;0;0;0;0;0;0;0;0;0;0;0;0
251440;SAO JOSE DE ESPINHARAS;25;0;0;0;0;0;0;0;0;0;0;0;0;0
251445;SAO JOSE DOS RAMOS;25;0;0;0;0;0;0;0;0;0;0;0;0;0
251450;SAO JOSE DE PIRANHAS;25;22;21;26;24;22;35;34;26;26;25;18;30;309
251455;SAO JOSE DE PRINCESA;25;0;0;0;0;0;0;0;0;0;0;0;0;0
251460;SAO JOSE DO BONFIM;25;0;0;0;0;0;0;0;0;0;0;0;0;0
251465;SAO JOSE DO BREJO DO CRUZ;25;0;0;0;0;0;0;0;0;0;0;0;0;0
251470;SAO JOSE DO SABUGI;25;0;0;0;0;0;0;0;0;0;0;0;0;0
251480;SAO JOSE DOS CORDEIROS;25;0;0;0;0;0;0;0;0;0;0;0;0;0
251490;SAO MAMEDE;25;0;0;0;0;0;0;0;0;0;0;0;0;0
251500;SAO MIGUEL DE TAIPU;25;0;0;0;0;0;0;0;0;0;0;0;0;0
251510;SAO SEBASTIAO DE LAGOA DE ROCA;25;0;0;0;0;0;0;0;0;0;0;0;0;0
251520;SAO SEBASTIAO DO UMBUZEIRO;25;0;0;0;0;0;0;0;0;0;0;0;0;0
251530;SAPE;25;37;41;73;52;55;63;60;58;55;67;39;49;649
251540;SAO VICENTE DO SERIDO;25;2;7;4;4;2;2;9;2;4;3;5;3;47
251550;SERRA BRANCA;25;17;12;31;41;47;37;55;40;75;44;27;40;466
251560;SERRA DA RAIZ;25;0;0;0;0;0;0;0;0;0;0;0;0;0
251570;SERRA GRANDE;25;0;0;0;0;0;0;0;0;0;0;0;0;0
251580;SERRA REDONDA;25;0;0;0;0;0;0;0;0;0;0;0;0;0
251590;SERRARIA;25;0;0;0;0;0;0;0;0;0;0;0;0;0
251593;SERTAOZINHO;25;0;0;0;0;0;0;0;0;0;0;0;0;0
251597;SOBRADO;25;0;0;0;0;0;0;0;0;0;0;0;0;0
251600;SOLANEA;25;119;86;152;147;147;116;132;136;121;134;88;88;1466
251610;SOLEDADE;25;11;7;15;21;18;19;33;17;23;12;28;24;228
251615;SOSSEGO;25;0;0;0;0;0;0;0;0;0;0;0;0;0
251620;SOUSA;25;497;487;597;522;590;514;570;544;593;548;479;485;6426
251630;SUME;25;52;68;72;69;91;72;86;94;72;90;55;68;889
251640;TACIMA;25;0;0;0;0;0;0;0;0;0;0;0;0;0
251650;TAPEROA;25;177;170;191;120;188;224;232;142;154;229;87;128;2042
251660;TAVARES;25;117;77;63;53;39;48;37;29;38;35;30;23;589
251670;TEIXEIRA;25;0;0;0;0;0;0;0;0;0;0;0;0;0
251675;TENORIO;25;0;0;0;0;0;0;0;0;0;0;0;0;0
251680;TRIUNFO;25;0;0;0;0;0;0;0;0;0;0;0;0;0
251690;UIRAUNA;25;141;145;138;111;105;101;107;104;107;118;118;119;1414
251700;UMBUZEIRO;25;1;2;3;3;5;6;5;7;5;5;1;5;48
251710;VARZEA;25;0;0;0;0;0;0;0;0;0;0;0;0;0
251720;VIEIROPOLIS;25;0;0;0;0;0;0;0;0;0;0;0;0;0
251740;ZABELE;25;0;0;0;0;0;0;0;0;0;0;0;0;0
260005;ABREU E LIMA;26;0;0;0;0;0;0;0;0;0;0;0;0;0
260010;AFOGADOS DA INGAZEIRA;26;828;745;752;866;888;827;865;773;779;924;870;804;9921
260020;AFRANIO;26;55;65;61;38;88;53;71;60;50;74;64;50;729
260030;AGRESTINA;26;116;90;107;92;104;131;133;147;118;115;82;94;1329
260040;AGUA PRETA;26;0;0;0;0;0;0;0;0;0;0;0;0;0
260050;AGUAS BELAS;26;41;26;45;56;53;52;62;43;61;62;51;20;572
260060;ALAGOINHA;26;16;14;18;18;14;22;39;24;32;22;32;17;268
260070;ALIANCA;26;6;1;8;12;15;12;14;11;15;14;4;23;135
260080;ALTINHO;26;3;10;8;8;11;21;18;15;18;11;6;5;134
260090;AMARAJI;26;0;0;0;0;0;0;0;0;0;0;0;0;0
260100;ANGELIM;26;12;10;15;10;9;10;23;15;11;9;9;8;141
260105;ARACOIABA;26;0;0;0;0;0;0;0;0;0;0;0;0;0
260110;ARARIPINA;26;466;496;572;585;652;664;760;700;682;671;663;979;7890
260120;ARCOVERDE;26;1203;1285;1139;1112;1409;1309;1382;1215;1730;1430;1344;1560;16118
260130;BARRA DE GUABIRABA;26;7;8;5;8;12;5;5;7;6;6;4;4;77
260140;BARREIROS;26;142;147;118;161;170;101;109;128;156;143;85;24;1484
260150;BELEM DE MARIA;26;1;1;1;2;2;3;3;2;1;1;1;2;20
260160;BELEM DO SAO FRANCISCO;26;14;19;17;16;22;27;23;14;20;10;11;15;208
260170;BELO JARDIM;26;55;77;40;49;109;77;117;93;93;50;60;106;926
260180;BETANIA;26;5;10;20;15;10;15;21;16;21;20;13;22;188
260190;BEZERROS;26;370;431;388;437;460;455;480;410;467;708;625;438;5669
260200;BODOCO;26;36;27;37;54;34;37;38;36;23;37;32;39;430
260210;BOM CONSELHO;26;33;61;68;73;56;61;104;79;72;77;76;74;834
260220;BOM JARDIM;26;15;15;17;15;21;12;16;20;23;25;17;83;279
260230;BONITO;26;12;14;30;42;46;34;13;65;45;58;39;28;426
260240;BREJAO;26;6;13;14;14;13;10;18;20;11;11;7;15;152
260250;BREJINHO;26;12;16;14;15;17;13;18;17;18;15;15;12;182
260260;BREJO DA MADRE DE DEUS;26;19;21;17;32;44;52;49;45;37;37;37;35;425
260270;BUENOS AIRES;26;0;0;0;0;0;0;0;0;0;0;0;0;0
260280;BUIQUE;26;109;92;81;103;94;137;147;168;172;179;187;128;1597
260290;CABO DE SANTO AGOSTINHO;26;979;962;1153;1122;1014;798;1135;1141;872;1032;985;897;12090
260300;CABROBO;26;71;55;71;70;100;91;88;101;103;87;73;90;1000
260310;CACHOEIRINHA;26;15;13;15;21;26;20;21;29;7;1;13;7;188
260320;CAETES;26;21;36;19;29;14;10;44;14;6;0;2;13;208
260330;CALCADO;26;2;1;2;6;8;3;6;2;6;2;6;1;45
260340;CALUMBI;26;4;1;8;4;2;4;1;2;1;1;3;2;33
260345;CAMARAGIBE;26;12;51;51;77;71;56;98;105;94;110;78;68;871
260350;CAMOCIM DE SAO FELIX;26;3;14;18;5;8;16;24;16;11;12;10;18;155
260360;CAMUTANGA;26;3;2;4;8;2;3;12;5;6;6;14;6;71
260370;CANHOTINHO;26;35;49;38;58;55;25;88;78;56;78;18;62;640
260380;CAPOEIRAS;26;33;14;27;24;21;21;20;35;23;34;23;19;294
260390;CARNAIBA;26;18;10;11;8;15;31;42;43;37;34;26;22;297
260392;CARNAUBEIRA DA PENHA;26;6;2;4;3;16;13;11;17;13;6;4;14;109
260400;CARPINA;26;32;37;36;31;31;28;39;29;31;33;34;30;391
260410;CARUARU;26;4120;3669;4025;3889;4232;3296;3673;3725;3881;3688;3972;3802;45972
260415;CASINHAS;26;8;10;12;14;11;6;1;1;0;0;0;0;63
260420;CATENDE;26;16;23;15;16;13;6;13;14;12;15;20;15;178
260430;CEDRO;26;8;9;9;12;14;5;10;7;8;14;7;8;111
260440;CHA DE ALEGRIA;26;2;4;4;10;7;7;6;13;8;6;6;5;78
260450;CHA GRANDE;26;22;24;25;41;33;41;51;42;40;31;26;49;425
260460;CONDADO;26;5;0;0;14;7;5;1;1;2;1;9;1;46
260470;CORRENTES;26;12;24;7;31;32;17;33;12;63;43;28;13;315
260480;CORTES;26;24;52;54;81;45;45;61;82;51;73;41;25;634
260490;CUMARU;26;9;20;7;11;16;11;18;11;22;13;20;14;172
260500;CUPIRA;26;17;15;20;21;21;20;17;13;9;5;10;16;184
260510;CUSTODIA;26;80;83;86;101;86;168;112;91;97;84;136;163;1287
260515;DORMENTES;26;32;37;23;30;31;55;58;46;50;46;32;53;493
260520;ESCADA;26;22;27;25;28;3;34;60;53;71;25;66;51;465
260530;EXU;26;16;20;12;68;1;48;28;22;36;36;24;29;340
260540;FEIRA NOVA;26;12;12;27;31;24;14;22;27;25;20;26;17;257
260545;FERNANDO DE NORONHA;26;0;0;0;35;1;9;12;11;9;22;13;7;119
260550;FERREIROS;26;0;0;0;0;0;0;0;0;0;0;0;0;0
260560;FLORES;26;12;10;21;14;17;13;20;26;14;20;22;15;204
260570;FLORESTA;26;57;13;18;73;65;55;57;58;49;57;52;45;599
260580;FREI MIGUELINHO;26;6;4;6;10;10;10;17;15;5;8;13;11;115
260590;GAMELEIRA;26;7;4;10;11;12;11;5;4;6;4;2;3;79
260600;GARANHUNS;26;894;958;981;1099;1183;1207;1253;1166;1064;1081;1017;1086;12989
260610;GLORIA DO GOITA;26;0;2;2;3;5;3;4;2;1;1;1;1;25
260620;GOIANA;26;176;240;267;352;318;360;325;357;360;287;320;333;3695
260630;GRANITO;26;11;3;7;7;10;12;8;4;9;10;14;12;107
260640;GRAVATA;26;96;49;101;78;52;74;129;101;107;75;79;80;1021
260650;IATI;26;52;55;37;101;68;56;47;46;37;65;54;33;651
260660;IBIMIRIM;26;17;25;31;20;18;30;20;30;24;31;10;12;268
260670;IBIRAJUBA;26;6;6;6;8;4;10;4;15;3;7;3;5;77
260680;IGARASSU;26;112;30;113;111;22;61;23;23;35;20;45;23;618
260690;IGUARACY;26;7;8;14;13;10;11;19;12;15;8;8;9;134
260700;INAJA;26;39;21;32;43;35;43;27;29;68;32;60;24;453
260710;INGAZEIRA;26;2;4;4;11;9;9;9;9;3;4;8;8;80
260720;IPOJUCA;26;144;124;138;166;129;112;137;124;156;136;140;150;1656
260730;IPUBI;26;56;15;21;36;18;42;63;21;36;26;17;1;352
260740;ITACURUBA;26;1;2;2;2;2;2;3;2;2;2;3;4;27
260750;ITAIBA;26;22;19;22;39;21;26;15;21;30;24;25;35;299
260760;ILHA DE ITAMARACA;26;0;0;0;0;0;0;0;0;0;0;0;0;0
260765;ITAMBE;26;8;2;4;0;4;5;11;6;4;8;2;0;54
260770;ITAPETIM;26;44;38;38;23;36;33;47;45;41;59;49;37;490
260775;ITAPISSUMA;26;0;0;0;0;0;0;0;0;0;0;0;0;0
260780;ITAQUITINGA;26;3;2;5;3;9;1;5;2;1;1;2;2;36
260790;JABOATAO DOS GUARARAPES;26;2010;1936;2094;2129;2267;2074;1981;2197;2024;2141;1973;2137;24963
260795;JAQUEIRA;26;24;25;12;14;12;17;12;18;9;22;14;23;202
260800;JATAUBA;26;16;20;34;19;34;35;31;22;27;19;26;38;321
260805;JATOBA;26;11;9;12;15;15;15;17;28;26;21;12;13;194
260810;JOAO ALFREDO;26;5;18;6;14;12;13;11;11;16;18;8;19;151
260820;JOAQUIM NABUCO;26;0;0;0;0;0;0;0;0;0;0;0;0;0
260825;JUCATI;26;7;14;11;17;9;9;16;18;12;9;13;9;144
260830;JUPI;26;19;7;5;31;9;12;24;33;12;18;13;21;204
260840;JUREMA;26;8;0;0;0;0;0;0;0;0;0;0;0;8
260845;LAGOA DO CARRO;26;1;2;3;1;1;1;2;2;6;2;4;2;27
260850;LAGOA DE ITAENGA;26;4;4;5;10;6;1;8;8;7;4;2;1;60
260860;LAGOA DO OURO;26;32;29;9;55;37;37;39;11;54;33;38;29;403
260870;LAGOA DOS GATOS;26;4;3;5;6;2;5;2;3;7;8;2;2;49
260875;LAGOA GRANDE;26;31;46;42;41;44;58;69;62;83;65;128;118;787
260880;LAJEDO;26;38;36;45;63;28;97;33;47;76;61;62;48;634
260890;LIMOEIRO;26;212;235;315;331;435;445;400;383;441;376;392;333;4298
260900;MACAPARANA;26;17;18;9;23;45;30;33;30;23;13;41;26;308
260910;MACHADOS;26;0;0;0;0;0;0;0;0;0;0;0;0;0
260915;MANARI;26;8;8;15;8;11;10;13;15;23;22;9;5;147
260920;MARAIAL;26;0;0;1;1;0;1;0;0;0;0;0;0;3
260930;MIRANDIBA;26;6;6;5;8;9;26;10;11;15;10;16;6;128
260940;MORENO;26;702;624;718;673;654;801;860;748;936;861;868;714;9159
260950;NAZARE DA MATA;26;361;309;358;394;395;406;401;276;364;309;165;324;4062
260960;OLINDA;26;697;642;709;686;642;642;728;731;769;771;717;713;8447
260970;OROBO;26;12;7;13;15;18;8;20;31;26;28;32;28;238
260980;OROCO;26;18;8;19;14;19;12;12;20;20;12;16;16;186
260990;OURICURI;26;745;729;783;756;647;725;721;799;682;814;730;701;8832
261000;PALMARES;26;1257;1156;1302;1339;1499;1355;1555;1432;1307;1286;1301;1384;16173
261010;PALMEIRINA;26;4;6;12;11;12;10;13;21;5;5;8;7;114
261020;PANELAS;26;9;10;7;17;26;23;30;20;24;16;14;14;210
261030;PARANATAMA;26;21;12;18;19;11;18;23;18;21;25;18;39;243
261040;PARNAMIRIM;26;20;13;29;32;30;41;31;32;29;32;24;31;344
261050;PASSIRA;26;11;7;14;5;18;18;11;10;13;32;5;6;150
261060;PAUDALHO;26;13;24;18;127;215;227;274;324;351;410;358;218;2559
261070;PAULISTA;26;887;786;1461;1016;1094;982;971;1011;983;1046;1016;966;12219
261080;PEDRA;26;7;25;17;22;13;16;33;22;41;19;17;11;243
261090;PESQUEIRA;26;61;97;110;137;136;130;168;147;251;227;249;205;1918
261100;PETROLANDIA;26;99;121;185;127;129;170;139;88;262;212;145;159;1836
261110;PETROLINA;26;2622;2474;2436;2811;2830;2495;2516;2603;2571;2506;2387;2282;30533
261120;POCAO;26;12;30;19;21;19;26;21;25;25;28;19;30;275
261130;POMBOS;26;0;0;0;0;0;0;0;0;0;0;0;0;0
261140;PRIMAVERA;26;0;0;0;0;0;0;0;0;0;0;0;0;0
261150;QUIPAPA;26;10;6;12;4;14;1;0;1;1;1;1;2;53
261153;QUIXABA;26;0;0;0;0;0;0;0;0;0;0;0;0;0
261160;RECIFE;26;26978;25904;26670;28166;29929;27733;28195;29830;29002;28997;27084;27797;336285
261170;RIACHO DAS ALMAS;26;40;43;32;56;62;43;42;32;45;46;52;36;529
261180;RIBEIRAO;26;3;1;2;4;1;5;4;5;2;3;5;0;35
261190;RIO FORMOSO;26;1;1;3;3;5;6;8;5;5;4;5;0;46
261200;SAIRE;26;8;7;5;5;7;6;7;8;9;10;1;9;82
261210;SALGADINHO;26;0;0;0;0;0;0;0;0;0;0;0;0;0
261220;SALGUEIRO;26;755;666;677;718;722;693;782;718;717;677;760;734;8619
261230;SALOA;26;25;35;26;33;23;38;32;37;24;36;26;30;365
261240;SANHARO;26;24;19;20;24;27;26;14;58;23;15;12;23;285
261245;SANTA CRUZ;26;22;26;22;32;36;29;27;38;31;32;30;29;354
261247;SANTA CRUZ DA BAIXA VERDE;26;4;6;6;2;3;5;13;6;3;6;3;6;63
261250;SANTA CRUZ DO CAPIBARIBE;26;83;84;79;102;89;90;93;89;84;103;97;88;1081
261255;SANTA FILOMENA;26;13;13;12;15;16;22;15;12;19;13;15;15;180
261260;SANTA MARIA DA BOA VISTA;26;52;68;56;82;86;90;74;98;60;52;65;58;841
261270;SANTA MARIA DO CAMBUCA;26;2;4;7;6;1;7;4;6;12;10;4;11;74
261280;SANTA TEREZINHA;26;6;2;12;9;7;12;10;8;14;10;11;1;102
261290;SAO BENEDITO DO SUL;26;0;0;1;0;1;0;0;1;1;1;1;1;7
261300;SAO BENTO DO UNA;26;51;48;44;57;60;70;51;70;64;79;62;57;713
261310;SAO CAITANO;26;99;84;55;83;83;68;119;90;74;85;82;56;978
261320;SAO JOAO;26;58;41;35;45;49;42;49;43;49;50;30;39;530
261330;SAO JOAQUIM DO MONTE;26;16;25;27;23;22;20;31;32;53;29;28;33;339
261340;SAO JOSE DA COROA GRANDE;26;0;0;0;0;0;0;0;0;0;0;0;0;0
261350;SAO JOSE DO BELMONTE;26;42;51;61;67;67;74;81;61;69;74;58;69;774
261360;SAO JOSE DO EGITO;26;65;74;67;115;120;90;124;109;107;121;108;108;1208
261370;SAO LOURENCO DA MATA;26;164;146;208;210;201;197;206;218;186;193;220;142;2291
261380;SAO VICENTE FERRER;26;8;6;4;5;8;8;8;11;9;12;4;3;86
261390;SERRA TALHADA;26;1257;918;1434;1323;1382;1363;1448;1472;1643;1705;1454;1572;16971
261400;SERRITA;26;22;17;31;27;39;37;33;24;38;26;35;34;363
261410;SERTANIA;26;151;148;79;109;89;103;78;82;96;73;84;67;1159
261420;SIRINHAEM;26;1;1;1;4;3;12;3;0;1;1;0;0;27
261430;MOREILANDIA;26;7;6;12;14;12;18;14;21;9;7;3;8;131
261440;SOLIDAO;26;3;3;5;4;8;11;5;5;7;4;5;7;67
261450;SURUBIM;26;35;60;82;83;91;94;149;113;163;169;176;258;1473
261460;TABIRA;26;18;28;44;75;67;62;63;86;47;46;76;42;654
261470;TACAIMBO;26;0;0;0;0;0;0;0;0;0;0;0;0;0
261480;TACARATU;26;25;36;31;53;35;45;32;39;33;33;44;35;441
261485;TAMANDARE;26;4;4;8;6;5;11;7;10;5;15;14;8;97
261500;TAQUARITINGA DO NORTE;26;18;16;16;18;15;24;16;20;20;18;25;21;227
261510;TEREZINHA;26;5;9;8;6;11;11;5;14;5;5;8;13;100
261520;TERRA NOVA;26;15;20;20;8;22;14;18;8;7;15;8;11;166
261530;TIMBAUBA;26;52;17;20;16;16;20;24;87;81;17;13;17;380
261540;TORITAMA;26;42;66;60;73;77;65;77;86;67;54;57;46;770
261550;TRACUNHAEM;26;0;0;0;0;0;0;0;0;0;0;0;0;0
261560;TRINDADE;26;58;23;34;40;37;27;38;34;24;29;37;34;415
261570;TRIUNFO;26;25;11;14;19;26;15;27;35;14;22;14;21;243
261580;TUPANATINGA;26;23;17;19;31;18;50;31;41;38;35;25;42;370
261590;TUPARETAMA;26;18;11;16;7;4;6;22;22;15;8;8;11;148
261600;VENTUROSA;26;44;21;62;46;38;45;53;61;82;69;54;21;596
261610;VERDEJANTE;26;10;6;8;6;7;3;15;6;10;2;14;9;96
261618;VERTENTE DO LERIO;26;0;0;0;0;0;0;0;0;0;0;0;0;0
261620;VERTENTES;26;28;65;58;29;21;15;38;37;26;37;6;25;385
261630;VICENCIA;26;0;0;0;0;0;0;0;0;0;0;0;0;0
261640;VITORIA DE SANTO ANTAO;26;1141;1095;1191;1188;1247;1250;1538;1379;1183;1287;1270;1261;15030
261650;XEXEU;26;0;0;0;0;0;0;0;0;0;0;0;0;0
270010;AGUA BRANCA;27;19;17;16;8;11;12;15;24;14;32;18;19;205
270020;ANADIA;27;0;0;0;0;0;0;0;0;0;0;0;0;0
270030;ARAPIRACA;27;2367;2495;2542;2568;2770;2413;2584;1925;2097;2672;2324;2289;29046
270040;ATALAIA;27;16;17;17;29;25;23;33;22;29;30;20;18;279
270050;BARRA DE SANTO ANTONIO;27;0;0;0;0;0;0;0;0;0;0;0;0;0
270060;BARRA DE SAO MIGUEL;27;0;0;0;0;0;0;0;0;0;0;0;0;0
270070;BATALHA;27;53;79;133;153;102;62;85;142;101;128;131;111;1280
270080;BELEM;27;0;0;0;0;0;0;0;0;0;0;0;0;0
270090;BELO MONTE;27;0;0;0;0;0;0;0;0;0;0;0;0;0
270100;BOCA DA MATA;27;4;8;1;5;8;2;7;6;6;4;9;2;62
270110;BRANQUINHA;27;0;0;0;0;0;0;0;0;0;0;0;0;0
270120;CACIMBINHAS;27;0;0;0;0;0;0;0;0;0;0;0;0;0
270130;CAJUEIRO;27;9;5;8;13;17;7;9;11;6;5;7;7;104
270135;CAMPESTRE;27;0;0;0;0;0;0;0;0;0;0;0;0;0
270140;CAMPO ALEGRE;27;31;43;51;36;53;57;59;68;62;56;45;62;623
270150;CAMPO GRANDE;27;0;0;0;0;0;0;0;0;0;0;0;0;0
270160;CANAPI;27;0;0;0;0;0;0;0;0;0;0;0;0;0
270170;CAPELA;27;12;13;15;10;19;18;30;11;21;31;27;19;226
270180;CARNEIROS;27;0;0;0;0;0;0;0;0;0;0;0;0;0
270190;CHA PRETA;27;0;0;0;0;0;0;0;0;0;0;0;0;0
270200;COITE DO NOIA;27;0;0;0;0;0;0;0;0;0;0;0;0;0
270210;COLONIA LEOPOLDINA;27;0;2;1;0;3;2;7;1;3;1;0;2;22
270220;COQUEIRO SECO;27;0;0;0;0;0;0;0;0;0;0;0;0;0
270230;CORURIPE;27;941;908;971;1016;1020;877;907;961;1006;1004;908;1008;11527
270235;CRAIBAS;27;10;5;5;6;8;10;9;6;4;4;5;8;80
270240;DELMIRO GOUVEIA;27;567;447;611;595;637;496;637;724;569;484;534;315;6616
270250;DOIS RIACHOS;27;0;0;0;0;0;0;0;0;0;0;0;0;0
270255;ESTRELA DE ALAGOAS;27;0;0;0;0;0;0;0;0;0;0;0;0;0
270260;FEIRA GRANDE;27;0;0;0;0;0;0;0;0;0;0;0;0;0
270270;FELIZ DESERTO;27;0;0;0;0;0;0;0;0;0;0;0;0;0
270280;FLEXEIRAS;27;0;0;0;3;4;0;0;1;0;0;0;0;8
270290;GIRAU DO PONCIANO;27;0;0;0;0;0;0;0;0;0;0;0;0;0
270300;IBATEGUARA;27;1;5;1;6;2;6;5;8;2;2;5;4;47
270310;IGACI;27;0;0;0;0;0;0;0;0;0;0;0;0;0
270320;IGREJA NOVA;27;0;0;0;0;0;0;0;0;0;0;0;0;0
270330;INHAPI;27;0;0;0;0;0;0;0;0;0;0;0;0;0
270340;JACARE DOS HOMENS;27;0;0;0;0;0;0;0;0;0;0;0;0;0
270350;JACUIPE;27;0;0;0;0;0;0;0;0;0;0;0;0;0
270360;JAPARATINGA;27;0;0;0;0;0;0;0;0;0;0;0;0;0
270370;JARAMATAIA;27;0;0;0;0;0;0;0;0;0;0;0;0;0
270375;JEQUIA DA PRAIA;27;0;0;0;0;0;0;0;0;0;0;0;0;0
270380;JOAQUIM GOMES;27;0;0;0;0;2;2;2;8;0;0;0;0;14
270390;JUNDIA;27;0;0;0;0;0;0;0;0;0;0;0;0;0
270400;JUNQUEIRO;27;12;21;20;21;21;24;22;20;14;19;19;14;227
270410;LAGOA DA CANOA;27;0;0;0;0;0;0;0;0;0;0;0;0;0
270420;LIMOEIRO DE ANADIA;27;0;0;0;0;0;0;0;0;0;0;0;0;0
270430;MACEIO;27;6011;6362;6470;6280;6800;5981;8620;7153;7440;7521;7090;6563;82291
270440;MAJOR ISIDORO;27;0;0;0;0;0;0;0;0;0;0;0;0;0
270450;MARAGOGI;27;12;12;20;17;17;16;13;14;16;11;12;10;170
270460;MARAVILHA;27;0;0;0;0;0;0;0;0;0;0;0;0;0
270470;MARECHAL DEODORO;27;14;9;13;14;22;12;10;14;10;4;15;18;155
270480;MARIBONDO;27;0;0;0;0;0;0;0;0;0;0;0;0;0
270490;MAR VERMELHO;27;0;0;0;0;0;0;0;0;0;0;0;0;0
270500;MATA GRANDE;27;8;8;11;9;11;14;13;12;14;17;15;18;150
270510;MATRIZ DE CAMARAGIBE;27;0;1;0;3;7;8;4;6;3;8;2;4;46
270520;MESSIAS;27;0;0;0;0;0;0;0;0;0;0;0;0;0
270530;MINADOR DO NEGRAO;27;0;0;0;0;0;0;0;0;0;0;0;0;0
270540;MONTEIROPOLIS;27;0;0;0;0;0;0;0;0;0;0;0;0;0
270550;MURICI;27;0;0;0;0;0;0;0;14;8;11;9;14;56
270560;NOVO LINO;27;0;0;0;0;0;0;0;0;0;0;0;0;0
270570;OLHO D'AGUA DAS FLORES;27;0;0;0;0;0;0;0;0;0;0;0;0;0
270580;OLHO D'AGUA DO CASADO;27;0;0;0;0;0;0;0;0;0;0;0;0;0
270590;OLHO D'AGUA GRANDE;27;0;0;0;0;0;0;0;0;0;0;0;0;0
270600;OLIVENCA;27;0;0;0;0;0;0;0;0;0;0;0;0;0
270610;OURO BRANCO;27;0;0;0;0;0;0;0;0;0;0;0;0;0
270620;PALESTINA;27;0;0;0;0;0;0;0;0;0;0;0;0;0
270630;PALMEIRA DOS INDIOS;27;400;438;426;467;509;510;523;489;473;508;516;483;5742
270640;PAO DE ACUCAR;27;7;7;10;13;10;23;5;9;11;6;6;11;118
270642;PARICONHA;27;0;0;0;0;0;0;0;0;0;0;0;0;0
270644;PARIPUEIRA;27;0;0;0;0;0;0;0;0;0;0;0;0;0
270650;PASSO DE CAMARAGIBE;27;0;0;0;0;0;0;0;0;0;0;0;0;0
270660;PAULO JACINTO;27;0;0;0;0;0;0;0;0;0;0;0;0;0
270670;PENEDO;27;393;449;408;403;305;324;371;452;317;280;207;438;4347
270680;PIACABUCU;27;0;0;0;0;0;0;0;0;0;0;0;0;0
270690;PILAR;27;144;132;166;188;110;145;313;279;134;144;145;146;2046
270700;PINDOBA;27;0;0;0;0;0;0;0;0;0;0;0;0;0
270710;PIRANHAS;27;21;28;31;38;35;21;58;56;44;25;54;32;443
270720;POCO DAS TRINCHEIRAS;27;0;0;0;0;0;0;0;0;0;0;0;0;0
270730;PORTO CALVO;27;548;502;615;540;741;662;722;674;628;522;617;516;7287
270740;PORTO DE PEDRAS;27;0;0;0;0;0;0;0;0;0;0;0;0;0
270750;PORTO REAL DO COLEGIO;27;0;0;0;0;0;0;0;0;0;0;0;0;0
270760;QUEBRANGULO;27;2;3;3;1;2;0;6;4;7;5;1;4;38
270770;RIO LARGO;27;44;32;50;43;143;0;165;99;0;93;0;131;800
270780;ROTEIRO;27;0;0;0;0;0;0;0;0;0;0;0;0;0
270790;SANTA LUZIA DO NORTE;27;0;0;0;0;0;0;0;0;0;0;0;0;0
270800;SANTANA DO IPANEMA;27;560;562;716;651;804;770;852;735;798;789;710;624;8571
270810;SANTANA DO MUNDAU;27;0;0;0;0;0;0;0;0;0;0;0;0;0
270820;SAO BRAS;27;0;0;0;0;0;0;0;0;0;0;0;0;0
270830;SAO JOSE DA LAJE;27;4;1;1;1;4;3;3;13;3;5;5;3;46
270840;SAO JOSE DA TAPERA;27;26;23;36;26;25;22;24;23;34;31;20;30;320
270850;SAO LUIS DO QUITUNDE;27;9;2;7;8;11;10;7;6;9;7;13;12;101
270860;SAO MIGUEL DOS CAMPOS;27;454;557;414;482;505;510;453;389;432;451;398;416;5461
270870;SAO MIGUEL DOS MILAGRES;27;0;0;0;0;0;0;0;0;0;0;0;0;0
270880;SAO SEBASTIAO;27;0;0;0;0;0;0;0;0;0;0;0;0;0
270890;SATUBA;27;0;0;0;0;0;0;0;0;0;0;0;0;0
270895;SENADOR RUI PALMEIRA;27;0;0;0;0;0;0;0;0;0;0;0;0;0
270900;TANQUE D'ARCA;27;0;0;0;0;0;0;0;0;0;0;0;0;0
270910;TAQUARANA;27;0;0;0;0;0;0;0;0;0;0;0;0;0
270915;TEOTONIO VILELA;27;46;56;95;131;67;60;55;54;78;105;80;71;898
270920;TRAIPU;27;3;4;6;7;6;2;9;7;2;2;3;1;52
270930;UNIAO DOS PALMARES;27;367;257;189;248;184;272;324;391;450;377;437;444;3940
270940;VICOSA;27;16;17;27;15;20;21;24;22;9;20;8;14;213
280010;AMPARO DE SAO FRANCISCO;28;0;0;0;0;0;0;0;0;0;0;0;0;0
280020;AQUIDABA;28;130;91;128;131;135;131;127;126;127;128;126;121;1501
280030;ARACAJU;28;5668;5821;6417;6768;6309;5705;6845;6885;6690;6781;5794;6285;75968
280040;ARAUA;28;0;0;0;0;0;0;0;0;0;0;0;0;0
280050;AREIA BRANCA;28;0;0;0;0;0;0;0;0;0;0;0;0;0
280060;BARRA DOS COQUEIROS;28;0;0;0;0;0;0;0;0;0;0;0;0;0
280067;BOQUIM;28;0;0;0;0;0;0;0;0;0;0;0;0;0
280070;BREJO GRANDE;28;0;0;0;0;0;0;0;0;0;0;0;0;0
280100;CAMPO DO BRITO;28;0;0;0;0;0;0;0;0;0;0;0;0;0
280110;CANHOBA;28;0;0;0;0;0;0;0;0;0;0;0;0;0
280120;CANINDE DE SAO FRANCISCO;28;0;0;0;0;0;0;0;0;0;0;0;0;0
280130;CAPELA;28;175;229;222;212;202;189;174;214;303;248;215;273;2656
280140;CARIRA;28;0;0;0;0;0;0;0;0;0;0;0;0;0
280150;CARMOPOLIS;28;0;0;0;0;0;0;0;0;0;0;0;0;0
280160;CEDRO DE SAO JOAO;28;0;0;0;0;0;0;0;0;0;0;0;0;0
280170;CRISTINAPOLIS;28;0;0;0;0;0;0;0;0;0;0;0;0;0
280190;CUMBE;28;0;0;0;0;0;0;0;0;0;0;0;0;0
280200;DIVINA PASTORA;28;0;0;0;0;0;0;0;0;0;0;0;0;0
280210;ESTANCIA;28;969;858;835;808;894;898;893;992;1075;994;976;1027;11219
280220;FEIRA NOVA;28;0;0;0;0;0;0;0;0;0;0;0;0;0
280230;FREI PAULO;28;0;0;0;0;0;0;0;0;0;0;0;0;0
280240;GARARU;28;0;0;0;0;0;0;0;0;0;0;0;0;0
280250;GENERAL MAYNARD;28;0;0;0;0;0;0;0;0;0;0;0;0;0
280260;GRACHO CARDOSO;28;0;0;0;0;0;0;0;0;0;0;0;0;0
280270;ILHA DAS FLORES;28;0;0;0;0;0;0;0;0;0;0;0;0;0
280280;INDIAROBA;28;0;0;0;0;0;0;0;0;0;0;0;0;0
280290;ITABAIANA;28;716;630;711;593;715;711;719;686;715;729;752;854;8531
280300;ITABAIANINHA;28;0;0;0;0;0;0;0;0;0;0;0;0;0
280310;ITABI;28;0;0;0;0;0;0;0;0;0;0;0;0;0
280320;ITAPORANGA D'AJUDA;28;0;0;0;0;0;0;0;0;0;0;0;0;0
280330;JAPARATUBA;28;0;0;0;0;0;0;0;0;0;0;0;0;0
280340;JAPOATA;28;73;61;48;33;63;36;59;69;66;70;62;78;718
280350;LAGARTO;28;987;953;1085;1218;1104;975;994;977;1213;1000;1066;1058;12630
280360;LARANJEIRAS;28;0;0;0;0;0;0;0;0;0;0;0;0;0
280370;MACAMBIRA;28;0;0;0;0;0;0;0;0;0;0;0;0;0
280380;MALHADA DOS BOIS;28;0;0;0;0;0;0;0;0;0;0;0;0;0
280390;MALHADOR;28;0;0;0;0;0;0;0;0;0;0;0;0;0
280400;MARUIM;28;0;0;0;0;0;0;0;0;0;0;0;0;0
280410;MOITA BONITA;28;0;0;0;0;0;0;0;0;0;0;0;0;0
280420;MONTE ALEGRE DE SERGIPE;28;0;0;0;0;0;0;0;0;0;0;0;0;0
280430;MURIBECA;28;0;0;0;0;0;0;0;0;0;0;0;0;0
280440;NEOPOLIS;28;0;0;0;0;0;0;0;0;0;0;0;0;0
280445;NOSSA SENHORA APARECIDA;28;0;0;0;0;0;0;0;0;0;0;0;0;0
280450;NOSSA SENHORA DA GLORIA;28;0;0;345;250;250;195;232;209;175;231;221;229;2337
280460;NOSSA SENHORA DAS DORES;28;0;0;0;0;0;0;0;0;0;0;0;0;0
280470;NOSSA SENHORA DE LOURDES;28;0;0;0;0;0;0;0;0;0;0;0;0;0
280480;NOSSA SENHORA DO SOCORRO;28;256;212;156;101;145;0;76;0;44;168;498;0;1656
280490;PACATUBA;28;0;0;0;0;0;0;0;0;0;0;0;0;0
280500;PEDRA MOLE;28;0;0;0;0;0;0;0;0;0;0;0;0;0
280510;PEDRINHAS;28;0;0;0;0;0;0;0;0;0;0;0;0;0
280520;PINHAO;28;0;0;0;0;0;0;0;0;0;0;0;0;0
280530;PIRAMBU;28;0;0;0;0;0;0;0;0;0;0;0;0;0
280540;POCO REDONDO;28;0;0;0;0;0;0;0;0;0;0;0;0;0
280550;POCO VERDE;28;0;0;0;0;0;0;0;0;0;0;0;0;0
280560;PORTO DA FOLHA;28;0;0;0;0;0;0;0;0;0;0;0;0;0
280570;PROPRIA;28;203;259;192;162;278;300;238;255;529;249;197;246;3108
280580;RIACHAO DO DANTAS;28;0;0;0;0;0;0;0;0;0;0;0;0;0
280590;RIACHUELO;28;51;51;50;51;51;51;52;52;52;51;51;50;613
280600;RIBEIROPOLIS;28;0;0;0;0;0;0;0;0;0;0;0;0;0
280610;ROSARIO DO CATETE;28;0;0;0;0;0;0;0;0;0;0;0;0;0
280620;SALGADO;28;0;0;0;0;0;0;0;0;0;0;0;0;0
280630;SANTA LUZIA DO ITANHY;28;0;0;0;0;0;0;0;0;0;0;0;0;0
280640;SANTANA DO SAO FRANCISCO;28;0;0;0;0;0;0;0;0;0;0;0;0;0
280650;SANTA ROSA DE LIMA;28;0;0;0;0;0;0;0;0;0;0;0;0;0
280660;SANTO AMARO DAS BROTAS;28;0;0;0;0;0;0;0;0;0;0;0;0;0
280670;SAO CRISTOVAO;28;104;192;136;119;318;97;55;51;52;337;180;119;1760
280680;SAO DOMINGOS;28;0;0;0;0;0;0;0;0;0;0;0;0;0
280690;SAO FRANCISCO;28;0;0;0;0;0;0;0;0;0;0;0;0;0
280700;SAO MIGUEL DO ALEIXO;28;0;0;0;0;0;0;0;0;0;0;0;0;0
280710;SIMAO DIAS;28;53;61;42;67;67;63;83;85;150;0;168;0;839
280720;SIRIRI;28;0;0;0;0;0;0;0;0;0;0;0;0;0
280730;TELHA;28;0;0;0;0;0;0;0;0;0;0;0;0;0
280740;TOBIAS BARRETO;28;0;0;0;0;0;0;0;0;0;0;0;0;0
280750;TOMAR DO GERU;28;0;0;0;0;0;0;0;0;0;0;0;0;0
280760;UMBAUBA;28;0;0;0;0;0;0;0;0;0;0;0;0;0
290010;ABAIRA;29;0;0;0;0;0;0;0;0;0;0;0;0;0
290020;ABARE;29;30;32;30;40;35;24;25;53;36;27;32;31;395
290030;ACAJUTIBA;29;0;0;0;0;0;0;0;0;0;0;0;0;0
290035;ADUSTINA;29;17;0;0;0;21;17;42;22;24;19;16;21;199
290040;AGUA FRIA;29;10;13;9;21;13;13;18;11;12;20;13;13;166
290050;ERICO CARDOSO;29;6;10;9;18;9;14;14;8;11;5;0;22;126
290060;AIQUARA;29;0;0;0;0;0;0;0;0;0;0;0;0;0
290070;ALAGOINHAS;29;606;417;365;415;573;472;487;709;564;540;496;729;6373
290080;ALCOBACA;29;80;91;65;52;45;52;72;69;60;39;0;0;625
290090;ALMADINA;29;0;0;0;0;0;0;0;0;0;0;0;0;0
290100;AMARGOSA;29;193;209;145;276;283;222;212;242;291;227;275;229;2804
290110;AMELIA RODRIGUES;29;30;25;25;32;23;30;29;29;30;30;28;33;344
290115;AMERICA DOURADA;29;32;37;39;38;52;53;42;41;33;41;29;32;469
290120;ANAGE;29;32;20;19;9;23;14;10;9;17;18;6;9;186
290130;ANDARAI;29;25;25;22;32;27;30;28;27;38;23;26;32;335
290135;ANDORINHA;29;0;0;0;0;0;0;0;0;0;0;0;0;0
290140;ANGICAL;29;29;22;25;25;26;23;25;23;33;25;24;25;305
290150;ANGUERA;29;13;11;16;17;19;13;18;23;16;19;14;15;194
290160;ANTAS;29;604;604;646;727;714;640;734;597;782;682;664;682;8076
290170;ANTONIO CARDOSO;29;0;0;0;0;0;0;0;0;0;0;0;0;0
290180;ANTONIO GONCALVES;29;0;0;0;0;0;0;0;0;0;0;0;0;0
290190;APORA;29;0;0;0;0;0;0;0;0;0;0;0;0;0
290195;APUAREMA;29;0;0;0;0;0;0;0;0;0;0;0;0;0
290200;ARACATU;29;95;104;104;103;104;102;105;99;105;103;105;72;1201
290205;ARACAS;29;4;7;8;6;6;6;7;7;6;1;0;0;58
290210;ARACI;29;58;102;91;89;98;88;99;99;98;96;93;80;1091
290220;ARAMARI;29;0;0;0;0;0;0;0;0;0;0;0;0;0
290225;ARATACA;29;0;0;0;0;0;0;0;0;0;0;0;0;0
290230;ARATUIPE;29;0;0;0;0;0;0;0;0;0;0;0;0;0
290240;AURELINO LEAL;29;108;108;109;108;97;104;81;78;107;106;111;67;1184
290250;BAIANOPOLIS;29;0;0;77;28;41;28;53;32;41;32;30;32;394
290260;BAIXA GRANDE;29;32;24;42;30;32;24;32;37;40;38;43;39;413
290265;BANZAE;29;0;0;0;0;0;0;0;0;0;0;0;0;0
290270;BARRA;29;314;182;300;367;596;386;359;232;375;330;289;320;4050
290280;BARRA DA ESTIVA;29;253;276;264;264;299;263;290;221;217;222;214;225;3008
290290;BARRA DO CHOCA;29;80;0;0;0;0;0;0;0;0;0;0;0;80
290300;BARRA DO MENDES;29;51;51;48;56;38;62;47;51;51;48;43;49;595
290310;BARRA DO ROCHA;29;0;0;0;0;0;0;0;0;0;0;0;0;0
290320;BARREIRAS;29;1602;1692;1603;1577;1793;1469;1806;1605;1896;1749;1793;1558;20143
290323;BARRO ALTO;29;61;54;62;55;43;44;47;51;49;48;43;46;603
290327;BARROCAS;29;11;26;21;15;16;34;28;27;15;19;24;20;256
290330;BARRO PRETO;29;4;2;10;4;0;2;9;2;9;4;3;1;50
290340;BELMONTE;29;35;46;51;59;54;55;42;42;77;49;39;51;600
290350;BELO CAMPO;29;74;48;45;45;78;78;68;69;66;68;60;57;756
290360;BIRITINGA;29;14;18;17;18;28;24;21;18;22;17;17;17;231
290370;BOA NOVA;29;0;0;0;0;0;0;0;0;0;0;0;0;0
290380;BOA VISTA DO TUPIM;29;1;0;51;17;26;16;28;22;17;13;11;14;216
290390;BOM JESUS DA LAPA;29;237;279;315;298;298;347;330;416;434;382;318;356;4010
290395;BOM JESUS DA SERRA;29;37;25;15;27;24;24;41;22;26;21;19;17;298
290400;BONINAL;29;22;15;13;19;22;11;19;14;17;13;19;15;199
290405;BONITO;29;1;43;42;43;43;42;43;43;43;43;43;43;472
290410;BOQUIRA;29;77;66;75;59;82;60;80;102;60;61;60;46;828
290420;BOTUPORA;29;31;32;33;22;32;21;40;31;36;23;31;25;357
290430;BREJOES;29;17;20;26;18;25;15;17;22;20;26;9;18;233
290440;BREJOLANDIA;29;15;15;15;15;23;13;22;30;14;25;32;33;252
290450;BROTAS DE MACAUBAS;29;17;12;10;16;13;15;6;9;9;11;13;10;141
290460;BRUMADO;29;400;289;369;445;452;498;659;574;486;616;516;564;5868
290470;BUERAREMA;29;0;0;0;0;0;0;0;0;0;0;0;0;0
290475;BURITIRAMA;29;41;0;0;84;46;24;60;29;51;55;46;32;468
290480;CAATIBA;29;7;10;6;5;7;8;12;8;11;12;12;9;107
290485;CABACEIRAS DO PARAGUACU;29;0;0;0;0;0;0;0;0;0;0;0;0;0
290490;CACHOEIRA;29;22;6;0;86;101;85;92;56;76;0;0;77;601
290500;CACULE;29;74;64;71;70;71;78;67;81;79;80;61;61;857
290510;CAEM;29;44;54;43;55;55;47;57;55;63;69;49;61;652
290515;CAETANOS;29;0;0;0;0;0;0;0;0;0;0;0;0;0
290520;CAETITE;29;415;346;416;405;359;355;350;339;303;344;362;359;4353
290530;CAFARNAUM;29;27;62;41;43;55;85;48;54;51;71;64;53;654
290540;CAIRU;29;0;0;0;0;0;0;0;0;0;0;0;0;0
290550;CALDEIRAO GRANDE;29;34;32;0;33;36;47;44;36;34;37;36;34;403
290560;CAMACAN;29;200;251;263;287;302;336;378;279;304;299;287;134;3320
290570;CAMACARI;29;768;662;960;783;724;733;1063;1250;1255;1378;1563;1212;12351
290580;CAMAMU;29;38;21;41;26;11;0;0;70;36;0;0;0;243
290590;CAMPO ALEGRE DE LOURDES;29;112;83;97;117;138;87;116;115;97;116;95;110;1283
290600;CAMPO FORMOSO;29;397;433;453;471;466;422;477;489;445;468;418;475;5414
290610;CANAPOLIS;29;65;66;54;51;0;81;50;0;74;56;40;40;577
290620;CANARANA;29;34;42;52;62;80;53;59;69;64;69;74;59;717
290630;CANAVIEIRAS;29;37;40;42;73;72;61;66;57;63;60;63;79;713
290640;CANDEAL;29;2;0;15;12;10;10;10;5;7;9;0;0;80
290650;CANDEIAS;29;331;308;285;259;282;207;270;185;415;229;216;238;3225
290660;CANDIBA;29;43;33;27;30;43;21;62;31;50;9;36;49;434
290670;CANDIDO SALES;29;0;89;30;43;0;57;46;49;51;51;37;34;487
290680;CANSANCAO;29;214;231;265;252;271;262;248;258;304;245;244;325;3119
290682;CANUDOS;29;37;25;21;24;35;26;28;49;31;35;20;10;341
290685;CAPELA DO ALTO ALEGRE;29;9;5;18;11;14;22;19;32;15;21;10;7;183
290687;CAPIM GROSSO;29;174;109;151;150;161;84;119;127;121;92;110;102;1500
290689;CARAIBAS;29;0;0;0;0;0;0;0;0;0;0;0;0;0
290690;CARAVELAS;29;52;46;79;59;79;84;66;94;137;99;84;98;977
290700;CARDEAL DA SILVA;29;0;0;0;0;0;0;0;0;0;0;0;0;0
290710;CARINHANHA;29;49;20;29;40;77;67;62;28;49;56;34;17;528
290720;CASA NOVA;29;58;52;78;88;64;134;94;114;122;105;79;58;1046
290730;CASTRO ALVES;29;142;103;105;58;71;89;36;143;76;87;107;106;1123
290740;CATOLANDIA;29;0;0;0;0;0;0;0;0;0;0;0;0;0
290750;CATU;29;380;298;299;335;304;236;259;368;202;310;315;196;3502
290755;CATURAMA;29;7;8;13;13;19;16;17;9;14;17;16;16;165
290760;CENTRAL;29;20;31;32;25;40;31;55;23;37;44;23;25;386
290770;CHORROCHO;29;4;10;11;14;6;12;15;22;14;21;16;11;156
290780;CICERO DANTAS;29;94;103;106;54;84;73;78;87;68;58;53;58;916
290790;CIPO;29;32;35;42;47;47;47;46;47;49;49;45;44;530
290800;COARACI;29;26;29;24;19;22;18;30;22;17;21;8;22;258
290810;COCOS;29;59;55;83;99;63;127;103;76;80;58;52;64;919
290820;CONCEICAO DA FEIRA;29;0;0;0;0;0;0;0;0;0;0;0;0;0
290830;CONCEICAO DO ALMEIDA;29;34;18;46;50;43;37;48;30;54;51;33;42;486
290840;CONCEICAO DO COITE;29;636;745;775;702;654;621;722;691;596;677;602;545;7966
290850;CONCEICAO DO JACUIPE;29;37;45;37;63;42;70;58;37;41;53;43;80;606
290860;CONDE;29;16;13;14;19;18;3;14;8;11;11;0;11;138
290870;CONDEUBA;29;53;53;53;52;53;52;52;53;52;53;53;53;632
290880;CONTENDAS DO SINCORA;29;0;0;0;0;0;0;0;0;0;0;0;0;0
290890;CORACAO DE MARIA;29;454;433;425;442;194;122;16;17;88;369;240;276;3076
290900;CORDEIROS;29;24;24;24;24;24;24;23;23;21;24;24;23;282
290910;CORIBE;29;160;161;241;237;247;233;238;241;245;199;185;179;2566
290920;CORONEL JOAO SA;29;0;0;0;0;0;0;0;0;0;0;0;0;0
290930;CORRENTINA;29;136;102;126;111;135;55;38;27;193;78;46;186;1233
290940;COTEGIPE;29;0;0;0;0;0;0;0;0;0;0;0;0;0
290950;CRAVOLANDIA;29;56;56;56;71;60;32;34;33;32;28;30;26;514
290960;CRISOPOLIS;29;30;36;37;35;38;37;45;34;37;44;37;37;447
290970;CRISTOPOLIS;29;187;182;183;115;183;182;183;182;182;183;182;183;2127
290980;CRUZ DAS ALMAS;29;773;810;755;760;830;692;755;748;587;468;518;74;7770
290990;CURACA;29;50;46;39;40;59;56;49;76;62;63;41;45;626
291000;DARIO MEIRA;29;0;0;0;0;0;0;0;0;0;0;0;0;0
291005;DIAS D'AVILA;29;92;78;120;115;119;106;119;93;107;69;58;64;1140
291010;DOM BASILIO;29;28;39;37;23;29;38;27;36;35;35;30;34;391
291020;DOM MACEDO COSTA;29;0;0;0;0;0;0;0;0;0;0;0;0;0
291030;ELISIO MEDRADO;29;32;13;13;8;6;7;20;17;19;17;13;15;180
291040;ENCRUZILHADA;29;48;47;56;50;55;42;69;65;69;53;46;64;664
291050;ENTRE RIOS;29;89;27;32;36;43;22;65;24;84;49;46;54;571
291060;ESPLANADA;29;133;120;139;155;119;151;142;124;140;165;137;140;1665
291070;EUCLIDES DA CUNHA;29;383;346;467;496;440;447;479;411;456;433;372;360;5090
291072;EUNAPOLIS;29;693;354;797;357;827;695;649;570;611;535;462;640;7190
291075;FATIMA;29;0;0;0;0;0;0;0;0;0;0;0;0;0
291077;FEIRA DA MATA;29;0;0;0;0;0;0;0;0;0;0;0;0;0
291080;FEIRA DE SANTANA;29;3887;4349;4569;4505;4654;4407;4883;4793;5175;4506;4339;4413;54480
291085;FILADELFIA;29;46;43;50;35;49;42;63;67;49;72;51;58;625
291090;FIRMINO ALVES;29;0;0;0;0;0;0;0;0;0;0;0;0;0
291100;FLORESTA AZUL;29;0;0;0;0;0;0;0;0;0;0;0;0;0
291110;FORMOSA DO RIO PRETO;29;98;77;53;74;86;104;114;128;77;121;135;80;1147
291120;GANDU;29;93;82;107;95;135;172;101;130;59;221;132;125;1452
291125;GAVIAO;29;0;0;0;0;0;0;0;0;0;0;0;0;0
291130;GENTIO DO OURO;29;12;9;34;37;15;28;34;41;29;43;46;23;351
291140;GLORIA;29;0;0;0;0;0;0;0;0;0;0;0;0;0
291150;GONGOGI;29;17;13;10;10;9;10;8;8;16;11;11;0;123
291160;GOVERNADOR MANGABEIRA;29;0;0;0;0;0;0;0;0;0;0;0;0;0
291165;GUAJERU;29;0;0;0;0;0;0;0;0;0;0;0;0;0
291170;GUANAMBI;29;1283;897;772;983;1134;1067;1227;1309;1130;1182;936;848;12768
291180;GUARATINGA;29;29;28;36;27;0;53;38;37;35;0;32;20;335
291185;HELIOPOLIS;29;0;0;0;0;0;0;0;0;0;0;0;0;0
291190;IACU;29;44;43;8;44;32;15;57;55;87;103;101;24;613
291200;IBIASSUCE;29;51;88;124;64;96;48;109;108;69;102;68;91;1018
291210;IBICARAI;29;29;30;24;18;17;33;38;18;30;33;12;27;309
291220;IBICOARA;29;0;0;0;0;0;0;0;0;0;0;0;0;0
291230;IBICUI;29;28;45;49;30;77;17;74;43;75;32;42;43;555
291240;IBIPEBA;29;14;12;19;18;21;14;22;21;21;21;19;21;223
291250;IBIPITANGA;29;17;25;19;30;28;18;41;42;33;44;30;23;350
291260;IBIQUERA;29;0;0;0;0;0;0;0;0;0;0;0;0;0
291270;IBIRAPITANGA;29;55;10;90;72;106;109;106;103;94;105;87;96;1033
291280;IBIRAPUA;29;28;29;25;47;33;40;41;35;37;32;31;28;406
291290;IBIRATAIA;29;114;104;132;136;108;105;104;106;113;96;109;107;1334
291300;IBITIARA;29;46;41;33;37;53;58;33;41;30;25;34;32;463
291310;IBITITA;29;0;0;0;0;42;22;43;33;39;24;33;13;249
291320;IBOTIRAMA;29;252;283;265;289;340;267;349;332;301;306;272;296;3552
291330;ICHU;29;0;0;0;0;0;0;0;0;0;0;0;0;0
291340;IGAPORA;29;43;63;78;57;71;70;80;89;73;35;69;58;786
291345;IGRAPIUNA;29;20;20;19;28;29;28;24;26;27;26;28;24;299
291350;IGUAI;29;340;327;316;327;314;325;325;325;330;324;315;329;3897
291360;ILHEUS;29;1358;2209;1941;1912;2078;2100;1882;2056;2013;1960;1837;1645;22991
291370;INHAMBUPE;29;27;26;33;32;63;56;65;45;65;52;45;64;573
291380;IPECAETA;29;1;3;5;5;2;2;3;4;2;6;2;1;36
291390;IPIAU;29;60;65;218;246;296;352;378;52;244;286;296;300;2793
291400;IPIRA;29;59;174;38;98;114;120;98;133;175;125;178;113;1425
291410;IPUPIARA;29;21;14;21;10;15;18;17;16;17;13;15;13;190
291420;IRAJUBA;29;37;34;56;41;0;0;0;67;9;22;0;0;266
291430;IRAMAIA;29;98;97;96;95;97;96;97;0;193;97;96;95;1157
291440;IRAQUARA;29;295;282;288;297;291;288;288;287;287;281;292;286;3462
291450;IRARA;29;12;56;53;48;42;44;39;48;40;50;48;51;531
291460;IRECE;29;953;1099;1160;993;1244;1112;1444;1062;960;1113;1131;1057;13328
291465;ITABELA;29;149;148;150;138;120;141;155;150;141;145;141;129;1707
291470;ITABERABA;29;1121;1634;1144;1114;1648;918;1054;1341;486;542;841;523;12366
291480;ITABUNA;29;1509;1448;1592;1346;1716;1333;1997;2949;2696;2237;1808;1919;22550
291490;ITACARE;29;16;85;142;28;99;45;110;109;73;97;61;109;974
291500;ITAETE;29;13;28;31;11;36;20;37;26;25;27;26;15;295
291510;ITAGI;29;33;16;22;14;22;15;33;14;13;6;11;21;220
291520;ITAGIBA;29;0;0;0;0;0;0;0;0;0;0;0;0;0
291530;ITAGIMIRIM;29;0;0;0;0;0;0;0;0;0;0;0;0;0
291535;ITAGUACU DA BAHIA;29;33;23;23;28;39;34;31;36;22;16;44;37;366
291540;ITAJU DO COLONIA;29;49;41;40;40;41;41;41;47;51;51;50;48;540
291550;ITAJUIPE;29;147;147;145;146;146;146;148;145;150;146;145;148;1759
291560;ITAMARAJU;29;391;304;298;358;366;460;308;381;319;348;342;292;4167
291570;ITAMARI;29;0;0;0;0;0;0;0;0;0;0;0;0;0
291580;ITAMBE;29;117;119;136;122;107;94;114;114;135;119;108;117;1402
291590;ITANAGRA;29;0;0;0;0;0;0;0;0;0;0;0;0;0
291600;ITANHEM;29;34;33;47;71;68;75;67;71;66;66;70;56;724
291610;ITAPARICA;29;395;372;364;381;395;401;396;394;384;378;356;282;4498
291620;ITAPE;29;0;0;0;0;0;0;0;0;0;0;0;0;0
291630;ITAPEBI;29;15;11;14;16;16;14;15;8;15;24;17;13;178
291640;ITAPETINGA;29;480;412;480;503;705;587;594;672;487;584;521;616;6641
291650;ITAPICURU;29;21;0;37;32;34;10;45;41;29;30;26;24;329
291660;ITAPITANGA;29;8;9;6;7;11;9;10;12;6;8;7;0;93
291670;ITAQUARA;29;26;21;43;33;25;28;33;41;27;28;43;43;391
291680;ITARANTIM;29;59;81;90;91;84;85;84;86;92;79;84;76;991
291685;ITATIM;29;19;23;20;33;17;20;30;17;22;18;13;17;249
291690;ITIRUCU;29;155;150;150;151;91;52;72;108;76;77;78;60;1220
291700;ITIUBA;29;51;80;85;51;114;92;84;85;94;100;91;68;995
291710;ITORORO;29;129;110;126;130;280;167;196;271;175;142;146;127;1999
291720;ITUACU;29;27;32;33;26;20;31;31;31;36;32;29;32;360
291730;ITUBERA;29;42;40;38;43;44;41;50;27;34;36;32;26;453
291733;IUIU;29;13;13;35;7;33;6;25;24;34;7;33;24;254
291735;JABORANDI;29;63;64;75;72;75;65;88;89;94;94;87;0;866
291740;JACARACI;29;32;22;18;23;38;39;39;37;31;37;31;39;386
291750;JACOBINA;29;483;563;554;524;604;689;600;560;646;562;626;614;7025
291760;JAGUAQUARA;29;436;476;457;441;468;326;453;505;442;473;429;421;5327
291770;JAGUARARI;29;53;45;39;28;71;43;67;58;83;60;59;55;661
291780;JAGUARIPE;29;0;0;0;0;0;0;0;0;0;0;0;0;0
291790;JANDAIRA;29;0;0;0;0;0;0;0;0;0;0;0;0;0
291800;JEQUIE;29;1404;1570;1287;1645;2013;1521;1846;1903;1832;2158;1387;1745;20311
291810;JEREMOABO;29;47;40;49;73;50;51;69;59;77;66;40;54;675
291820;JIQUIRICA;29;51;46;46;54;57;54;50;52;34;49;39;49;581
291830;JITAUNA;29;27;22;23;20;23;27;29;31;24;18;21;14;279
291835;JOAO DOURADO;29;30;49;52;39;33;95;55;69;70;69;66;48;675
291840;JUAZEIRO;29;1373;1460;1506;1664;1726;1800;1941;2322;2549;2153;1992;2195;22681
291845;JUCURUCU;29;0;0;0;0;0;0;0;0;0;0;0;0;0
291850;JUSSARA;29;82;83;43;50;45;38;38;33;36;40;33;37;558
291855;JUSSARI;29;0;51;59;55;52;55;53;56;55;53;56;55;600
291860;JUSSIAPE;29;0;22;20;12;13;7;13;33;10;16;17;17;180
291870;LAFAIETE COUTINHO;29;0;0;0;0;0;0;0;0;0;0;0;0;0
291875;LAGOA REAL;29;0;0;0;0;0;0;0;0;0;0;0;0;0
291880;LAJE;29;19;21;21;35;31;25;22;32;21;25;30;10;292
291890;LAJEDAO;29;0;0;0;0;0;0;0;0;0;0;0;0;0
291900;LAJEDINHO;29;0;0;0;0;0;0;0;0;0;0;0;0;0
291905;LAJEDO DO TABOCAL;29;24;0;1;0;78;42;34;52;32;0;0;0;263
291910;LAMARAO;29;0;0;0;0;0;0;0;0;0;0;0;0;0
291915;LAPAO;29;95;72;93;95;119;105;117;111;129;148;153;138;1375
291920;LAURO DE FREITAS;29;1193;1281;1099;1183;996;1156;701;1228;1366;1055;1303;1060;13621
291930;LENCOIS;29;9;11;9;11;6;14;7;7;8;6;7;8;103
291940;LICINIO DE ALMEIDA;29;29;30;36;21;54;34;41;37;40;35;34;34;425
291950;LIVRAMENTO DE NOSSA SENHORA;29;200;168;228;194;206;205;202;199;199;199;224;224;2448
291955;LUIS EDUARDO MAGALHAES;29;258;224;353;370;407;537;642;739;729;770;782;795;6606
291960;MACAJUBA;29;16;13;16;18;19;18;16;21;19;22;21;17;216
291970;MACARANI;29;98;103;101;103;107;99;98;114;102;105;103;109;1242
291980;MACAUBAS;29;104;110;107;116;83;159;170;59;145;109;115;136;1413
291990;MACURURE;29;0;0;0;0;0;0;0;0;0;0;0;0;0
291992;MADRE DE DEUS;29;70;55;49;76;64;59;77;55;58;74;65;46;748
291995;MAETINGA;29;0;0;0;0;0;0;0;0;0;0;0;0;0
292000;MAIQUINIQUE;29;52;51;48;50;49;50;51;53;49;52;46;57;608
292010;MAIRI;29;157;171;0;279;215;138;134;172;135;122;123;144;1790
292020;MALHADA;29;17;33;28;21;34;41;21;31;30;29;21;24;330
292030;MALHADA DE PEDRAS;29;0;0;0;0;0;0;0;0;0;0;0;0;0
292040;MANOEL VITORINO;29;0;0;0;0;0;0;0;0;0;0;0;0;0
292045;MANSIDAO;29;0;0;0;0;0;0;0;0;0;0;0;0;0
292050;MARACAS;29;3;98;103;83;124;90;149;105;124;123;105;102;1209
292060;MARAGOGIPE;29;0;0;0;0;0;0;0;0;0;0;0;0;0
292070;MARAU;29;0;0;0;0;0;0;0;0;0;0;0;0;0
292080;MARCIONILIO SOUZA;29;16;17;20;13;20;24;19;7;22;0;23;22;203
292090;MASCOTE;29;0;0;0;0;0;0;0;0;0;0;0;0;0
292100;MATA DE SAO JOAO;29;146;98;165;102;141;148;160;144;141;115;100;93;1553
292105;MATINA;29;13;17;6;11;12;18;14;15;9;0;0;0;115
292110;MEDEIROS NETO;29;109;108;183;56;83;87;106;77;104;95;105;84;1197
292120;MIGUEL CALMON;29;250;342;333;163;393;240;257;238;154;239;224;238;3071
292130;MILAGRES;29;11;5;12;16;12;17;7;7;18;18;1;6;130
292140;MIRANGABA;29;0;0;0;0;0;0;0;0;0;0;0;0;0
292145;MIRANTE;29;0;0;0;0;0;0;0;0;0;0;0;0;0
292150;MONTE SANTO;29;256;245;226;251;257;248;229;234;284;224;227;250;2931
292160;MORPARA;29;0;0;0;0;0;0;0;0;0;0;0;0;0
292170;MORRO DO CHAPEU;29;104;68;129;119;124;133;100;143;136;152;133;149;1490
292180;MORTUGABA;29;41;43;41;38;42;38;42;39;43;42;42;44;495
292190;MUCUGE;29;19;16;25;24;24;19;0;28;21;19;17;0;212
292200;MUCURI;29;88;68;35;49;64;54;73;65;49;55;54;56;710
292205;MULUNGU DO MORRO;29;28;50;37;37;85;53;69;51;52;56;36;33;587
292210;MUNDO NOVO;29;22;55;40;44;25;39;56;27;43;38;24;43;456
292220;MUNIZ FERREIRA;29;0;0;0;0;0;0;0;0;0;0;0;0;0
292225;MUQUEM DE SAO FRANCISCO;29;0;0;0;0;0;0;0;0;0;0;0;0;0
292230;MURITIBA;29;94;96;87;99;105;105;97;103;98;99;93;97;1173
292240;MUTUIPE;29;126;118;126;125;115;110;110;122;141;134;151;139;1517
292250;NAZARE;29;469;509;507;561;487;578;499;446;800;487;511;570;6424
292260;NILO PECANHA;29;0;0;0;0;0;0;0;0;0;0;0;0;0
292265;NORDESTINA;29;0;30;4;16;1;16;17;21;26;33;35;38;237
292270;NOVA CANAA;29;140;138;139;139;140;140;137;140;141;139;138;138;1669
292273;NOVA FATIMA;29;0;11;13;13;12;18;18;14;13;6;0;7;125
292275;NOVA IBIA;29;0;0;0;0;0;0;0;0;0;0;0;0;0
292280;NOVA ITARANA;29;0;0;0;0;0;0;0;0;0;0;0;0;0
292285;NOVA REDENCAO;29;0;0;0;0;0;0;0;0;0;0;0;0;0
292290;NOVA SOURE;29;0;0;0;0;4;25;24;26;18;55;58;21;231
292300;NOVA VICOSA;29;13;25;36;55;53;67;179;83;74;142;111;116;954
292303;NOVO HORIZONTE;29;0;0;0;0;0;0;0;0;0;0;0;0;0
292305;NOVO TRIUNFO;29;0;0;0;0;0;0;0;0;0;0;0;0;0
292310;OLINDINA;29;25;38;31;35;35;31;46;49;56;47;40;57;490
292320;OLIVEIRA DOS BREJINHOS;29;62;63;63;63;63;63;63;63;63;63;63;63;755
292330;OURICANGAS;29;14;20;15;20;15;10;13;16;10;16;16;10;175
292335;OUROLANDIA;29;27;24;35;13;41;33;29;28;25;38;23;16;332
292340;PALMAS DE MONTE ALTO;29;60;41;67;49;60;62;137;71;59;33;120;68;827
292350;PALMEIRAS;29;0;0;0;0;0;0;0;0;0;0;0;0;0
292360;PARAMIRIM;29;191;181;197;190;303;196;258;260;177;147;151;145;2396
292370;PARATINGA;29;173;173;173;173;173;173;173;173;173;173;173;173;2076
292380;PARIPIRANGA;29;19;16;21;28;20;32;31;21;24;12;14;16;254
292390;PAU BRASIL;29;1;12;0;8;14;10;51;0;13;3;16;1;129
292400;PAULO AFONSO;29;297;327;375;335;411;411;359;329;371;149;640;370;4374
292405;PE DE SERRA;29;20;19;25;12;22;23;31;24;31;21;19;0;247
292410;PEDRAO;29;0;0;0;0;0;0;0;0;0;0;0;0;0
292420;PEDRO ALEXANDRE;29;0;0;0;0;0;0;0;0;0;0;0;0;0
292430;PIATA;29;28;24;107;0;68;83;90;45;61;47;53;22;628
292440;PILAO ARCADO;29;0;0;0;58;65;51;39;47;26;31;6;0;323
292450;PINDAI;29;28;41;22;31;37;39;42;43;71;36;40;47;477
292460;PINDOBACU;29;94;78;81;92;101;91;76;85;116;122;65;112;1113
292465;PINTADAS;29;17;20;25;20;21;25;27;22;32;27;28;21;285
292467;PIRAI DO NORTE;29;0;0;0;0;0;0;0;0;0;0;0;0;0
292470;PIRIPA;29;25;28;33;28;32;24;23;39;27;27;31;21;338
292480;PIRITIBA;29;5;9;16;20;29;29;25;15;22;38;18;8;234
292490;PLANALTINO;29;42;42;41;42;43;42;42;41;42;42;43;42;504
292500;PLANALTO;29;35;25;64;68;49;68;49;29;58;49;71;52;617
292510;POCOES;29;286;314;349;288;365;312;304;328;305;351;347;293;3842
292520;POJUCA;29;122;141;117;154;123;180;155;168;135;172;123;187;1777
292525;PONTO NOVO;29;45;60;43;47;64;73;62;57;49;93;70;61;724
292530;PORTO SEGURO;29;772;798;848;828;844;830;857;819;882;936;627;881;9922
292540;POTIRAGUA;29;14;20;24;26;28;20;15;27;20;19;21;11;245
292550;PRADO;29;53;44;62;106;0;0;164;0;84;50;0;0;563
292560;PRESIDENTE DUTRA;29;19;18;19;20;22;23;26;34;30;14;19;16;260
292570;PRESIDENTE JANIO QUADROS;29;0;0;0;0;0;0;0;0;0;0;0;0;0
292575;PRESIDENTE TANCREDO NEVES;29;19;21;28;22;26;32;37;34;22;14;14;14;283
292580;QUEIMADAS;29;0;50;35;80;49;63;82;86;77;80;82;0;684
292590;QUIJINGUE;29;43;58;72;36;76;70;62;78;74;70;2;38;679
292593;QUIXABEIRA;29;0;0;0;0;0;0;0;0;0;0;0;0;0
292595;RAFAEL JAMBEIRO;29;26;16;21;28;9;37;28;21;32;21;27;32;298
292600;REMANSO;29;136;0;196;79;89;106;70;76;91;97;107;103;1150
292610;RETIROLANDIA;29;19;32;31;24;34;42;37;32;35;19;22;22;349
292620;RIACHAO DAS NEVES;29;70;39;35;107;41;69;110;118;115;3;76;165;948
292630;RIACHAO DO JACUIPE;29;124;159;70;242;201;168;156;221;309;231;194;202;2277
292640;RIACHO DE SANTANA;29;81;82;88;136;134;144;140;162;110;92;113;104;1386
292650;RIBEIRA DO AMPARO;29;18;13;20;19;16;16;25;23;27;36;16;15;244
292660;RIBEIRA DO POMBAL;29;451;467;621;719;635;623;578;636;602;562;613;430;6937
292665;RIBEIRAO DO LARGO;29;0;0;0;0;0;0;0;0;0;0;0;0;0
292670;RIO DE CONTAS;29;31;25;30;49;32;30;60;27;37;26;39;44;430
292680;RIO DO ANTONIO;29;0;0;0;0;0;0;0;0;0;0;0;0;0
292690;RIO DO PIRES;29;47;30;35;24;21;26;34;23;46;31;22;22;361
292700;RIO REAL;29;101;80;104;101;110;94;104;0;0;70;65;92;921
292710;RODELAS;29;0;0;0;0;0;0;0;0;0;0;0;0;0
292720;RUY BARBOSA;29;517;540;515;566;524;481;674;752;638;508;707;495;6917
292730;SALINAS DA MARGARIDA;29;16;12;15;15;12;19;12;20;15;15;24;7;182
292740;SALVADOR;29;19927;21527;22418;22526;22420;21797;23351;23256;23646;22881;23177;21277;268203
292750;SANTA BARBARA;29;16;27;15;25;24;24;21;25;22;22;18;14;253
292760;SANTA BRIGIDA;29;0;0;0;0;0;0;0;0;0;0;0;0;0
292770;SANTA CRUZ CABRALIA;29;17;35;35;34;34;55;42;40;34;54;48;32;460
292780;SANTA CRUZ DA VITORIA;29;0;0;0;0;0;0;0;0;0;0;0;0;0
292790;SANTA INES;29;67;48;59;59;48;56;48;52;48;50;40;38;613
292800;SANTALUZ;29;139;171;127;125;158;159;170;138;86;119;153;221;1766
292805;SANTA LUZIA;29;0;0;0;0;0;0;0;0;0;0;0;0;0
292810;SANTA MARIA DA VITORIA;29;116;125;127;124;159;140;151;121;137;142;127;126;1595
292820;SANTANA;29;79;1;133;109;0;172;89;95;61;109;102;84;1034
292830;SANTANOPOLIS;29;1;0;0;8;8;0;0;8;0;9;0;0;34
292840;SANTA RITA DE CASSIA;29;115;108;106;94;141;133;147;119;124;136;124;123;1470
292850;SANTA TEREZINHA;29;48;9;7;13;10;10;9;1;0;0;14;13;134
292860;SANTO AMARO;29;124;27;119;126;132;119;134;51;49;50;58;56;1045
292870;SANTO ANTONIO DE JESUS;29;1844;1793;1752;1758;1761;1594;1796;1789;1783;1649;1717;1783;21019
292880;SANTO ESTEVAO;29;47;49;69;70;60;86;88;44;97;79;50;39;778
292890;SAO DESIDERIO;29;118;113;93;121;117;123;120;122;119;122;123;78;1369
292895;SAO DOMINGOS;29;20;20;26;11;17;20;24;24;18;19;19;15;233
292900;SAO FELIX;29;269;428;293;303;252;453;346;363;276;268;270;405;3926
292905;SAO FELIX DO CORIBE;29;50;57;80;60;69;30;102;104;34;54;71;78;789
292910;SAO FELIPE;29;23;22;29;30;25;26;31;35;28;24;17;23;313
292920;SAO FRANCISCO DO CONDE;29;0;0;0;0;0;0;0;0;0;0;0;0;0
292925;SAO GABRIEL;29;29;37;16;36;37;29;31;35;31;38;35;36;390
292930;SAO GONCALO DOS CAMPOS;29;25;0;33;27;16;21;72;79;45;47;32;33;430
292935;SAO JOSE DA VITORIA;29;0;0;0;0;0;0;0;0;0;0;0;0;0
292937;SAO JOSE DO JACUIPE;29;0;0;0;0;0;0;0;0;0;0;0;0;0
292940;SAO MIGUEL DAS MATAS;29;0;58;45;110;66;75;104;106;97;118;98;18;895
292950;SAO SEBASTIAO DO PASSE;29;57;82;88;87;101;100;95;97;72;95;76;76;1026
292960;SAPEACU;29;33;39;46;46;46;45;46;38;45;46;43;38;511
292970;SATIRO DIAS;29;79;19;20;59;52;29;9;21;8;23;41;25;385
292975;SAUBARA;29;0;0;0;9;13;12;25;19;15;12;18;31;154
292980;SAUDE;29;34;48;42;51;40;60;57;45;42;39;45;33;536
292990;SEABRA;29;584;587;609;576;556;592;725;619;707;881;808;785;8029
293000;SEBASTIAO LARANJEIRAS;29;21;13;18;18;13;11;18;12;11;11;10;13;169
293010;SENHOR DO BONFIM;29;316;247;297;289;308;299;357;309;344;351;294;365;3776
293015;SERRA DO RAMALHO;29;78;49;70;75;67;50;80;72;88;100;80;67;876
293020;SENTO SE;29;43;51;44;40;60;61;73;62;46;43;36;38;597
293030;SERRA DOURADA;29;113;98;114;110;85;109;121;92;117;121;120;111;1311
293040;SERRA PRETA;29;41;14;14;20;26;24;35;19;18;16;22;24;273
293050;SERRINHA;29;166;157;209;156;175;173;310;166;198;197;154;339;2400
293060;SERROLANDIA;29;23;19;21;13;27;18;28;26;22;35;18;26;276
293070;SIMOES FILHO;29;154;156;152;179;182;162;217;190;173;182;163;134;2044
293075;SITIO DO MATO;29;34;34;34;34;34;34;32;0;0;0;0;0;236
293076;SITIO DO QUINTO;29;0;0;0;0;0;0;0;0;0;0;0;0;0
293077;SOBRADINHO;29;30;30;30;30;30;30;30;30;33;34;35;34;376
293080;SOUTO SOARES;29;19;25;32;13;4;41;44;26;36;33;31;12;316
293090;TABOCAS DO BREJO VELHO;29;39;41;42;38;39;39;43;38;42;42;39;34;476
293100;TANHACU;29;5;8;15;34;6;19;33;32;23;14;27;22;238
293105;TANQUE NOVO;29;47;59;69;69;53;75;74;65;91;67;49;68;786
293110;TANQUINHO;29;5;8;4;8;11;7;11;8;12;11;10;6;101
293120;TAPEROA;29;61;70;68;60;61;59;57;58;56;52;54;59;715
293130;TAPIRAMUTA;29;47;37;48;29;36;29;43;42;52;32;38;38;471
293135;TEIXEIRA DE FREITAS;29;1461;1579;1626;1787;1835;1659;1614;1612;1331;2170;1667;1615;19956
293140;TEODORO SAMPAIO;29;0;0;0;0;0;0;0;0;0;0;0;0;0
293150;TEOFILANDIA;29;11;5;0;8;7;11;16;14;16;7;12;10;117
293160;TEOLANDIA;29;9;12;25;35;24;31;31;23;37;39;34;25;325
293170;TERRA NOVA;29;0;0;0;0;0;0;0;0;0;0;0;0;0
293180;TREMEDAL;29;10;8;22;21;17;23;16;13;20;22;31;18;221
293190;TUCANO;29;99;128;101;113;0;0;0;0;0;0;0;0;441
293200;UAUA;29;80;58;66;41;71;56;81;80;55;38;60;59;745
293210;UBAIRA;29;186;130;158;177;163;152;212;199;201;217;199;214;2208
293220;UBAITABA;29;188;202;192;175;244;177;199;213;212;195;218;212;2427
293230;UBATA;29;0;0;0;0;0;0;0;0;0;0;0;0;0
293240;UIBAI;29;18;0;41;0;20;24;27;44;26;22;23;19;264
293245;UMBURANAS;29;0;0;0;0;0;0;0;0;0;0;0;0;0
293250;UNA;29;36;40;44;35;31;26;56;47;37;54;48;49;503
293260;URANDI;29;25;103;104;67;72;59;76;76;96;73;79;48;878
293270;URUCUCA;29;0;0;0;0;0;0;0;0;0;0;0;0;0
293280;UTINGA;29;29;33;33;36;33;41;36;42;27;13;28;34;385
293290;VALENCA;29;649;687;676;542;649;720;510;596;691;503;563;573;7359
293300;VALENTE;29;46;35;50;86;68;81;64;70;60;43;78;8;689
293305;VARZEA DA ROCA;29;8;22;17;27;15;26;27;26;28;25;16;9;246
293310;VARZEA DO POCO;29;0;0;0;0;22;25;18;45;43;23;42;56;274
293315;VARZEA NOVA;29;93;72;107;86;89;86;91;91;90;85;83;75;1048
293317;VARZEDO;29;0;0;0;0;0;0;0;0;0;0;0;0;0
293320;VERA CRUZ;29;0;0;0;0;0;0;0;0;0;0;0;0;0
293325;VEREDA;29;15;16;14;23;18;19;22;11;13;18;15;14;198
293330;VITORIA DA CONQUISTA;29;3193;2873;3271;3039;3287;3723;3545;3404;4177;3186;3198;3329;40225
293340;WAGNER;29;80;83;107;103;101;94;104;99;91;110;99;103;1174
293345;WANDERLEY;29;137;134;137;138;128;125;125;119;123;144;126;139;1575
293350;WENCESLAU GUIMARAES;29;14;24;37;41;43;40;41;51;48;27;38;35;439
293360;XIQUE-XIQUE;29;201;206;228;219;200;238;241;249;237;194;233;211;2657
310010;ABADIA DOS DOURADOS;31;0;0;0;5;6;17;17;15;9;9;3;12;93
310020;ABAETE;31;111;101;91;96;159;132;137;149;128;127;123;140;1494
310030;ABRE CAMPO;31;117;150;135;164;168;221;213;185;218;213;161;185;2130
310040;ACAIACA;31;0;0;0;0;0;0;0;0;0;0;0;0;0
310050;ACUCENA;31;0;0;0;0;0;0;0;0;0;0;0;0;0
310060;AGUA BOA;31;14;9;8;9;10;15;16;18;24;18;20;13;174
310070;AGUA COMPRIDA;31;0;0;0;0;0;0;0;0;0;0;0;0;0
310080;AGUANIL;31;0;0;0;0;0;0;0;0;0;0;0;0;0
310090;AGUAS FORMOSAS;31;236;183;202;280;195;298;282;274;296;325;178;284;3033
310100;AGUAS VERMELHAS;31;43;58;60;61;39;39;43;47;44;54;58;53;599
310110;AIMORES;31;170;155;189;172;224;216;215;231;207;199;175;220;2373
310120;AIURUOCA;31;201;139;160;121;210;233;215;190;161;175;212;183;2200
310130;ALAGOA;31;7;7;7;9;11;13;17;7;10;8;10;7;113
310140;ALBERTINA;31;0;0;0;0;0;0;0;0;0;0;0;0;0
310150;ALEM PARAIBA;31;170;146;107;167;238;247;232;212;233;240;213;210;2415
310160;ALFENAS;31;1190;1253;1269;1321;1792;1288;1361;1385;1282;1263;1754;1273;16431
310163;ALFREDO VASCONCELOS;31;0;0;0;0;0;0;0;0;0;0;0;0;0
310170;ALMENARA;31;443;402;432;451;526;494;493;488;530;489;490;422;5660
310180;ALPERCATA;31;0;0;0;0;0;0;0;0;0;0;0;0;0
310190;ALPINOPOLIS;31;83;88;97;111;125;93;136;124;118;107;122;126;1330
310200;ALTEROSA;31;57;76;70;77;78;67;83;78;60;65;76;63;850
310205;ALTO CAPARAO;31;0;0;0;0;0;0;0;0;0;0;0;0;0
310210;ALTO RIO DOCE;31;27;20;22;24;29;30;29;29;26;27;24;24;311
310220;ALVARENGA;31;0;0;0;0;0;0;0;0;0;0;0;0;0
310230;ALVINOPOLIS;31;40;57;56;42;56;69;57;43;40;45;57;43;605
310240;ALVORADA DE MINAS;31;0;0;0;0;0;0;0;0;0;0;0;0;0
310250;AMPARO DO SERRA;31;0;0;0;0;0;0;0;0;0;0;0;0;0
310260;ANDRADAS;31;345;310;333;289;304;345;373;254;229;245;191;200;3418
310270;CACHOEIRA DE PAJEU;31;25;30;56;61;40;42;52;39;47;30;36;41;499
310280;ANDRELANDIA;31;33;50;56;41;64;58;75;56;56;49;50;57;645
310285;ANGELANDIA;31;0;0;0;0;0;0;0;0;0;0;0;0;0
310290;ANTONIO CARLOS;31;7;9;8;13;13;15;8;6;9;7;8;9;112
310300;ANTONIO DIAS;31;0;0;0;0;0;0;0;0;0;0;0;0;0
310310;ANTONIO PRADO DE MINAS;31;0;0;0;0;0;0;0;0;0;0;0;0;0
310320;ARACAI;31;0;0;0;0;0;0;0;0;0;0;0;0;0
310330;ARACITABA;31;0;0;0;0;0;0;0;0;0;0;0;0;0
310340;ARACUAI;31;358;364;308;386;416;376;382;364;348;362;353;467;4484
310350;ARAGUARI;31;942;1182;1388;1413;1563;1666;1550;1610;1462;1409;1513;1601;17299
310360;ARANTINA;31;0;0;0;0;0;0;0;0;0;0;0;0;0
310370;ARAPONGA;31;0;0;0;0;0;0;0;0;0;0;0;0;0
310375;ARAPORA;31;51;52;73;63;76;65;73;69;83;61;53;37;756
310380;ARAPUA;31;0;0;0;0;0;0;0;0;0;0;0;0;0
310390;ARAUJOS;31;0;0;0;0;0;0;0;0;0;0;0;0;0
310400;ARAXA;31;498;486;502;516;609;556;596;574;516;541;548;580;6522
310410;ARCEBURGO;31;14;12;10;19;15;13;16;12;16;4;10;13;154
310420;ARCOS;31;58;281;177;205;135;176;184;137;211;192;115;193;2064
310430;AREADO;31;39;47;41;44;50;50;46;48;48;42;31;42;528
310440;ARGIRITA;31;0;0;0;0;0;0;0;0;0;0;0;0;0
310445;ARICANDUVA;31;0;0;0;0;0;0;0;0;0;0;0;0;0
310450;ARINOS;31;47;53;30;40;34;29;36;37;51;49;34;49;489
310460;ASTOLFO DUTRA;31;0;0;0;0;0;0;0;0;0;0;0;0;0
310470;ATALEIA;31;52;74;99;97;95;81;59;81;82;70;81;47;918
310480;AUGUSTO DE LIMA;31;0;0;0;0;0;0;0;0;0;0;0;0;0
310490;BAEPENDI;31;328;304;236;267;342;254;363;318;520;265;342;376;3915
310500;BALDIM;31;0;0;0;0;0;0;0;0;0;0;0;0;0
310510;BAMBUI;31;121;127;119;127;159;148;167;154;144;134;183;169;1752
310520;BANDEIRA;31;0;0;0;0;0;0;0;0;0;0;0;0;0
310530;BANDEIRA DO SUL;31;0;0;0;0;0;0;0;0;0;0;0;0;0
310540;BARAO DE COCAIS;31;66;66;94;67;71;84;80;95;92;72;89;71;947
310550;BARAO DE MONTE ALTO;31;0;0;0;0;0;0;0;0;0;0;0;0;0
310560;BARBACENA;31;1327;1379;1340;1322;1491;1472;1445;1500;1461;1455;1408;1382;16982
310570;BARRA LONGA;31;0;0;0;0;0;0;0;0;0;0;0;0;0
310590;BARROSO;31;179;173;242;202;215;253;282;306;280;290;254;258;2934
310600;BELA VISTA DE MINAS;31;0;0;0;0;0;0;0;0;0;0;0;0;0
310610;BELMIRO BRAGA;31;0;0;0;0;0;0;0;0;0;0;0;0;0
310620;BELO HORIZONTE;31;24398;22304;23311;23481;24896;24278;25574;24628;24597;26715;23106;21717;289005
310630;BELO ORIENTE;31;271;290;296;267;307;396;283;313;271;407;370;274;3745
310640;BELO VALE;31;61;70;70;70;57;77;58;73;58;65;68;80;807
310650;BERILO;31;25;23;14;15;25;36;29;38;44;45;41;23;358
310660;BERTOPOLIS;31;0;0;0;0;0;0;0;0;0;0;0;0;0
310665;BERIZAL;31;0;0;0;0;0;0;0;0;0;0;0;0;0
310670;BETIM;31;1922;1573;2182;2331;1984;1886;2346;2114;1932;2088;2604;1634;24596
310680;BIAS FORTES;31;0;0;0;0;0;0;0;0;0;0;0;0;0
310690;BICAS;31;58;59;72;62;46;53;67;70;62;75;73;63;760
310700;BIQUINHAS;31;0;0;0;0;0;0;0;0;0;0;0;0;0
310710;BOA ESPERANCA;31;224;189;154;111;163;186;164;176;250;144;158;187;2106
310720;BOCAINA DE MINAS;31;0;0;0;0;0;0;0;0;0;0;0;0;0
310730;BOCAIUVA;31;364;358;346;413;372;400;417;449;408;448;479;391;4845
310740;BOM DESPACHO;31;423;437;479;453;575;495;538;530;459;438;663;567;6057
310750;BOM JARDIM DE MINAS;31;35;30;31;30;33;37;33;40;31;36;24;29;389
310760;BOM JESUS DA PENHA;31;0;0;0;0;0;0;0;0;0;0;0;0;0
310770;BOM JESUS DO AMPARO;31;0;0;0;0;0;0;0;0;0;0;0;0;0
310780;BOM JESUS DO GALHO;31;62;43;78;190;165;52;89;144;160;99;361;207;1650
310790;BOM REPOUSO;31;0;0;0;0;0;0;0;0;0;0;0;0;0
310800;BOM SUCESSO;31;74;63;74;62;53;62;62;56;61;53;60;65;745
310810;BONFIM;31;0;0;0;0;0;0;0;0;0;0;0;0;0
310820;BONFINOPOLIS DE MINAS;31;0;0;0;0;0;0;0;0;0;0;0;0;0
310825;BONITO DE MINAS;31;0;0;0;0;0;0;0;0;0;0;0;0;0
310830;BORDA DA MATA;31;0;0;0;0;0;0;0;0;0;0;0;0;0
310840;BOTELHOS;31;49;39;39;28;30;43;49;40;35;37;39;30;458
310850;BOTUMIRIM;31;0;0;0;0;0;0;0;0;0;0;0;0;0
310855;BRASILANDIA DE MINAS;31;0;0;0;0;0;0;0;0;0;0;0;0;0
310860;BRASILIA DE MINAS;31;683;751;627;744;728;599;603;606;702;541;500;556;7640
310870;BRAS PIRES;31;0;0;0;0;0;0;0;0;0;0;0;0;0
310880;BRAUNAS;31;0;0;0;0;0;0;0;0;0;0;0;0;0
310890;BRAZOPOLIS;31;38;24;26;31;28;16;16;26;27;25;17;22;296
310900;BRUMADINHO;31;161;210;334;319;382;414;414;427;395;321;357;231;3965
310910;BUENO BRANDAO;31;48;43;21;43;50;44;40;32;30;35;37;43;466
310920;BUENOPOLIS;31;0;0;0;0;0;0;0;0;0;0;0;0;0
310925;BUGRE;31;0;0;0;0;0;0;0;0;0;0;0;0;0
310930;BURITIS;31;107;95;83;100;90;93;72;74;83;69;65;12;943
310940;BURITIZEIRO;31;18;23;26;26;29;29;32;42;35;36;31;35;362
310945;CABECEIRA GRANDE;31;0;0;0;0;0;0;0;0;0;0;0;0;0
310950;CABO VERDE;31;76;58;73;69;79;88;82;70;76;74;67;67;879
310960;CACHOEIRA DA PRATA;31;0;0;0;0;0;0;0;0;0;0;0;0;0
310970;CACHOEIRA DE MINAS;31;0;0;0;0;0;0;0;0;0;0;0;0;0
310980;CACHOEIRA DOURADA;31;0;0;0;0;0;0;0;0;0;0;0;0;0
310990;CAETANOPOLIS;31;79;87;65;74;79;73;64;69;77;67;57;61;852
311000;CAETE;31;221;190;147;176;166;180;160;253;212;175;136;161;2177
311010;CAIANA;31;0;0;0;0;0;0;0;0;0;0;0;0;0
311020;CAJURI;31;0;0;0;0;0;0;0;0;0;0;0;0;0
311030;CALDAS;31;33;33;34;25;36;20;22;61;54;44;38;28;428
311040;CAMACHO;31;0;0;0;0;0;0;0;0;0;0;0;0;0
311050;CAMANDUCAIA;31;106;89;97;100;96;117;140;112;128;123;106;117;1331
311060;CAMBUI;31;175;191;162;198;220;232;218;196;192;193;202;221;2400
311070;CAMBUQUIRA;31;65;51;53;72;66;70;78;74;56;75;0;0;660
311080;CAMPANARIO;31;0;0;0;0;0;0;0;0;0;0;0;0;0
311090;CAMPANHA;31;22;23;21;14;21;24;28;16;25;19;10;27;250
311100;CAMPESTRE;31;75;82;108;112;103;98;73;87;61;72;80;83;1034
311110;CAMPINA VERDE;31;70;61;44;66;51;52;70;35;33;41;33;31;587
311115;CAMPO AZUL;31;0;0;0;0;0;0;0;0;0;0;0;0;0
311120;CAMPO BELO;31;601;567;543;578;615;634;622;624;633;611;584;619;7231
311130;CAMPO DO MEIO;31;20;26;15;25;28;32;36;29;27;36;28;31;333
311140;CAMPO FLORIDO;31;0;0;0;0;0;0;0;0;0;0;0;0;0
311150;CAMPOS ALTOS;31;56;64;62;54;59;62;65;56;61;57;60;56;712
311160;CAMPOS GERAIS;31;134;126;124;119;104;106;120;123;120;151;132;101;1460
311170;CANAA;31;0;0;0;0;0;0;0;0;0;0;0;0;0
311180;CANAPOLIS;31;28;44;58;54;66;44;49;68;66;39;70;23;609
311190;CANA VERDE;31;0;0;0;0;0;0;0;0;0;0;0;0;0
311200;CANDEIAS;31;48;58;47;38;41;47;60;58;42;60;54;51;604
311205;CANTAGALO;31;0;0;0;0;0;0;0;0;0;0;0;0;0
311210;CAPARAO;31;0;0;0;0;0;0;0;0;0;0;0;0;0
311220;CAPELA NOVA;31;0;0;0;0;0;0;0;0;0;0;0;0;0
311230;CAPELINHA;31;277;278;306;360;361;401;424;377;382;415;370;367;4318
311240;CAPETINGA;31;0;0;0;0;0;0;0;0;0;0;0;0;0
311250;CAPIM BRANCO;31;0;0;0;0;0;0;0;0;0;0;0;0;0
311260;CAPINOPOLIS;31;44;48;67;63;66;38;64;44;50;68;49;34;635
311265;CAPITAO ANDRADE;31;0;0;0;0;0;0;0;0;0;0;0;0;0
311270;CAPITAO ENEAS;31;0;0;0;0;0;0;0;0;0;0;0;0;0
311280;CAPITOLIO;31;39;36;34;25;10;28;23;15;22;14;29;16;291
311290;CAPUTIRA;31;0;0;0;0;0;0;0;0;0;0;0;0;0
311300;CARAI;31;55;49;72;114;123;101;140;99;143;123;88;90;1197
311310;CARANAIBA;31;0;0;0;0;0;0;0;0;0;0;0;0;0
311320;CARANDAI;31;114;97;96;98;92;94;86;97;101;126;110;113;1224
311330;CARANGOLA;31;598;653;681;683;703;685;719;701;728;692;688;672;8203
311340;CARATINGA;31;882;1003;999;975;1079;943;993;1012;895;859;866;688;11194
311350;CARBONITA;31;41;60;53;50;56;54;55;52;45;53;52;55;626
311360;CAREACU;31;6;7;7;0;0;0;0;0;0;5;2;12;39
311370;CARLOS CHAGAS;31;104;93;77;89;107;108;139;142;142;153;107;151;1412
311380;CARMESIA;31;0;0;0;0;0;0;0;0;0;0;0;0;0
311390;CARMO DA CACHOEIRA;31;37;39;36;22;30;30;28;35;35;36;40;30;398
311400;CARMO DA MATA;31;8;10;23;22;34;21;13;11;9;9;10;2;172
311410;CARMO DE MINAS;31;47;49;65;53;47;52;51;48;56;46;42;45;601
311420;CARMO DO CAJURU;31;0;0;0;0;0;0;0;0;0;0;0;0;0
311430;CARMO DO PARANAIBA;31;84;72;100;95;125;124;128;116;102;105;92;104;1247
311440;CARMO DO RIO CLARO;31;115;116;111;112;116;114;115;105;101;112;93;104;1314
311450;CARMOPOLIS DE MINAS;31;52;59;45;72;71;60;62;60;61;46;49;67;704
311455;CARNEIRINHO;31;0;0;0;0;0;0;0;0;0;0;0;0;0
311460;CARRANCAS;31;18;14;0;14;18;13;15;10;7;11;10;11;141
311470;CARVALHOPOLIS;31;0;0;0;0;0;0;0;0;0;0;0;0;0
311480;CARVALHOS;31;0;0;0;0;0;0;0;0;0;0;0;0;0
311490;CASA GRANDE;31;0;0;0;0;0;0;0;0;0;0;0;0;0
311500;CASCALHO RICO;31;0;0;0;0;0;0;0;0;0;0;0;0;0
311510;CASSIA;31;325;292;314;364;378;336;340;356;350;400;360;304;4119
311520;CONCEICAO DA BARRA DE MINAS;31;0;0;0;0;0;0;0;0;0;0;0;0;0
311530;CATAGUASES;31;411;382;378;420;445;419;438;348;337;190;303;312;4383
311535;CATAS ALTAS;31;0;0;0;0;0;0;0;0;0;0;0;0;0
311540;CATAS ALTAS DA NORUEGA;31;0;0;0;0;0;0;0;0;0;0;0;0;0
311545;CATUJI;31;0;0;0;0;0;0;0;0;0;0;0;0;0
311547;CATUTI;31;0;0;0;0;0;0;0;0;0;0;0;0;0
311550;CAXAMBU;31;98;118;124;114;108;155;155;157;153;124;46;155;1507
311560;CEDRO DO ABAETE;31;0;0;0;0;0;0;0;0;0;0;0;0;0
311570;CENTRAL DE MINAS;31;11;15;6;14;17;10;8;8;15;5;8;5;122
311580;CENTRALINA;31;40;28;54;27;32;45;41;48;38;39;39;26;457
311590;CHACARA;31;0;0;0;0;0;0;0;0;0;0;0;0;0
311600;CHALE;31;0;0;0;0;0;0;0;0;0;0;0;0;0
311610;CHAPADA DO NORTE;31;0;0;0;0;0;0;0;0;0;0;0;0;0
311615;CHAPADA GAUCHA;31;13;7;17;28;16;36;9;20;14;14;6;1;181
311620;CHIADOR;31;0;0;0;0;0;0;0;0;0;0;0;0;0
311630;CIPOTANEA;31;5;12;2;10;9;7;10;15;14;9;11;5;109
311640;CLARAVAL;31;0;0;0;0;0;0;0;0;0;0;0;0;0
311650;CLARO DOS POCOES;31;0;0;0;0;0;0;0;0;0;0;0;0;0
311660;CLAUDIO;31;281;275;241;248;272;300;353;327;350;317;368;368;3700
311670;COIMBRA;31;0;0;0;0;0;0;0;0;0;0;0;0;0
311680;COLUNA;31;46;48;41;56;60;76;61;60;49;57;40;32;626
311690;COMENDADOR GOMES;31;0;0;0;0;0;0;0;0;0;0;0;0;0
311700;COMERCINHO;31;0;0;0;0;0;0;0;0;0;0;0;0;0
311710;CONCEICAO DA APARECIDA;31;38;48;49;53;57;54;47;43;46;47;41;39;562
311720;CONCEICAO DAS PEDRAS;31;0;0;0;0;0;0;0;0;0;0;0;0;0
311730;CONCEICAO DAS ALAGOAS;31;207;172;188;131;242;216;155;207;187;162;140;109;2116
311740;CONCEICAO DE IPANEMA;31;0;0;0;0;0;0;0;0;0;0;0;0;0
311750;CONCEICAO DO MATO DENTRO;31;168;129;136;157;165;138;162;123;128;199;171;119;1795
311760;CONCEICAO DO PARA;31;0;0;0;0;0;0;0;0;0;0;0;0;0
311770;CONCEICAO DO RIO VERDE;31;29;48;60;71;81;67;70;81;60;81;57;87;792
311780;CONCEICAO DOS OUROS;31;0;0;0;0;0;0;0;0;0;0;0;0;0
311783;CONEGO MARINHO;31;0;0;0;0;0;0;0;0;0;0;0;0;0
311787;CONFINS;31;0;0;0;0;0;0;0;0;0;0;0;0;0
311790;CONGONHAL;31;0;0;0;0;0;0;0;0;0;0;0;0;0
311800;CONGONHAS;31;335;250;328;327;251;593;263;395;323;321;407;231;4024
311810;CONGONHAS DO NORTE;31;0;0;0;0;0;0;0;0;0;0;0;0;0
311820;CONQUISTA;31;10;12;0;0;0;0;0;0;0;0;0;0;22
311830;CONSELHEIRO LAFAIETE;31;698;545;570;574;662;636;761;544;579;637;577;521;7304
311840;CONSELHEIRO PENA;31;150;161;111;157;219;195;206;166;193;194;171;183;2106
311850;CONSOLACAO;31;0;0;0;0;0;0;0;0;0;0;0;0;0
311860;CONTAGEM;31;1885;1892;1890;1889;1981;1921;1946;2218;1757;1711;2093;1989;23172
311870;COQUEIRAL;31;0;0;0;0;0;0;0;0;0;0;0;0;0
311880;CORACAO DE JESUS;31;279;169;229;200;224;237;245;215;227;233;233;221;2712
311890;CORDISBURGO;31;0;0;0;0;0;0;0;0;0;0;0;0;0
311900;CORDISLANDIA;31;0;0;0;0;0;0;0;0;0;0;0;0;0
311910;CORINTO;31;0;0;0;0;0;0;0;0;0;0;0;0;0
311920;COROACI;31;0;0;0;0;0;0;0;0;0;0;0;0;0
311930;COROMANDEL;31;152;105;138;156;153;157;196;147;164;140;137;117;1762
311940;CORONEL FABRICIANO;31;408;365;369;357;368;411;393;399;419;416;351;399;4655
311950;CORONEL MURTA;31;0;0;0;0;0;0;0;0;0;0;0;0;0
311960;CORONEL PACHECO;31;0;0;0;0;0;0;0;0;0;0;0;0;0
311970;CORONEL XAVIER CHAVES;31;0;0;0;0;0;0;0;0;0;0;0;0;0
311980;CORREGO DANTA;31;0;0;0;0;0;0;0;0;0;0;0;0;0
311990;CORREGO DO BOM JESUS;31;0;0;0;0;0;0;0;0;0;0;0;0;0
311995;CORREGO FUNDO;31;0;0;0;0;0;0;0;0;0;0;0;0;0
312000;CORREGO NOVO;31;0;0;0;0;0;0;0;0;0;0;0;0;0
312010;COUTO DE MAGALHAES DE MINAS;31;0;0;0;0;0;0;0;0;0;0;0;0;0
312015;CRISOLITA;31;0;0;0;0;0;0;0;0;0;0;0;0;0
312020;CRISTAIS;31;18;26;37;33;27;48;32;28;41;36;43;30;399
312030;CRISTALIA;31;0;0;0;0;0;0;0;0;0;0;0;0;0
312040;CRISTIANO OTONI;31;0;0;0;0;0;0;0;0;0;0;0;0;0
312050;CRISTINA;31;47;42;55;54;59;65;68;55;61;65;51;64;686
312060;CRUCILANDIA;31;0;0;0;0;0;0;0;0;0;0;0;0;0
312070;CRUZEIRO DA FORTALEZA;31;0;0;0;0;0;0;0;0;0;0;0;0;0
312080;CRUZILIA;31;139;170;180;151;200;185;189;189;190;178;201;180;2152
312083;CUPARAQUE;31;0;0;0;0;0;0;0;0;0;0;0;0;0
312087;CURRAL DE DENTRO;31;0;0;0;0;0;0;0;0;0;0;0;0;0
312090;CURVELO;31;821;785;777;798;867;816;814;840;805;801;698;829;9651
312100;DATAS;31;0;0;0;0;0;0;0;0;0;0;0;0;0
312110;DELFIM MOREIRA;31;0;0;0;0;0;0;0;0;0;0;0;0;0
312120;DELFINOPOLIS;31;6;8;11;18;13;16;19;24;16;13;11;19;174
312125;DELTA;31;0;0;0;0;0;0;0;0;0;0;0;0;0
312130;DESCOBERTO;31;0;0;0;0;0;0;0;0;0;0;0;0;0
312140;DESTERRO DE ENTRE RIOS;31;0;0;0;0;0;0;0;0;0;0;0;0;0
312150;DESTERRO DO MELO;31;0;0;0;0;0;0;0;0;0;0;0;0;0
312160;DIAMANTINA;31;845;847;916;896;875;941;971;947;1121;1095;653;1001;11108
312170;DIOGO DE VASCONCELOS;31;0;0;0;0;0;0;0;0;0;0;0;0;0
312180;DIONISIO;31;0;0;0;0;0;0;0;0;0;0;0;0;0
312190;DIVINESIA;31;0;0;0;0;0;0;0;0;0;0;0;0;0
312200;DIVINO;31;111;133;148;149;136;95;117;110;113;109;103;94;1418
312210;DIVINO DAS LARANJEIRAS;31;9;9;12;9;12;15;14;11;6;8;7;3;115
312220;DIVINOLANDIA DE MINAS;31;0;0;0;0;0;0;0;0;0;0;0;0;0
312230;DIVINOPOLIS;31;1555;1149;1615;1306;1496;1396;1425;1531;1627;1445;1460;1454;17459
312235;DIVISA ALEGRE;31;0;0;0;0;0;0;0;0;0;0;0;0;0
312240;DIVISA NOVA;31;0;0;0;0;0;0;0;0;0;0;0;0;0
312245;DIVISOPOLIS;31;0;0;0;0;0;0;0;0;0;0;0;0;0
312247;DOM BOSCO;31;0;0;0;0;0;0;0;0;0;0;0;0;0
312250;DOM CAVATI;31;0;0;0;0;0;0;0;0;0;0;0;0;0
312260;DOM JOAQUIM;31;15;15;16;17;24;16;18;27;18;18;13;15;212
312270;DOM SILVERIO;31;30;31;30;33;34;54;27;35;23;31;20;12;360
312280;DOM VICOSO;31;0;0;0;0;0;0;0;0;0;0;0;0;0
312290;DONA EUSEBIA;31;0;0;0;0;0;0;0;0;0;0;0;0;0
312300;DORES DE CAMPOS;31;0;0;0;0;0;0;0;0;0;0;0;0;0
312310;DORES DE GUANHAES;31;0;0;0;0;0;0;0;0;0;0;0;0;0
312320;DORES DO INDAIA;31;142;139;129;102;85;90;103;85;105;101;88;130;1299
312330;DORES DO TURVO;31;0;0;0;0;0;0;0;0;0;0;0;0;0
312340;DORESOPOLIS;31;0;0;0;0;0;0;0;0;0;0;0;0;0
312350;DOURADOQUARA;31;0;0;0;0;0;0;0;0;0;0;0;0;0
312352;DURANDE;31;0;0;0;0;0;0;0;0;0;0;0;0;0
312360;ELOI MENDES;31;160;155;141;162;196;198;196;187;190;206;163;187;2141
312370;ENGENHEIRO CALDAS;31;0;0;0;0;0;0;0;0;0;0;0;0;0
312380;ENGENHEIRO NAVARRO;31;0;0;0;0;0;0;0;0;0;0;0;0;0
312385;ENTRE FOLHAS;31;0;0;0;0;0;0;0;0;0;0;0;0;0
312390;ENTRE RIOS DE MINAS;31;80;129;110;113;123;129;123;132;89;104;92;76;1300
312400;ERVALIA;31;52;63;69;65;56;59;62;64;61;62;60;69;742
312410;ESMERALDAS;31;226;253;247;326;309;291;285;284;256;300;271;246;3294
312420;ESPERA FELIZ;31;85;97;96;108;92;84;75;59;173;243;294;317;1723
312430;ESPINOSA;31;112;135;133;99;149;133;142;151;151;154;132;110;1601
312440;ESPIRITO SANTO DO DOURADO;31;0;0;0;0;0;0;0;0;0;0;0;0;0
312450;ESTIVA;31;19;15;20;18;20;19;19;0;0;0;0;0;130
312460;ESTRELA DALVA;31;0;0;0;0;0;0;0;0;0;0;0;0;0
312470;ESTRELA DO INDAIA;31;15;12;4;13;14;16;23;23;10;17;20;17;184
312480;ESTRELA DO SUL;31;0;0;0;0;0;0;0;0;0;0;0;0;0
312490;EUGENOPOLIS;31;37;63;47;62;41;41;46;38;39;48;40;44;546
312500;EWBANK DA CAMARA;31;0;0;0;0;0;0;0;0;0;0;0;0;0
312510;EXTREMA;31;193;150;167;160;158;167;185;222;199;221;210;223;2255
312520;FAMA;31;0;0;0;0;0;0;0;0;0;0;0;0;0
312530;FARIA LEMOS;31;0;0;0;0;0;0;0;0;0;0;0;0;0
312540;FELICIO DOS SANTOS;31;0;0;0;0;0;0;0;0;0;0;0;0;0
312550;SAO GONCALO DO RIO PRETO;31;0;0;0;0;0;0;0;0;0;0;0;0;0
312560;FELISBURGO;31;65;63;88;76;87;87;119;92;77;88;96;63;1001
312570;FELIXLANDIA;31;0;0;0;0;0;0;0;0;0;0;0;0;0
312580;FERNANDES TOURINHO;31;0;0;0;0;0;0;0;0;0;0;0;0;0
312590;FERROS;31;33;36;35;39;39;34;32;37;39;40;33;34;431
312595;FERVEDOURO;31;10;21;16;9;16;15;12;16;18;19;26;8;186
312600;FLORESTAL;31;0;0;0;0;0;0;0;0;0;0;0;0;0
312610;FORMIGA;31;445;429;460;503;477;435;458;461;427;482;421;459;5457
312620;FORMOSO;31;0;0;0;0;0;0;0;0;0;0;0;0;0
312630;FORTALEZA DE MINAS;31;0;0;0;0;0;0;0;0;0;0;0;0;0
312640;FORTUNA DE MINAS;31;0;0;0;0;0;0;0;0;0;0;0;0;0
312650;FRANCISCO BADARO;31;0;0;0;0;0;0;0;0;0;0;0;0;0
312660;FRANCISCO DUMONT;31;0;0;0;0;0;0;0;0;0;0;0;0;0
312670;FRANCISCO SA;31;98;103;123;222;230;200;261;266;220;236;155;163;2277
312675;FRANCISCOPOLIS;31;0;0;0;0;0;0;0;0;0;0;0;0;0
312680;FREI GASPAR;31;0;0;0;0;0;0;0;0;0;0;0;0;0
312690;FREI INOCENCIO;31;0;0;0;0;0;0;0;0;0;0;0;0;0
312695;FREI LAGONEGRO;31;0;0;0;0;0;0;0;0;0;0;0;0;0
312700;FRONTEIRA;31;0;0;0;0;0;0;0;0;0;0;0;0;0
312705;FRONTEIRA DOS VALES;31;0;0;0;0;0;0;0;0;0;0;0;0;0
312707;FRUTA DE LEITE;31;0;0;0;0;0;0;0;0;0;0;0;0;0
312710;FRUTAL;31;229;223;213;167;245;234;229;259;271;255;208;252;2785
312720;FUNILANDIA;31;0;0;0;0;0;0;0;0;0;0;0;0;0
312730;GALILEIA;31;0;0;0;0;0;0;0;0;0;0;0;0;0
312733;GAMELEIRAS;31;0;0;0;0;0;0;0;0;0;0;0;0;0
312735;GLAUCILANDIA;31;0;0;0;0;0;0;0;0;0;0;0;0;0
312737;GOIABEIRA;31;0;0;0;0;0;0;0;0;0;0;0;0;0
312738;GOIANA;31;0;0;0;0;0;0;0;0;0;0;0;0;0
312740;GONCALVES;31;0;0;0;0;0;0;0;0;0;0;0;0;0
312750;GONZAGA;31;0;0;0;0;0;0;0;0;0;0;0;0;0
312760;GOUVEIA;31;81;74;84;90;86;127;101;100;88;102;95;100;1128
312770;GOVERNADOR VALADARES;31;2191;2065;2084;2682;3095;2677;2267;2264;2018;2142;1960;1908;27353
312780;GRAO MOGOL;31;108;100;100;118;111;83;91;104;96;97;96;153;1257
312790;GRUPIARA;31;0;0;0;0;0;0;0;0;0;0;0;0;0
312800;GUANHAES;31;411;405;517;447;490;461;510;417;432;469;410;502;5471
312810;GUAPE;31;32;30;33;37;28;24;35;28;21;20;31;36;355
312820;GUARACIABA;31;0;0;0;0;0;0;0;0;0;0;0;0;0
312825;GUARACIAMA;31;0;0;0;0;0;0;0;0;0;0;0;0;0
312830;GUARANESIA;31;53;66;67;99;94;84;82;81;79;79;77;63;924
312840;GUARANI;31;0;0;0;0;0;0;0;0;0;0;0;0;0
312850;GUARARA;31;0;0;0;0;0;0;0;0;0;0;0;0;0
312860;GUARDA-MOR;31;21;29;26;36;35;17;39;26;15;28;25;21;318
312870;GUAXUPE;31;434;354;343;349;380;314;398;356;332;310;350;349;4269
312880;GUIDOVAL;31;0;0;0;0;0;0;0;0;0;0;0;0;0
312890;GUIMARANIA;31;0;0;0;0;0;0;0;0;0;0;0;0;0
312900;GUIRICEMA;31;0;0;0;0;0;0;0;0;0;0;0;0;0
312910;GURINHATA;31;2;7;9;9;20;19;11;21;23;20;14;23;178
312920;HELIODORA;31;0;0;0;0;0;0;0;0;0;0;0;0;0
312930;IAPU;31;0;0;0;0;0;0;0;0;0;0;0;0;0
312940;IBERTIOGA;31;28;23;25;26;24;27;19;21;24;18;20;24;279
312950;IBIA;31;51;65;63;57;75;88;147;74;119;116;105;103;1063
312960;IBIAI;31;0;0;0;0;0;0;0;0;0;0;0;0;0
312965;IBIRACATU;31;0;0;0;0;0;0;0;0;0;0;0;0;0
312970;IBIRACI;31;0;0;0;0;0;0;0;0;0;0;0;0;0
312980;IBIRITE;31;433;309;363;301;366;378;334;363;410;389;332;371;4349
312990;IBITIURA DE MINAS;31;0;0;0;0;0;0;0;0;0;0;0;0;0
313000;IBITURUNA;31;0;0;0;0;0;0;0;0;0;0;0;0;0
313005;ICARAI DE MINAS;31;0;0;0;0;0;0;0;0;0;0;0;0;0
313010;IGARAPE;31;397;297;262;274;338;379;462;405;430;427;366;188;4225
313020;IGARATINGA;31;0;0;0;0;0;0;0;0;0;0;0;0;0
313030;IGUATAMA;31;52;47;44;44;46;54;49;47;58;55;35;38;569
313040;IJACI;31;0;0;0;0;0;0;0;0;0;0;0;0;0
313050;ILICINEA;31;65;98;99;72;106;93;102;30;184;120;50;58;1077
313055;IMBE DE MINAS;31;0;0;0;0;0;0;0;0;0;0;0;0;0
313060;INCONFIDENTES;31;0;0;0;0;0;0;0;0;0;0;0;0;0
313065;INDAIABIRA;31;0;0;0;0;0;0;0;0;0;0;0;0;0
313070;INDIANOPOLIS;31;0;0;0;0;0;0;0;0;0;0;0;0;0
313080;INGAI;31;0;0;0;0;0;0;0;0;0;0;0;0;0
313090;INHAPIM;31;95;37;1;108;110;12;111;109;80;90;120;104;977
313100;INHAUMA;31;0;0;0;0;0;0;0;0;0;0;0;0;0
313110;INIMUTABA;31;0;0;0;0;0;0;0;0;0;0;0;0;0
313115;IPABA;31;0;0;0;0;0;0;0;0;0;0;0;0;0
313120;IPANEMA;31;146;133;122;195;156;208;198;220;164;165;162;137;2006
313130;IPATINGA;31;2234;2114;2273;2272;2229;2105;2149;2059;1982;2230;2122;2325;26094
313140;IPIACU;31;0;0;0;0;0;0;0;0;0;0;0;0;0
313150;IPUIUNA;31;0;0;0;0;0;0;0;0;0;0;0;0;0
313160;IRAI DE MINAS;31;0;0;0;0;0;0;0;0;0;0;0;0;0
313170;ITABIRA;31;849;789;869;811;1009;833;891;768;893;868;733;784;10097
313180;ITABIRINHA;31;102;132;175;171;148;158;133;175;180;155;154;150;1833
313190;ITABIRITO;31;158;137;259;238;266;218;233;207;129;144;150;98;2237
313200;ITACAMBIRA;31;0;0;0;0;0;0;0;0;0;0;0;0;0
313210;ITACARAMBI;31;39;21;18;18;35;51;52;48;41;40;17;39;419
313220;ITAGUARA;31;82;107;101;98;111;87;76;103;89;93;110;91;1148
313230;ITAIPE;31;26;9;53;21;41;29;36;61;30;19;16;35;376
313240;ITAJUBA;31;1144;935;1080;1064;1177;1112;1329;1012;1426;1400;1118;1088;13885
313250;ITAMARANDIBA;31;299;311;373;307;407;327;330;355;288;321;294;303;3915
313260;ITAMARATI DE MINAS;31;0;0;0;0;0;0;0;0;0;0;0;0;0
313270;ITAMBACURI;31;446;350;404;398;339;519;466;388;388;359;454;383;4894
313280;ITAMBE DO MATO DENTRO;31;0;0;0;0;0;0;0;0;0;0;0;0;0
313290;ITAMOGI;31;1;0;4;0;10;6;0;3;2;0;0;0;26
313300;ITAMONTE;31;64;76;70;104;105;139;145;133;141;228;126;115;1446
313310;ITANHANDU;31;262;197;215;256;200;409;298;374;352;330;263;224;3380
313320;ITANHOMI;31;101;82;111;148;162;133;175;196;208;162;143;151;1772
313330;ITAOBIM;31;273;249;294;272;328;291;348;318;297;263;265;266;3464
313340;ITAPAGIPE;31;0;0;0;0;0;0;0;0;0;0;0;0;0
313350;ITAPECERICA;31;87;94;102;115;121;104;126;105;173;106;89;165;1387
313360;ITAPEVA;31;0;0;0;0;0;0;0;0;0;0;0;0;0
313370;ITATIAIUCU;31;0;0;0;0;0;0;0;0;0;0;0;0;0
313375;ITAU DE MINAS;31;16;6;13;14;12;21;18;18;11;6;17;11;163
313380;ITAUNA;31;636;719;539;434;494;608;766;709;602;662;497;530;7196
313390;ITAVERAVA;31;0;0;0;0;0;0;0;0;0;0;0;0;0
313400;ITINGA;31;0;0;0;0;0;0;0;0;0;0;0;0;0
313410;ITUETA;31;0;0;0;0;0;0;0;0;0;0;0;0;0
313420;ITUIUTABA;31;513;483;461;506;580;490;550;529;503;576;461;510;6162
313430;ITUMIRIM;31;0;0;0;0;0;0;0;0;0;0;0;0;0
313440;ITURAMA;31;112;120;112;151;153;162;147;121;152;122;106;119;1577
313450;ITUTINGA;31;0;0;0;0;0;0;0;0;0;0;0;0;0
313460;JABOTICATUBAS;31;24;22;24;24;33;31;31;70;0;78;43;18;398
313470;JACINTO;31;78;108;137;126;126;178;60;145;152;119;119;104;1452
313480;JACUI;31;0;0;0;0;0;0;0;0;0;0;0;0;0
313490;JACUTINGA;31;104;86;87;117;111;133;132;112;90;157;94;111;1334
313500;JAGUARACU;31;0;0;0;0;0;0;0;0;0;0;0;0;0
313505;JAIBA;31;71;62;77;99;110;95;88;73;77;71;85;91;999
313507;JAMPRUCA;31;0;0;0;0;0;0;0;0;0;0;0;0;0
313510;JANAUBA;31;709;1151;967;1000;1108;1128;944;859;899;884;949;776;11374
313520;JANUARIA;31;335;363;479;430;243;350;430;470;413;415;461;400;4789
313530;JAPARAIBA;31;0;0;0;0;0;0;0;0;0;0;0;0;0
313535;JAPONVAR;31;0;0;0;0;0;0;0;0;0;0;0;0;0
313540;JECEABA;31;8;7;10;7;10;21;10;16;14;7;5;11;126
313545;JENIPAPO DE MINAS;31;0;0;0;0;0;0;0;0;0;0;0;0;0
313550;JEQUERI;31;0;0;0;0;0;0;0;0;0;0;0;0;0
313560;JEQUITAI;31;0;0;0;0;0;0;0;0;0;0;0;0;0
313570;JEQUITIBA;31;0;0;0;0;0;0;0;0;0;0;0;0;0
313580;JEQUITINHONHA;31;69;66;95;85;146;148;178;119;133;151;130;108;1428
313590;JESUANIA;31;0;0;0;0;0;0;0;0;0;0;0;0;0
313600;JOAIMA;31;51;52;61;55;42;52;51;44;45;41;44;42;580
313610;JOANESIA;31;0;0;0;0;0;0;0;0;0;0;0;0;0
313620;JOAO MONLEVADE;31;534;604;599;580;651;593;677;330;773;681;562;510;7094
313630;JOAO PINHEIRO;31;182;201;240;233;278;240;233;244;224;244;259;233;2811
313640;JOAQUIM FELICIO;31;0;0;0;0;0;0;0;0;0;0;0;0;0
313650;JORDANIA;31;26;14;11;22;20;26;18;13;15;22;20;13;220
313652;JOSE GONCALVES DE MINAS;31;0;0;0;0;0;0;0;0;0;0;0;0;0
313655;JOSE RAYDAN;31;0;0;0;0;0;0;0;0;0;0;0;0;0
313657;JOSENOPOLIS;31;0;0;0;0;0;0;0;0;0;0;0;0;0
313660;NOVA UNIAO;31;0;0;0;0;0;0;0;0;0;0;0;0;0
313665;JUATUBA;31;0;0;0;0;0;0;0;0;0;0;0;0;0
313670;JUIZ DE FORA;31;4495;3926;4122;4084;4386;4888;5244;5346;4848;4843;4464;4732;55378
313680;JURAMENTO;31;0;0;0;0;0;0;0;0;0;0;0;0;0
313690;JURUAIA;31;25;41;44;49;46;39;46;40;48;41;49;35;503
313695;JUVENILIA;31;0;0;0;0;0;0;0;0;0;0;0;0;0
313700;LADAINHA;31;42;40;48;44;50;48;58;53;53;39;41;40;556
313710;LAGAMAR;31;0;0;9;7;9;0;0;0;0;3;9;12;49
313720;LAGOA DA PRATA;31;381;379;432;445;478;455;475;481;510;495;434;426;5391
313730;LAGOA DOS PATOS;31;0;0;0;0;0;0;0;0;0;0;0;0;0
313740;LAGOA DOURADA;31;0;0;0;0;0;0;0;0;0;0;0;0;0
313750;LAGOA FORMOSA;31;36;46;68;69;47;55;50;66;61;61;65;60;684
313753;LAGOA GRANDE;31;0;0;0;0;0;0;0;0;0;0;0;0;0
313760;LAGOA SANTA;31;302;264;251;335;377;345;349;429;366;410;433;441;4302
313770;LAJINHA;31;25;24;32;47;46;49;32;43;39;23;22;28;410
313780;LAMBARI;31;38;41;31;33;53;99;79;87;96;94;74;105;830
313790;LAMIM;31;0;0;0;0;0;0;0;0;0;0;0;0;0
313800;LARANJAL;31;0;0;0;0;0;0;0;0;0;0;0;0;0
313810;LASSANCE;31;0;0;0;0;0;0;0;0;0;0;0;0;0
313820;LAVRAS;31;628;702;686;671;728;647;770;711;733;681;686;643;8286
313830;LEANDRO FERREIRA;31;0;0;0;0;0;0;0;0;0;0;0;0;0
313835;LEME DO PRADO;31;0;0;0;0;0;0;0;0;0;0;0;0;0
313840;LEOPOLDINA;31;289;245;267;264;245;344;353;334;232;303;224;248;3348
313850;LIBERDADE;31;0;0;0;0;0;0;0;0;0;0;0;0;0
313860;LIMA DUARTE;31;80;60;102;84;79;54;102;82;81;93;72;43;932
313862;LIMEIRA DO OESTE;31;0;0;0;0;0;0;0;0;0;0;0;0;0
313865;LONTRA;31;0;0;0;0;0;0;0;0;0;0;0;0;0
313867;LUISBURGO;31;0;0;0;0;0;0;0;0;0;0;0;0;0
313868;LUISLANDIA;31;0;0;0;0;0;0;0;0;0;0;0;0;0
313870;LUMINARIAS;31;0;0;0;0;0;0;0;0;0;0;0;0;0
313880;LUZ;31;216;312;290;258;384;391;311;356;341;328;377;307;3871
313890;MACHACALIS;31;31;66;67;80;89;89;87;108;83;96;97;129;1022
313900;MACHADO;31;241;211;331;356;433;335;369;377;375;386;355;352;4121
313910;MADRE DE DEUS DE MINAS;31;0;0;0;0;0;0;0;0;0;0;0;0;0
313920;MALACACHETA;31;252;226;308;313;305;371;305;295;290;282;297;247;3491
313925;MAMONAS;31;0;0;0;0;0;0;0;0;0;0;0;0;0
313930;MANGA;31;258;240;274;277;266;304;332;291;297;268;261;234;3302
313940;MANHUACU;31;1083;995;1008;994;1033;1035;1015;1143;1006;897;784;926;11919
313950;MANHUMIRIM;31;255;221;243;260;285;284;241;221;255;267;217;236;2985
313960;MANTENA;31;198;237;260;192;277;267;249;211;264;262;257;194;2868
313970;MARAVILHAS;31;0;0;0;0;0;0;0;0;0;0;0;0;0
313980;MAR DE ESPANHA;31;42;51;60;41;67;43;41;40;34;44;27;34;524
313990;MARIA DA FE;31;0;35;17;19;34;24;19;21;15;15;12;13;224
314000;MARIANA;31;186;175;209;229;236;209;258;242;210;205;196;208;2563
314010;MARILAC;31;0;0;0;0;0;0;0;0;0;0;0;0;0
314015;MARIO CAMPOS;31;0;0;0;0;0;0;0;0;0;0;0;0;0
314020;MARIPA DE MINAS;31;0;0;0;0;0;0;0;0;0;0;0;0;0
314030;MARLIERIA;31;0;0;0;0;0;0;0;0;0;0;0;0;0
314040;MARMELOPOLIS;31;0;0;0;0;0;0;0;0;0;0;0;0;0
314050;MARTINHO CAMPOS;31;17;20;18;18;17;17;23;19;14;18;19;16;216
314053;MARTINS SOARES;31;0;0;0;0;0;0;0;0;0;0;0;0;0
314055;MATA VERDE;31;0;0;0;0;0;0;0;0;0;0;0;0;0
314060;MATERLANDIA;31;0;0;0;0;0;0;0;0;0;0;0;0;0
314070;MATEUS LEME;31;85;48;75;52;85;86;85;66;98;69;68;54;871
314080;MATIAS BARBOSA;31;0;0;0;0;0;0;0;0;0;0;0;0;0
314085;MATIAS CARDOSO;31;0;0;0;0;0;0;0;0;0;0;0;0;0
314090;MATIPO;31;101;98;99;103;128;100;100;115;102;119;96;81;1242
314100;MATO VERDE;31;0;0;0;0;0;0;0;0;0;0;0;0;0
314110;MATOZINHOS;31;74;68;108;88;90;77;79;96;85;93;91;84;1033
314120;MATUTINA;31;10;2;5;9;11;7;0;0;0;0;0;0;44
314130;MEDEIROS;31;0;0;0;0;0;0;0;0;0;0;0;0;0
314140;MEDINA;31;222;186;207;233;210;255;287;264;220;206;202;177;2669
314150;MENDES PIMENTEL;31;8;24;26;21;45;26;36;8;24;33;7;8;266
314160;MERCES;31;41;45;42;40;43;24;41;48;41;31;36;46;478
314170;MESQUITA;31;0;0;0;0;0;0;0;0;0;0;0;0;0
314180;MINAS NOVAS;31;305;282;322;312;313;314;314;310;311;303;289;356;3731
314190;MINDURI;31;4;2;3;1;0;3;1;2;1;3;4;1;25
314200;MIRABELA;31;98;99;83;90;90;115;108;105;97;96;112;99;1192
314210;MIRADOURO;31;0;0;0;0;0;0;0;0;0;0;0;0;0
314220;MIRAI;31;31;29;51;67;63;51;57;35;43;34;65;73;599
314225;MIRAVANIA;31;0;0;0;0;0;0;0;0;0;0;0;0;0
314230;MOEDA;31;0;0;0;0;0;0;0;0;0;0;0;0;0
314240;MOEMA;31;24;21;28;28;26;28;21;29;32;29;33;23;322
314250;MONJOLOS;31;0;0;0;0;0;0;0;0;0;0;0;0;0
314260;MONSENHOR PAULO;31;46;35;31;49;51;42;56;47;37;43;20;40;497
314270;MONTALVANIA;31;124;92;94;106;123;127;118;103;103;83;75;110;1258
314280;MONTE ALEGRE DE MINAS;31;84;72;78;91;86;72;80;86;81;89;74;85;978
314290;MONTE AZUL;31;195;171;193;197;166;208;170;204;207;245;177;208;2341
314300;MONTE BELO;31;24;24;30;34;33;40;37;28;31;41;15;25;362
314310;MONTE CARMELO;31;420;386;388;484;586;461;659;517;423;491;459;395;5669
314315;MONTE FORMOSO;31;0;0;0;0;0;0;0;0;0;0;0;0;0
314320;MONTE SANTO DE MINAS;31;86;118;131;123;143;120;132;134;150;132;126;128;1523
314330;MONTES CLAROS;31;4811;5227;4687;5314;5040;5147;4972;5256;5192;5055;4393;5647;60741
314340;MONTE SIAO;31;0;0;0;0;0;0;0;0;0;0;0;0;0
314345;MONTEZUMA;31;0;0;0;0;0;0;0;0;0;0;0;0;0
314350;MORADA NOVA DE MINAS;31;28;42;45;34;43;53;40;33;40;44;38;33;473
314360;MORRO DA GARCA;31;0;0;0;0;0;0;0;0;0;0;0;0;0
314370;MORRO DO PILAR;31;0;0;0;0;0;0;0;0;0;0;0;0;0
314380;MUNHOZ;31;0;0;0;0;0;0;0;0;0;0;0;0;0
314390;MURIAE;31;1907;1586;1964;1768;2325;1995;2017;2140;2051;2402;2042;1966;24163
314400;MUTUM;31;100;106;111;91;131;113;122;87;90;89;89;109;1238
314410;MUZAMBINHO;31;81;86;90;104;111;110;101;101;98;91;120;99;1192
314420;NACIP RAYDAN;31;0;0;0;0;0;0;0;0;0;0;0;0;0
314430;NANUQUE;31;225;246;258;234;279;224;235;215;276;257;235;211;2895
314435;NAQUE;31;0;0;0;0;0;0;0;0;0;0;0;0;0
314437;NATALANDIA;31;0;0;0;0;0;0;0;0;0;0;0;0;0
314440;NATERCIA;31;0;0;0;0;0;0;0;0;0;0;0;0;0
314450;NAZARENO;31;10;13;9;2;11;12;17;13;12;9;11;4;123
314460;NEPOMUCENO;31;96;76;95;119;108;123;94;92;97;84;88;106;1178
314465;NINHEIRA;31;0;0;0;0;0;0;0;0;0;0;0;0;0
314467;NOVA BELEM;31;0;0;0;0;0;0;0;0;0;0;0;0;0
314470;NOVA ERA;31;61;53;40;59;63;53;56;45;40;38;41;32;581
314480;NOVA LIMA;31;734;798;628;804;739;636;623;548;584;572;583;594;7843
314490;NOVA MODICA;31;0;0;0;0;0;0;0;0;0;0;0;0;0
314500;NOVA PONTE;31;20;42;23;40;62;62;38;39;26;29;27;23;431
314505;NOVA PORTEIRINHA;31;0;0;0;0;0;0;0;0;0;0;0;0;0
314510;NOVA RESENDE;31;26;29;39;31;24;45;54;29;33;41;45;42;438
314520;NOVA SERRANA;31;519;408;380;493;382;332;407;487;401;339;296;363;4807
314530;NOVO CRUZEIRO;31;107;102;130;181;171;167;139;155;120;148;136;180;1736
314535;NOVO ORIENTE DE MINAS;31;0;0;0;0;0;0;0;0;0;0;0;0;0
314537;NOVORIZONTE;31;0;0;0;0;0;0;0;0;0;0;0;0;0
314540;OLARIA;31;0;0;0;0;0;0;0;0;0;0;0;0;0
314545;OLHOS-D'AGUA;31;0;0;0;0;0;0;0;0;0;0;0;0;0
314550;OLIMPIO NORONHA;31;0;0;0;0;0;0;0;0;0;0;0;0;0
314560;OLIVEIRA;31;422;425;484;483;571;522;612;592;652;589;640;638;6630
314570;OLIVEIRA FORTES;31;0;0;0;0;0;0;0;0;0;0;0;0;0
314580;ONCA DE PITANGUI;31;0;0;0;0;0;0;0;0;0;0;0;0;0
314585;ORATORIOS;31;0;0;0;0;0;0;0;0;0;0;0;0;0
314587;ORIZANIA;31;0;0;0;0;0;0;0;0;0;0;0;0;0
314590;OURO BRANCO;31;124;136;135;131;143;126;154;135;123;121;136;120;1584
314600;OURO FINO;31;298;297;310;312;316;325;306;378;374;340;283;345;3884
314610;OURO PRETO;31;429;429;506;423;457;487;489;431;472;494;437;425;5479
314620;OURO VERDE DE MINAS;31;0;0;0;0;0;0;0;0;0;0;0;0;0
314625;PADRE CARVALHO;31;0;0;0;0;0;0;0;0;0;0;0;0;0
314630;PADRE PARAISO;31;165;143;146;147;157;167;184;175;185;207;188;132;1996
314640;PAINEIRAS;31;0;0;0;0;0;0;0;0;0;0;0;0;0
314650;PAINS;31;10;0;12;14;13;25;24;17;30;27;17;11;200
314655;PAI PEDRO;31;0;0;0;0;0;0;0;0;0;0;0;0;0
314660;PAIVA;31;0;0;0;0;0;0;0;0;0;0;0;0;0
314670;PALMA;31;14;22;20;12;18;18;8;11;8;14;9;13;167
314675;PALMOPOLIS;31;0;0;0;0;0;0;0;0;0;0;0;0;0
314690;PAPAGAIOS;31;0;0;0;0;0;0;0;0;0;0;0;0;0
314700;PARACATU;31;602;654;564;670;705;630;762;763;721;721;566;675;8033
314710;PARA DE MINAS;31;605;557;700;726;947;845;753;719;637;588;689;646;8412
314720;PARAGUACU;31;77;98;68;91;100;77;87;101;100;108;91;83;1081
314730;PARAISOPOLIS;31;81;63;72;60;101;85;101;80;82;70;64;53;912
314740;PARAOPEBA;31;0;0;0;0;0;0;0;0;0;0;0;0;0
314750;PASSABEM;31;3;3;5;4;5;3;5;8;6;3;3;2;50
314760;PASSA QUATRO;31;83;100;91;112;98;101;105;82;100;104;91;85;1152
314770;PASSA TEMPO;31;28;13;28;24;28;33;37;36;42;44;25;27;365
314780;PASSA VINTE;31;0;0;0;0;0;0;0;0;0;0;0;0;0
314790;PASSOS;31;1488;1440;1577;1673;1530;1481;1621;1621;1439;1684;1607;1649;18810
314795;PATIS;31;0;0;0;0;0;0;0;0;0;0;0;0;0
314800;PATOS DE MINAS;31;1846;1918;1762;1819;1530;1811;1729;1668;1764;1817;1720;1783;21167
314810;PATROCINIO;31;534;539;604;613;614;576;626;709;595;752;497;772;7431
314820;PATROCINIO DO MURIAE;31;0;0;0;0;0;0;0;0;0;0;0;0;0
314830;PAULA CANDIDO;31;0;0;0;0;0;0;0;0;0;0;0;0;0
314840;PAULISTAS;31;0;0;0;0;0;0;0;0;0;0;0;0;0
314850;PAVAO;31;0;0;0;0;0;0;0;0;0;0;0;0;0
314860;PECANHA;31;204;271;273;264;318;332;290;352;249;246;268;227;3294
314870;PEDRA AZUL;31;202;242;246;241;247;291;278;258;231;257;296;381;3170
314875;PEDRA BONITA;31;0;0;0;0;0;0;0;0;0;0;0;0;0
314880;PEDRA DO ANTA;31;0;0;0;0;0;0;0;0;0;0;0;0;0
314890;PEDRA DO INDAIA;31;0;0;0;0;0;0;0;0;0;0;0;0;0
314900;PEDRA DOURADA;31;0;0;0;0;0;0;0;0;0;0;0;0;0
314910;PEDRALVA;31;16;13;15;18;19;23;32;28;28;32;26;27;277
314915;PEDRAS DE MARIA DA CRUZ;31;0;0;0;0;0;0;0;0;0;0;0;0;0
314920;PEDRINOPOLIS;31;0;0;0;0;0;0;0;0;0;0;0;0;0
314930;PEDRO LEOPOLDO;31;156;146;210;161;128;169;173;218;93;120;129;158;1861
314940;PEDRO TEIXEIRA;31;0;0;0;0;0;0;0;0;0;0;0;0;0
314950;PEQUERI;31;0;0;0;0;0;0;0;0;0;0;0;0;0
314960;PEQUI;31;0;0;0;0;0;0;0;0;0;0;0;0;0
314970;PERDIGAO;31;0;0;0;0;0;0;0;0;0;0;0;0;0
314980;PERDIZES;31;87;69;77;95;104;91;97;75;72;71;73;57;968
314990;PERDOES;31;53;60;63;74;102;97;86;87;88;94;58;75;937
314995;PERIQUITO;31;0;0;0;0;0;0;0;0;0;0;0;0;0
315000;PESCADOR;31;0;0;0;0;0;0;0;0;0;0;0;0;0
315010;PIAU;31;0;0;0;0;0;0;0;0;0;0;0;0;0
315015;PIEDADE DE CARATINGA;31;0;0;0;0;0;0;0;0;0;0;0;0;0
315020;PIEDADE DE PONTE NOVA;31;0;0;0;0;0;0;0;0;0;0;0;0;0
315030;PIEDADE DO RIO GRANDE;31;11;15;10;6;9;10;10;10;13;6;9;11;120
315040;PIEDADE DOS GERAIS;31;0;0;0;0;0;0;0;0;0;0;0;0;0
315050;PIMENTA;31;13;10;10;14;14;11;20;24;20;19;28;19;202
315053;PINGO-D'AGUA;31;0;0;0;0;0;0;0;0;0;0;0;0;0
315057;PINTOPOLIS;31;0;0;0;0;0;0;0;0;0;0;0;0;0
315060;PIRACEMA;31;0;0;0;0;0;0;0;0;0;0;0;0;0
315070;PIRAJUBA;31;0;0;0;0;0;0;0;0;0;0;0;0;0
315080;PIRANGA;31;42;36;31;29;42;57;46;44;49;36;40;25;477
315090;PIRANGUCU;31;0;0;0;0;0;0;0;0;0;0;0;0;0
315100;PIRANGUINHO;31;0;0;0;0;0;0;0;0;0;0;0;0;0
315110;PIRAPETINGA;31;43;41;45;57;54;52;61;59;61;53;43;50;619
315120;PIRAPORA;31;696;644;602;705;592;607;657;779;727;541;636;627;7813
315130;PIRAUBA;31;0;0;0;0;0;0;0;0;0;0;0;0;0
315140;PITANGUI;31;104;125;124;104;123;123;130;157;121;125;118;120;1474
315150;PIUMHI;31;352;517;416;413;537;395;324;351;423;602;561;299;5190
315160;PLANURA;31;0;0;0;0;0;0;0;0;0;0;0;0;0
315170;POCO FUNDO;31;220;211;210;232;239;389;296;595;714;513;395;365;4379
315180;POCOS DE CALDAS;31;1135;1112;1187;1112;1542;1204;1264;1537;1325;1344;1195;1141;15098
315190;POCRANE;31;5;10;0;22;31;27;22;19;19;0;0;22;177
315200;POMPEU;31;90;99;105;129;136;108;127;108;96;93;86;101;1278
315210;PONTE NOVA;31;916;990;883;1028;1111;1073;1048;1078;1074;958;1101;1082;12342
315213;PONTO CHIQUE;31;0;0;0;0;0;0;0;0;0;0;0;0;0
315217;PONTO DOS VOLANTES;31;0;0;0;0;0;0;0;0;0;0;0;0;0
315220;PORTEIRINHA;31;195;186;169;182;197;199;317;327;309;246;264;277;2868
315230;PORTO FIRME;31;0;0;0;0;0;0;0;0;0;0;0;0;0
315240;POTE;31;31;40;41;42;56;59;43;34;31;49;27;40;493
315250;POUSO ALEGRE;31;1622;1603;1703;1859;1606;1975;1896;1726;1825;1506;1175;1786;20282
315260;POUSO ALTO;31;23;21;33;16;26;23;18;29;25;23;19;31;287
315270;PRADOS;31;31;31;30;48;39;39;38;40;40;36;39;41;452
315280;PRATA;31;106;96;89;97;81;89;91;82;102;57;40;43;973
315290;PRATAPOLIS;31;3;3;4;2;3;2;3;2;3;0;2;2;29
315300;PRATINHA;31;0;0;0;0;0;0;0;0;0;0;0;0;0
315310;PRESIDENTE BERNARDES;31;0;0;6;5;10;17;8;11;4;6;10;13;90
315320;PRESIDENTE JUSCELINO;31;0;0;0;0;0;0;0;0;0;0;0;0;0
315330;PRESIDENTE KUBITSCHEK;31;0;0;0;0;0;0;0;0;0;0;0;0;0
315340;PRESIDENTE OLEGARIO;31;26;43;46;47;46;24;45;76;58;43;57;23;534
315350;ALTO JEQUITIBA;31;0;0;0;0;0;0;0;0;0;0;0;0;0
315360;PRUDENTE DE MORAIS;31;0;0;0;0;0;0;0;0;0;0;0;0;0
315370;QUARTEL GERAL;31;0;0;0;0;0;0;0;0;0;0;0;0;0
315380;QUELUZITO;31;0;0;0;0;0;0;0;0;0;0;0;0;0
315390;RAPOSOS;31;0;0;0;0;0;0;0;0;0;0;0;0;0
315400;RAUL SOARES;31;69;132;99;217;395;385;373;460;508;426;505;310;3879
315410;RECREIO;31;45;60;55;64;65;62;53;39;57;0;11;0;511
315415;REDUTO;31;0;0;0;0;0;0;0;0;0;0;0;0;0
315420;RESENDE COSTA;31;94;92;104;101;90;103;95;99;109;90;94;110;1181
315430;RESPLENDOR;31;351;312;326;319;386;410;350;368;367;339;285;302;4115
315440;RESSAQUINHA;31;0;0;0;0;0;0;0;0;0;0;0;0;0
315445;RIACHINHO;31;0;0;0;0;0;0;0;0;0;0;0;0;0
315450;RIACHO DOS MACHADOS;31;0;0;0;0;0;0;0;0;0;0;0;0;0
315460;RIBEIRAO DAS NEVES;31;429;248;626;483;414;431;475;456;420;329;273;365;4949
315470;RIBEIRAO VERMELHO;31;12;13;25;18;18;18;12;12;8;12;9;11;168
315480;RIO ACIMA;31;0;0;0;0;0;0;0;0;0;0;0;0;0
315490;RIO CASCA;31;47;45;50;61;70;85;84;69;66;92;93;16;778
315500;RIO DOCE;31;0;0;0;0;0;0;0;0;0;0;0;0;0
315510;RIO DO PRADO;31;0;0;0;0;0;0;0;0;0;0;0;0;0
315520;RIO ESPERA;31;7;3;4;4;13;5;6;13;10;0;0;0;65
315530;RIO MANSO;31;0;0;0;0;0;0;0;0;0;0;0;0;0
315540;RIO NOVO;31;0;0;0;0;0;0;0;0;0;0;0;0;0
315550;RIO PARANAIBA;31;19;17;18;21;22;24;28;32;24;14;17;16;252
315560;RIO PARDO DE MINAS;31;106;99;98;107;113;104;97;72;123;88;90;88;1185
315570;RIO PIRACICABA;31;20;31;31;18;30;25;24;27;22;19;18;20;285
315580;RIO POMBA;31;148;167;164;90;158;147;201;196;182;209;188;148;1998
315590;RIO PRETO;31;18;20;20;19;20;21;22;25;15;17;27;15;239
315600;RIO VERMELHO;31;26;32;39;42;50;46;47;42;36;43;25;26;454
315610;RITAPOLIS;31;0;0;0;0;0;0;0;0;0;0;0;0;0
315620;ROCHEDO DE MINAS;31;0;0;0;0;0;0;0;0;0;0;0;0;0
315630;RODEIRO;31;0;0;0;0;0;0;0;0;0;0;0;0;0
315640;ROMARIA;31;0;0;0;0;0;0;6;0;6;14;4;0;30
315645;ROSARIO DA LIMEIRA;31;0;0;0;0;0;0;0;0;0;0;0;0;0
315650;RUBELITA;31;0;0;0;0;0;0;0;0;0;0;0;0;0
315660;RUBIM;31;39;18;39;33;34;25;29;53;66;64;42;42;484
315670;SABARA;31;104;110;107;107;100;116;124;167;141;121;148;146;1491
315680;SABINOPOLIS;31;96;70;70;102;103;90;135;95;103;148;148;108;1268
315690;SACRAMENTO;31;111;109;153;115;145;120;134;140;155;151;155;107;1595
315700;SALINAS;31;481;459;494;564;599;521;600;595;569;566;503;521;6472
315710;SALTO DA DIVISA;31;18;16;19;19;20;27;27;23;23;20;19;20;251
315720;SANTA BARBARA;31;114;111;133;111;131;149;137;128;132;120;104;107;1477
315725;SANTA BARBARA DO LESTE;31;0;0;0;0;0;0;0;0;0;0;0;0;0
315727;SANTA BARBARA DO MONTE VERDE;31;0;0;0;0;0;0;0;0;0;0;0;0;0
315730;SANTA BARBARA DO TUGURIO;31;0;0;0;0;0;0;0;0;0;0;0;0;0
315733;SANTA CRUZ DE MINAS;31;0;0;0;0;0;0;0;0;0;0;0;0;0
315737;SANTA CRUZ DE SALINAS;31;0;0;0;0;0;0;0;0;0;0;0;0;0
315740;SANTA CRUZ DO ESCALVADO;31;0;0;0;0;0;0;0;0;0;0;0;0;0
315750;SANTA EFIGENIA DE MINAS;31;0;0;0;0;0;0;0;0;0;0;0;0;0
315760;SANTA FE DE MINAS;31;0;0;0;0;0;0;0;0;0;0;0;0;0
315765;SANTA HELENA DE MINAS;31;0;0;0;0;0;0;0;0;0;0;0;0;0
315770;SANTA JULIANA;31;29;25;21;21;13;18;16;20;17;22;16;12;230
315780;SANTA LUZIA;31;347;239;174;192;257;486;456;432;538;468;440;464;4493
315790;SANTA MARGARIDA;31;83;79;66;86;46;111;87;71;84;71;79;83;946
315800;SANTA MARIA DE ITABIRA;31;6;8;8;21;27;12;8;18;6;17;14;10;155
315810;SANTA MARIA DO SALTO;31;0;0;0;0;0;0;0;0;0;0;0;0;0
315820;SANTA MARIA DO SUACUI;31;198;176;177;196;187;170;193;175;198;193;183;195;2241
315830;SANTANA DA VARGEM;31;0;0;0;0;0;0;0;0;0;0;0;0;0
315840;SANTANA DE CATAGUASES;31;0;0;0;0;0;0;0;0;0;0;0;0;0
315850;SANTANA DE PIRAPAMA;31;0;0;0;0;0;0;0;0;0;0;0;0;0
315860;SANTANA DO DESERTO;31;0;0;0;0;0;0;0;0;0;0;0;0;0
315870;SANTANA DO GARAMBEU;31;0;0;0;0;0;0;0;0;0;0;0;0;0
315880;SANTANA DO JACARE;31;0;0;0;0;0;0;0;0;0;0;0;0;0
315890;SANTANA DO MANHUACU;31;0;0;0;0;0;0;0;0;0;0;0;0;0
315895;SANTANA DO PARAISO;31;0;0;0;0;0;0;0;0;0;0;0;0;0
315900;SANTANA DO RIACHO;31;0;0;0;0;0;0;0;0;0;0;0;0;0
315910;SANTANA DOS MONTES;31;0;0;0;0;0;0;0;0;0;0;0;0;0
315920;SANTA RITA DE CALDAS;31;0;0;0;0;0;0;0;0;0;0;0;0;0
315930;SANTA RITA DE JACUTINGA;31;18;14;20;20;20;20;20;21;18;20;20;19;230
315935;SANTA RITA DE MINAS;31;0;0;0;0;0;0;0;0;0;0;0;0;0
315940;SANTA RITA DE IBITIPOCA;31;0;0;0;0;0;0;0;0;0;0;0;0;0
315950;SANTA RITA DO ITUETO;31;0;0;0;0;0;0;0;0;0;0;0;0;0
315960;SANTA RITA DO SAPUCAI;31;330;317;317;340;384;339;358;345;370;380;373;338;4191
315970;SANTA ROSA DA SERRA;31;0;0;0;0;0;0;0;0;0;0;0;0;0
315980;SANTA VITORIA;31;62;67;74;66;58;88;78;78;95;78;55;62;861
315990;SANTO ANTONIO DO AMPARO;31;297;272;272;288;343;300;321;356;312;406;297;289;3753
316000;SANTO ANTONIO DO AVENTUREIRO;31;0;0;0;0;0;0;0;0;0;0;0;0;0
316010;SANTO ANTONIO DO GRAMA;31;0;0;0;0;0;0;0;0;0;0;0;0;0
316020;SANTO ANTONIO DO ITAMBE;31;0;0;0;0;0;0;0;0;0;0;0;0;0
316030;SANTO ANTONIO DO JACINTO;31;0;0;0;0;0;0;0;0;0;0;0;0;0
316040;SANTO ANTONIO DO MONTE;31;394;366;334;431;415;382;419;340;411;423;408;305;4628
316045;SANTO ANTONIO DO RETIRO;31;0;0;0;0;0;0;0;0;0;0;0;0;0
316050;SANTO ANTONIO DO RIO ABAIXO;31;0;0;0;0;0;0;0;0;0;0;0;0;0
316060;SANTO HIPOLITO;31;0;0;0;0;0;0;0;0;0;0;0;0;0
316070;SANTOS DUMONT;31;217;202;202;220;218;219;211;214;217;210;211;218;2559
316080;SAO BENTO ABADE;31;0;0;0;0;0;0;0;0;0;0;0;0;0
316090;SAO BRAS DO SUACUI;31;0;0;0;0;0;0;0;0;0;0;0;0;0
316095;SAO DOMINGOS DAS DORES;31;0;0;0;0;0;0;0;0;0;0;0;0;0
316100;SAO DOMINGOS DO PRATA;31;66;71;60;53;73;59;74;55;67;66;40;40;724
316105;SAO FELIX DE MINAS;31;0;0;0;0;0;0;0;0;0;0;0;0;0
316110;SAO FRANCISCO;31;350;335;471;436;382;374;456;441;346;403;393;358;4745
316120;SAO FRANCISCO DE PAULA;31;0;0;0;0;0;0;0;0;0;0;0;0;0
316130;SAO FRANCISCO DE SALES;31;0;0;0;0;0;0;0;0;0;0;0;0;0
316140;SAO FRANCISCO DO GLORIA;31;0;0;0;0;0;0;0;0;0;0;0;0;0
316150;SAO GERALDO;31;0;0;0;0;0;0;0;0;0;0;0;0;0
316160;SAO GERALDO DA PIEDADE;31;0;0;0;0;0;0;0;0;0;0;0;0;0
316165;SAO GERALDO DO BAIXIO;31;0;0;0;0;0;0;0;0;0;0;0;0;0
316170;SAO GONCALO DO ABAETE;31;0;0;0;0;0;0;0;0;0;0;0;0;0
316180;SAO GONCALO DO PARA;31;0;0;0;0;0;0;0;0;0;0;0;0;0
316190;SAO GONCALO DO RIO ABAIXO;31;0;0;0;0;0;0;0;0;0;0;0;0;0
316200;SAO GONCALO DO SAPUCAI;31;145;154;148;141;143;115;130;127;124;106;107;88;1528
316210;SAO GOTARDO;31;211;192;179;158;180;227;228;179;183;257;109;125;2228
316220;SAO JOAO BATISTA DO GLORIA;31;11;20;21;15;12;25;22;25;20;13;12;24;220
316225;SAO JOAO DA LAGOA;31;0;0;0;0;0;0;0;0;0;0;0;0;0
316230;SAO JOAO DA MATA;31;0;0;0;0;0;0;0;0;0;0;0;0;0
316240;SAO JOAO DA PONTE;31;127;115;110;137;182;171;216;167;229;203;168;172;1997
316245;SAO JOAO DAS MISSOES;31;0;0;0;0;0;0;0;0;0;0;0;0;0
316250;SAO JOAO DEL REI;31;668;748;707;800;890;833;816;834;710;828;766;723;9323
316255;SAO JOAO DO MANHUACU;31;0;0;0;0;0;0;0;0;0;0;0;0;0
316257;SAO JOAO DO MANTENINHA;31;6;9;9;11;14;21;25;29;35;37;41;47;284
316260;SAO JOAO DO ORIENTE;31;0;0;0;0;0;0;0;0;0;0;0;0;0
316265;SAO JOAO DO PACUI;31;0;0;0;0;0;0;0;0;0;0;0;0;0
316270;SAO JOAO DO PARAISO;31;142;135;125;137;131;132;141;145;138;130;145;134;1635
316280;SAO JOAO EVANGELISTA;31;154;145;187;147;179;155;164;210;232;208;194;253;2228
316290;SAO JOAO NEPOMUCENO;31;94;93;130;126;125;118;166;130;116;124;128;127;1477
316292;SAO JOAQUIM DE BICAS;31;0;0;0;0;0;0;0;0;0;0;0;0;0
316294;SAO JOSE DA BARRA;31;0;0;0;0;0;0;0;0;0;0;0;0;0
316295;SAO JOSE DA LAPA;31;0;0;0;0;0;0;0;0;0;0;0;0;0
316300;SAO JOSE DA SAFIRA;31;0;0;0;0;0;0;0;0;0;0;0;0;0
316310;SAO JOSE DA VARGINHA;31;0;0;0;0;0;0;0;0;0;0;0;0;0
316320;SAO JOSE DO ALEGRE;31;0;0;0;0;0;0;0;0;0;0;0;0;0
316330;SAO JOSE DO DIVINO;31;0;0;0;0;0;0;0;0;0;0;0;0;0
316340;SAO JOSE DO GOIABAL;31;0;0;0;0;0;0;0;0;0;0;0;0;0
316350;SAO JOSE DO JACURI;31;0;0;0;0;0;0;0;0;0;0;0;0;0
316360;SAO JOSE DO MANTIMENTO;31;0;0;0;0;0;0;0;0;0;0;0;0;0
316370;SAO LOURENCO;31;597;653;642;669;835;785;822;877;849;849;782;764;9124
316380;SAO MIGUEL DO ANTA;31;0;0;0;0;0;0;0;0;0;0;0;0;0
316390;SAO PEDRO DA UNIAO;31;9;12;5;8;9;15;13;10;7;8;7;4;107
316400;SAO PEDRO DOS FERROS;31;0;0;0;0;0;0;0;0;0;0;0;0;0
316410;SAO PEDRO DO SUACUI;31;0;0;0;0;0;0;0;0;0;0;0;0;0
316420;SAO ROMAO;31;20;29;33;39;35;20;30;32;48;20;12;37;355
316430;SAO ROQUE DE MINAS;31;10;3;8;4;1;4;9;6;7;0;7;0;59
316440;SAO SEBASTIAO DA BELA VISTA;31;0;0;0;0;0;0;0;0;0;0;0;0;0
316443;SAO SEBASTIAO DA VARGEM ALEGRE;31;0;0;0;0;0;0;0;0;0;0;0;0;0
316447;SAO SEBASTIAO DO ANTA;31;0;0;0;0;0;0;0;0;0;0;0;0;0
316450;SAO SEBASTIAO DO MARANHAO;31;0;0;0;0;0;0;0;0;0;0;0;0;0
316460;SAO SEBASTIAO DO OESTE;31;0;0;0;0;0;0;0;0;0;0;0;0;0
316470;SAO SEBASTIAO DO PARAISO;31;581;938;951;886;624;644;655;1066;1249;889;835;1096;10414
316480;SAO SEBASTIAO DO RIO PRETO;31;0;0;0;0;0;0;0;0;0;0;0;0;0
316490;SAO SEBASTIAO DO RIO VERDE;31;0;0;0;0;0;0;0;0;0;0;0;0;0
316500;SAO TIAGO;31;41;36;41;47;54;29;44;34;47;47;43;40;503
316510;SAO TOMAS DE AQUINO;31;0;0;0;0;0;0;0;0;0;0;0;0;0
316520;SAO THOME DAS LETRAS;31;0;0;0;0;0;0;0;0;0;0;0;0;0
316530;SAO VICENTE DE MINAS;31;37;26;34;35;35;37;33;33;27;28;34;39;398
316540;SAPUCAI-MIRIM;31;0;0;0;0;0;0;0;0;0;0;0;0;0
316550;SARDOA;31;0;0;0;0;0;0;0;0;0;0;0;0;0
316553;SARZEDO;31;0;0;0;0;0;0;0;0;0;0;0;0;0
316555;SETUBINHA;31;0;0;0;0;0;0;0;0;0;0;0;0;0
316556;SEM-PEIXE;31;0;0;0;0;0;0;0;0;0;0;0;0;0
316557;SENADOR AMARAL;31;0;0;0;0;0;0;0;0;0;0;0;0;0
316560;SENADOR CORTES;31;0;0;0;0;0;0;0;0;0;0;0;0;0
316570;SENADOR FIRMINO;31;8;9;14;10;12;21;5;22;24;21;15;25;186
316580;SENADOR JOSE BENTO;31;0;0;0;0;0;0;0;0;0;0;0;0;0
316590;SENADOR MODESTINO GONCALVES;31;0;0;0;0;0;0;0;0;0;0;0;0;0
316600;SENHORA DE OLIVEIRA;31;0;0;0;0;0;0;0;0;0;0;0;0;0
316610;SENHORA DO PORTO;31;0;0;0;0;0;0;0;0;0;0;0;0;0
316620;SENHORA DOS REMEDIOS;31;0;0;0;0;0;0;0;0;0;0;0;0;0
316630;SERICITA;31;0;0;0;0;0;0;0;0;0;0;0;0;0
316640;SERITINGA;31;0;0;0;0;0;0;0;0;0;0;0;0;0
316650;SERRA AZUL DE MINAS;31;0;0;0;0;0;0;0;0;0;0;0;0;0
316660;SERRA DA SAUDADE;31;0;0;0;0;0;0;0;0;0;0;0;0;0
316670;SERRA DOS AIMORES;31;0;0;0;0;0;0;0;0;0;0;0;0;0
316680;SERRA DO SALITRE;31;105;93;70;74;75;68;121;97;71;80;72;29;955
316690;SERRANIA;31;7;5;12;12;7;1;11;18;14;17;4;15;123
316695;SERRANOPOLIS DE MINAS;31;0;0;0;0;0;0;0;0;0;0;0;0;0
316700;SERRANOS;31;0;0;0;0;0;0;0;0;0;0;0;0;0
316710;SERRO;31;268;256;294;261;309;298;301;255;299;286;227;274;3328
316720;SETE LAGOAS;31;1935;1715;1736;1735;1747;1779;1907;1676;1763;1577;1477;1875;20922
316730;SILVEIRANIA;31;0;0;0;0;0;0;0;0;0;0;0;0;0
316740;SILVIANOPOLIS;31;0;0;0;0;0;0;0;0;0;0;0;0;0
316750;SIMAO PEREIRA;31;0;0;0;0;0;0;0;0;0;0;0;0;0
316760;SIMONESIA;31;0;0;0;0;0;0;0;0;0;0;0;0;0
316770;SOBRALIA;31;0;0;0;0;0;0;0;0;0;0;0;0;0
316780;SOLEDADE DE MINAS;31;0;0;0;0;0;0;0;0;0;0;0;0;0
316790;TABULEIRO;31;0;0;0;0;0;0;0;0;0;0;0;0;0
316800;TAIOBEIRAS;31;894;858;845;860;874;823;909;862;808;860;815;876;10284
316805;TAPARUBA;31;0;0;0;0;0;0;0;0;0;0;0;0;0
316810;TAPIRA;31;0;0;0;0;0;0;0;0;0;0;0;0;0
316820;TAPIRAI;31;0;0;0;0;0;0;0;0;0;0;0;0;0
316830;TAQUARACU DE MINAS;31;0;0;0;0;0;0;0;0;0;0;0;0;0
316840;TARUMIRIM;31;215;373;328;314;392;317;373;415;336;412;376;393;4244
316850;TEIXEIRAS;31;0;0;0;0;0;0;0;0;0;0;0;0;0
316860;TEOFILO OTONI;31;1736;1294;1454;1571;1843;1750;1873;1829;1902;1860;1668;1717;20497
316870;TIMOTEO;31;324;362;514;161;175;310;317;318;321;415;315;301;3833
316880;TIRADENTES;31;0;0;0;0;0;0;0;0;0;0;0;0;0
316890;TIROS;31;16;18;15;10;25;21;30;25;26;17;18;20;241
316900;TOCANTINS;31;0;0;0;0;0;0;0;0;0;0;0;0;0
316905;TOCOS DO MOJI;31;0;0;0;0;0;0;0;0;0;0;0;0;0
316910;TOLEDO;31;0;0;0;0;0;0;0;0;0;0;0;0;0
316920;TOMBOS;31;35;65;41;40;43;31;24;26;33;28;24;45;435
316930;TRES CORACOES;31;427;407;467;435;484;443;482;498;545;480;423;427;5518
316935;TRES MARIAS;31;156;140;116;119;180;171;129;129;142;124;129;125;1660
316940;TRES PONTAS;31;366;347;404;406;520;421;421;457;517;523;463;513;5358
316950;TUMIRITINGA;31;0;0;0;0;0;0;0;0;0;0;0;0;0
316960;TUPACIGUARA;31;93;106;141;122;141;161;141;123;159;117;124;111;1539
316970;TURMALINA;31;304;306;355;274;341;309;219;354;303;323;335;194;3617
316980;TURVOLANDIA;31;0;0;0;0;0;0;0;0;0;0;0;0;0
316990;UBA;31;987;920;972;1038;1146;1020;1119;1098;1058;1078;983;1067;12486
317000;UBAI;31;0;0;0;0;0;0;0;0;0;0;0;0;0
317005;UBAPORANGA;31;0;0;0;0;0;0;0;0;0;0;0;0;0
317010;UBERABA;31;2586;2581;2399;2387;3025;2685;3377;3258;3563;3456;3447;2712;35476
317020;UBERLANDIA;31;5417;5608;5765;6017;5835;5800;5644;5297;5806;5472;5404;4637;66702
317030;UMBURATIBA;31;0;0;0;0;0;0;0;0;0;0;0;0;0
317040;UNAI;31;439;411;527;601;701;466;565;399;570;512;588;636;6415
317043;UNIAO DE MINAS;31;3;7;7;4;3;4;5;1;1;4;1;1;41
317047;URUANA DE MINAS;31;0;0;0;0;0;0;0;0;0;0;0;0;0
317050;URUCANIA;31;0;0;0;0;0;0;0;0;0;0;0;0;0
317052;URUCUIA;31;41;30;40;75;53;80;53;51;67;59;63;40;652
317057;VARGEM ALEGRE;31;0;0;0;0;0;0;0;0;0;0;0;0;0
317060;VARGEM BONITA;31;0;0;0;0;0;0;0;0;0;0;0;0;0
317065;VARGEM GRANDE DO RIO PARDO;31;0;0;0;0;0;0;0;0;0;0;0;0;0
317070;VARGINHA;31;1260;998;1204;1093;1276;1038;1224;1197;1088;1171;1147;1378;14074
317075;VARJAO DE MINAS;31;0;0;0;0;0;0;0;0;0;0;0;0;0
317080;VARZEA DA PALMA;31;97;79;83;119;161;140;91;142;146;154;127;118;1457
317090;VARZELANDIA;31;46;35;43;47;37;35;38;31;35;40;61;63;511
317100;VAZANTE;31;83;79;112;88;118;97;126;119;114;138;114;112;1300
317103;VERDELANDIA;31;0;0;0;0;0;0;0;0;0;0;0;0;0
317107;VEREDINHA;31;0;0;0;0;0;0;0;0;0;0;0;0;0
317110;VERISSIMO;31;0;0;0;0;0;0;0;0;0;0;0;0;0
317115;VERMELHO NOVO;31;0;0;0;0;0;0;0;0;0;0;0;0;0
317120;VESPASIANO;31;158;161;137;168;178;169;155;225;172;258;167;187;2135
317130;VICOSA;31;653;666;621;653;660;689;620;718;689;805;414;323;7511
317140;VIEIRAS;31;0;0;0;0;0;0;0;0;0;0;0;0;0
317150;MATHIAS LOBATO;31;0;0;0;0;0;0;0;0;0;0;0;0;0
317160;VIRGEM DA LAPA;31;29;20;24;32;32;21;30;28;31;27;25;28;327
317170;VIRGINIA;31;27;27;27;22;27;29;27;27;27;27;28;35;330
317180;VIRGINOPOLIS;31;87;83;100;106;106;129;101;101;114;101;85;94;1207
317190;VIRGOLANDIA;31;0;0;0;0;0;0;0;0;0;0;0;0;0
317200;VISCONDE DO RIO BRANCO;31;325;385;357;349;391;337;324;315;328;352;307;322;4092
317210;VOLTA GRANDE;31;0;0;0;0;0;0;0;0;0;0;0;0;0
317220;WENCESLAU BRAZ;31;0;0;0;0;0;0;0;0;0;0;0;0;0
320010;AFONSO CLAUDIO;32;125;138;136;133;147;135;133;131;112;129;114;139;1572
320013;AGUIA BRANCA;32;0;0;0;0;0;0;0;0;0;0;0;0;0
320016;AGUA DOCE DO NORTE;32;0;0;0;0;0;0;0;0;0;0;0;0;0
320020;ALEGRE;32;45;42;30;116;97;102;130;94;69;103;113;106;1047
320030;ALFREDO CHAVES;32;0;0;0;0;0;0;0;0;0;0;0;0;0
320035;ALTO RIO NOVO;32;0;0;0;0;0;0;0;0;0;0;0;0;0
320040;ANCHIETA;32;51;38;63;62;59;56;68;77;81;79;64;80;778
320050;APIACA;32;18;13;19;33;57;62;61;64;75;61;56;71;590
320060;ARACRUZ;32;596;545;625;502;845;627;616;606;673;767;648;581;7631
320070;ATILIO VIVACQUA;32;0;0;0;0;0;0;0;0;0;0;0;0;0
320080;BAIXO GUANDU;32;255;164;160;94;160;139;154;117;185;214;62;144;1848
320090;BARRA DE SAO FRANCISCO;32;456;478;500;465;255;715;479;483;510;547;447;491;5826
320100;BOA ESPERANCA;32;51;35;25;22;25;23;43;54;45;33;30;36;422
320110;BOM JESUS DO NORTE;32;0;0;0;0;0;0;0;0;0;0;0;0;0
320115;BREJETUBA;32;0;0;0;0;0;0;0;0;0;0;0;0;0
320120;CACHOEIRO DE ITAPEMIRIM;32;2778;2658;2824;2401;2693;2943;2646;2981;3088;2891;2825;2756;33484
320130;CARIACICA;32;571;643;605;716;649;812;623;613;619;604;606;545;7606
320140;CASTELO;32;104;89;106;113;104;95;95;110;107;100;94;72;1189
320150;COLATINA;32;2534;2285;2349;2141;2298;2111;1880;2211;2263;2324;2218;2329;26943
320160;CONCEICAO DA BARRA;32;0;0;0;0;0;0;0;0;0;0;0;0;0
320170;CONCEICAO DO CASTELO;32;0;0;6;6;6;15;6;7;3;6;0;14;69
320180;DIVINO DE SAO LOURENCO;32;0;0;0;0;0;0;0;0;0;0;0;0;0
320190;DOMINGOS MARTINS;32;172;173;172;164;172;172;167;172;184;178;163;222;2111
320200;DORES DO RIO PRETO;32;0;0;0;0;0;0;0;0;0;0;0;0;0
320210;ECOPORANGA;32;73;76;73;67;113;128;103;85;81;93;60;66;1018
320220;FUNDAO;32;0;0;0;0;0;0;0;0;0;0;0;0;0
320225;GOVERNADOR LINDENBERG;32;0;0;0;0;0;0;0;0;0;0;0;0;0
320230;GUACUI;32;331;290;290;312;274;309;315;331;315;349;230;266;3612
320240;GUARAPARI;32;326;396;459;489;460;547;649;713;886;993;540;409;6867
320245;IBATIBA;32;45;43;51;47;63;47;48;83;57;69;65;52;670
320250;IBIRACU;32;0;0;0;0;0;0;0;0;0;0;0;0;0
320255;IBITIRAMA;32;0;0;0;0;0;0;0;0;0;0;0;0;0
320260;ICONHA;32;0;0;0;0;0;0;0;0;0;0;0;0;0
320265;IRUPI;32;0;0;0;0;0;0;0;0;0;0;0;0;0
320270;ITAGUACU;32;0;0;0;0;0;0;0;0;0;0;0;0;0
320280;ITAPEMIRIM;32;457;674;512;346;650;410;362;486;484;435;325;398;5539
320290;ITARANA;32;20;27;20;19;24;23;21;44;24;13;20;17;272
320300;IUNA;32;100;100;115;105;109;106;117;105;107;79;115;99;1257
320305;JAGUARE;32;60;41;58;42;64;41;53;50;45;52;56;43;605
320310;JERONIMO MONTEIRO;32;243;208;230;216;220;217;214;212;245;234;258;209;2706
320313;JOAO NEIVA;32;40;31;46;38;55;28;59;49;52;28;43;24;493
320316;LARANJA DA TERRA;32;17;25;20;11;16;24;24;18;17;15;24;15;226
320320;LINHARES;32;1688;1564;1513;1111;1405;1507;1255;1337;1425;1294;1016;1052;16167
320330;MANTENOPOLIS;32;0;0;0;0;0;0;0;0;0;0;0;0;0
320332;MARATAIZES;32;0;0;0;0;0;0;0;0;0;0;0;0;0
320334;MARECHAL FLORIANO;32;0;0;0;0;0;0;0;0;0;0;0;0;0
320335;MARILANDIA;32;0;0;0;0;0;0;0;0;0;0;0;0;0
320340;MIMOSO DO SUL;32;94;69;80;72;72;104;107;113;83;102;84;100;1080
320350;MONTANHA;32;36;37;40;50;67;37;47;53;43;38;40;40;528
320360;MUCURICI;32;20;4;16;14;27;24;12;14;12;18;21;18;200
320370;MUNIZ FREIRE;32;32;36;31;19;36;42;24;43;42;31;21;37;394
320380;MUQUI;32;23;23;21;0;0;0;101;34;0;0;0;0;202
320390;NOVA VENECIA;32;182;167;185;145;133;195;263;197;193;231;203;183;2277
320400;PANCAS;32;10;9;13;5;15;10;12;4;1;4;3;0;86
320405;PEDRO CANARIO;32;123;124;123;123;124;123;122;123;124;122;122;122;1475
320410;PINHEIROS;32;41;32;29;28;26;30;47;29;38;35;31;28;394
320420;PIUMA;32;0;0;0;0;0;0;0;0;0;0;0;0;0
320425;PONTO BELO;32;0;0;0;0;0;0;0;0;0;0;0;0;0
320430;PRESIDENTE KENNEDY;32;0;0;0;0;0;0;0;0;0;0;0;0;0
320435;RIO BANANAL;32;4;5;9;11;3;15;5;14;12;10;4;10;102
320440;RIO NOVO DO SUL;32;0;0;0;0;0;0;0;0;0;0;0;0;0
320450;SANTA LEOPOLDINA;32;84;145;139;134;118;125;147;118;151;157;133;152;1603
320455;SANTA MARIA DE JETIBA;32;201;215;204;206;198;249;233;210;145;177;198;147;2383
320460;SANTA TERESA;32;387;354;352;423;413;383;390;365;393;314;311;379;4464
320465;SAO DOMINGOS DO NORTE;32;0;0;0;0;0;0;0;0;0;0;0;0;0
320470;SAO GABRIEL DA PALHA;32;24;13;23;14;13;36;29;10;22;29;28;35;276
320480;SAO JOSE DO CALCADO;32;0;335;182;184;267;333;382;294;0;0;0;0;1977
320490;SAO MATEUS;32;1713;1967;1373;1512;1409;1389;1530;1493;1337;1591;1734;1309;18357
320495;SAO ROQUE DO CANAA;32;0;0;0;0;0;0;0;0;0;0;0;0;0
320500;SERRA;32;2929;2292;2845;2596;3775;3689;3430;3545;2958;3239;3076;2970;37344
320501;SOORETAMA;32;0;0;0;0;0;0;0;0;0;0;0;0;0
320503;VARGEM ALTA;32;46;50;36;41;43;40;37;43;39;39;43;38;495
320506;VENDA NOVA DO IMIGRANTE;32;287;397;343;301;332;295;335;313;234;300;340;337;3814
320510;VIANA;32;0;0;0;0;0;0;0;0;0;0;0;0;0
320515;VILA PAVAO;32;0;0;0;0;0;0;0;0;0;0;0;0;0
320517;VILA VALERIO;32;0;0;0;0;0;0;0;0;0;0;0;0;0
320520;VILA VELHA;32;3203;3070;3260;3353;4698;3389;3402;3425;3193;3954;3529;3891;42367
320530;VITORIA;32;5221;4800;6772;4689;6782;6096;6519;5921;5963;5978;5865;5523;70129
330010;ANGRA DOS REIS;33;954;808;981;904;930;852;937;956;902;939;929;851;10943
330015;APERIBE;33;215;24;249;232;146;158;138;91;86;46;167;131;1683
330020;ARARUAMA;33;471;417;502;445;510;496;503;496;494;528;488;565;5915
330022;AREAL;33;23;20;22;21;27;24;26;24;26;25;25;24;287
330023;ARMACAO DOS BUZIOS;33;265;196;321;275;319;268;335;357;294;146;262;269;3307
330025;ARRAIAL DO CABO;33;291;250;216;221;251;221;249;250;250;249;250;251;2949
330030;BARRA DO PIRAI;33;3;322;462;447;472;481;502;466;482;452;476;441;5006
330040;BARRA MANSA;33;1634;1863;1689;1546;1351;1795;1843;1745;1577;1804;1585;1697;20129
330045;BELFORD ROXO;33;35;50;128;90;322;361;412;331;897;722;906;996;5250
330050;BOM JARDIM;33;138;140;162;160;160;152;170;160;161;172;160;148;1883
330060;BOM JESUS DO ITABAPOANA;33;521;401;484;523;510;563;667;483;514;462;523;387;6038
330070;CABO FRIO;33;1022;1023;974;1026;1095;1082;996;978;1117;1110;951;883;12257
330080;CACHOEIRAS DE MACACU;33;250;234;312;348;250;240;306;403;352;310;269;330;3604
330090;CAMBUCI;33;160;163;142;133;174;124;142;145;180;184;140;105;1792
330093;CARAPEBUS;33;0;0;0;0;0;0;0;0;0;0;0;0;0
330095;COMENDADOR LEVY GASPARIAN;33;0;0;0;0;0;0;0;0;0;0;0;0;0
330100;CAMPOS DOS GOYTACAZES;33;3492;3490;3347;3241;3395;3349;3736;3277;3220;3633;3080;3093;40353
330110;CANTAGALO;33;155;159;174;153;189;159;166;180;180;181;157;189;2042
330115;CARDOSO MOREIRA;33;0;0;0;0;0;0;0;0;0;0;0;0;0
330120;CARMO;33;79;88;93;77;87;86;88;87;85;79;87;94;1030
330130;CASIMIRO DE ABREU;33;180;198;202;245;254;255;295;269;320;260;279;336;3093
330140;CONCEICAO DE MACABU;33;34;27;33;44;39;33;22;27;26;16;23;20;344
330150;CORDEIRO;33;118;120;120;125;120;120;111;126;117;122;97;107;1403
330160;DUAS BARRAS;33;44;41;49;35;49;44;50;62;53;59;44;35;565
330170;DUQUE DE CAXIAS;33;4154;3597;4494;4185;4165;5129;4784;4405;4902;3748;3867;4048;51478
330180;ENGENHEIRO PAULO DE FRONTIN;33;43;47;58;47;55;59;35;46;33;34;41;43;541
330185;GUAPIMIRIM;33;191;281;186;272;222;270;236;229;233;223;186;212;2741
330187;IGUABA GRANDE;33;0;0;0;0;0;0;0;0;0;0;0;0;0
330190;ITABORAI;33;887;1154;740;1051;1078;729;915;782;720;728;764;749;10297
330200;ITAGUAI;33;392;426;413;433;581;434;376;415;486;450;326;311;5043
330205;ITALVA;33;0;0;0;0;0;0;0;0;0;0;0;0;0
330210;ITAOCARA;33;115;105;105;119;130;131;174;152;140;132;137;145;1585
330220;ITAPERUNA;33;1067;1865;1005;1001;1193;1236;1089;641;1810;1065;861;1058;13891
330225;ITATIAIA;33;106;114;122;102;125;154;172;174;135;173;173;163;1713
330227;JAPERI;33;100;89;63;79;73;87;62;146;70;80;56;57;962
330230;LAJE DO MURIAE;33;19;29;22;25;39;30;17;27;15;22;19;18;282
330240;MACAE;33;1311;721;1149;1353;1121;1326;1096;1464;1362;1332;1271;1051;14557
330245;MACUCO;33;0;0;0;0;0;0;0;0;0;0;0;0;0
330250;MAGE;33;474;476;544;532;559;650;605;557;546;550;444;533;6470
330260;MANGARATIBA;33;167;165;161;142;230;245;223;204;210;216;209;249;2421
330270;MARICA;33;1261;1145;1099;1061;1116;1131;1413;1224;1165;1004;1157;1187;13963
330280;MENDES;33;56;72;45;58;60;56;63;59;63;60;58;54;704
330285;MESQUITA;33;802;426;470;547;698;924;1144;856;967;1114;880;1034;9862
330290;MIGUEL PEREIRA;33;287;270;242;240;264;270;272;293;297;260;294;267;3256
330300;MIRACEMA;33;156;127;109;127;138;123;136;114;130;140;132;130;1562
330310;NATIVIDADE;33;41;52;52;70;70;89;98;65;53;66;76;63;795
330320;NILOPOLIS;33;579;509;517;545;575;535;610;572;490;535;535;557;6559
330330;NITEROI;33;3393;2894;3158;2817;3260;2930;3096;3275;2879;3481;3303;3165;37651
330340;NOVA FRIBURGO;33;921;924;1014;783;1059;835;879;776;961;847;873;866;10738
330350;NOVA IGUACU;33;2987;2776;2698;3001;3100;3008;3071;2881;2913;2802;2362;2382;33981
330360;PARACAMBI;33;119;135;117;143;168;118;154;148;148;107;168;107;1632
330370;PARAIBA DO SUL;33;332;346;368;365;376;355;388;431;517;590;610;652;5330
330380;PARATY;33;230;250;314;257;265;276;201;200;257;365;278;259;3152
330385;PATY DO ALFERES;33;0;0;0;0;0;0;0;0;0;0;0;0;0
330390;PETROPOLIS;33;1710;1712;1601;1658;1683;1878;1771;1616;1731;1624;1649;1552;20185
330395;PINHEIRAL;33;94;82;71;68;84;83;65;80;85;93;102;115;1022
330400;PIRAI;33;161;158;116;209;193;148;189;206;183;194;186;191;2134
330410;PORCIUNCULA;33;0;0;0;0;0;0;0;0;0;0;0;0;0
330411;PORTO REAL;33;110;87;111;115;106;125;74;103;84;82;107;69;1173
330412;QUATIS;33;34;33;48;28;43;36;29;39;52;42;44;29;457
330414;QUEIMADOS;33;433;485;539;504;562;578;583;425;475;446;425;412;5867
330415;QUISSAMA;33;204;130;227;180;146;178;278;177;203;160;219;162;2264
330420;RESENDE;33;800;805;886;679;901;906;933;896;811;805;832;794;10048
330430;RIO BONITO;33;341;384;455;391;449;451;527;529;541;548;550;560;5726
330440;RIO CLARO;33;49;68;46;58;65;99;66;70;65;79;68;63;796
330450;RIO DAS FLORES;33;33;28;30;30;34;36;35;32;36;35;27;28;384
330452;RIO DAS OSTRAS;33;614;483;521;507;521;534;583;568;541;403;511;421;6207
330455;RIO DE JANEIRO;33;29450;26838;27497;27498;29108;28366;30218;31054;30467;32570;30611;29015;352692
330460;SANTA MARIA MADALENA;33;68;50;44;57;63;66;55;60;77;55;72;60;727
330470;SANTO ANTONIO DE PADUA;33;320;310;406;328;398;321;367;311;340;48;148;149;3446
330475;SAO FRANCISCO DE ITABAPOANA;33;60;69;57;65;70;85;72;94;87;64;69;84;876
330480;SAO FIDELIS;33;180;193;207;185;237;236;209;197;220;206;194;205;2469
330490;SAO GONCALO;33;3110;2851;3014;3038;3173;3243;3266;3222;3048;3247;2983;3363;37558
330500;SAO JOAO DA BARRA;33;279;296;260;299;285;270;301;302;416;292;269;413;3682
330510;SAO JOAO DE MERITI;33;837;938;874;908;990;960;925;1043;1089;1140;1052;1186;11942
330513;SAO JOSE DE UBA;33;0;0;0;0;0;0;0;0;0;0;0;0;0
330515;SAO JOSE DO VALE DO RIO PRETO;33;56;60;70;58;55;36;41;45;47;62;49;60;639
330520;SAO PEDRO DA ALDEIA;33;189;245;229;229;224;203;241;233;209;269;192;147;2610
330530;SAO SEBASTIAO DO ALTO;33;66;57;54;43;59;60;46;42;51;46;45;46;615
330540;SAPUCAIA;33;102;39;48;49;42;76;62;12;42;25;43;32;572
330550;SAQUAREMA;33;741;695;689;695;851;879;815;925;854;818;799;896;9657
330555;SEROPEDICA;33;9;37;60;45;18;31;47;59;54;24;15;14;413
330560;SILVA JARDIM;33;43;36;31;23;33;36;34;44;31;43;0;0;354
330570;SUMIDOURO;33;60;35;22;29;34;36;29;34;42;30;30;53;434
330575;TANGUA;33;37;32;43;33;39;46;30;38;16;43;31;24;412
330580;TERESOPOLIS;33;880;894;902;852;993;919;890;853;873;893;888;797;10634
330590;TRAJANO DE MORAES;33;46;50;44;50;50;50;50;50;46;41;47;48;572
330600;TRES RIOS;33;498;456;465;441;529;466;463;498;497;491;462;415;5681
330610;VALENCA;33;778;744;802;799;802;756;879;760;831;704;816;902;9573
330615;VARRE-SAI;33;30;24;17;0;68;23;62;24;33;43;56;38;418
330620;VASSOURAS;33;461;334;420;661;953;776;522;567;486;656;483;515;6834
330630;VOLTA REDONDA;33;2138;2330;2311;2080;2745;2416;2331;2312;2283;2508;2570;2415;28439
350010;ADAMANTINA;35;414;403;431;457;519;451;477;441;470;485;420;425;5393
350020;ADOLFO;35;0;0;0;0;0;0;0;0;0;0;0;0;0
350030;AGUAI;35;55;40;51;55;68;60;36;39;43;25;25;38;535
350040;AGUAS DA PRATA;35;0;0;0;0;0;0;0;0;0;0;0;0;0
350050;AGUAS DE LINDOIA;35;106;93;82;103;113;81;113;102;89;107;101;111;1201
350055;AGUAS DE SANTA BARBARA;35;0;0;0;0;0;0;0;0;0;0;0;0;0
350060;AGUAS DE SAO PEDRO;35;0;0;0;0;0;0;0;0;0;0;0;0;0
350070;AGUDOS;35;92;112;108;123;109;114;100;101;107;101;83;73;1223
350075;ALAMBARI;35;0;0;0;0;0;0;0;0;0;0;0;0;0
350080;ALFREDO MARCONDES;35;0;0;0;0;0;0;0;0;0;0;0;0;0
350090;ALTAIR;35;0;0;0;0;0;0;0;0;0;0;0;0;0
350100;ALTINOPOLIS;35;170;146;173;190;209;176;183;152;166;195;144;141;2045
350110;ALTO ALEGRE;35;9;7;17;15;12;10;3;0;7;5;1;0;86
350115;ALUMINIO;35;0;0;0;0;0;0;0;0;0;0;0;0;0
350120;ALVARES FLORENCE;35;0;0;0;0;0;0;0;0;0;0;0;0;0
350130;ALVARES MACHADO;35;61;64;83;85;65;59;58;79;62;62;61;69;808
350140;ALVARO DE CARVALHO;35;0;0;0;0;0;0;0;0;0;0;0;0;0
350150;ALVINLANDIA;35;0;0;0;0;0;0;0;0;0;0;0;0;0
350160;AMERICANA;35;699;822;869;829;925;800;959;923;832;801;698;644;9801
350170;AMERICO BRASILIENSE;35;524;556;594;625;610;516;583;511;539;680;597;366;6701
350180;AMERICO DE CAMPOS;35;0;0;0;0;0;0;0;0;0;0;0;0;0
350190;AMPARO;35;487;489;484;395;403;421;418;416;330;414;386;370;5013
350200;ANALANDIA;35;0;0;0;0;0;0;0;0;0;0;0;0;0
350210;ANDRADINA;35;312;256;272;267;330;269;330;314;263;251;278;274;3416
350220;ANGATUBA;35;124;138;135;186;181;201;153;163;172;137;134;99;1823
350230;ANHEMBI;35;0;0;0;0;0;0;0;0;0;0;0;0;0
350240;ANHUMAS;35;0;0;0;0;0;0;0;0;0;0;0;0;0
350250;APARECIDA;35;302;362;322;373;258;502;397;379;407;436;594;517;4849
350260;APARECIDA D'OESTE;35;22;9;9;2;6;9;6;8;6;3;5;9;94
350270;APIAI;35;239;226;240;246;362;288;298;267;282;292;299;325;3364
350275;ARACARIGUAMA;35;0;0;0;0;0;0;0;0;0;0;0;0;0
350280;ARACATUBA;35;1752;1222;1194;1241;1285;1054;1176;1198;1254;1236;982;989;14583
350290;ARACOIABA DA SERRA;35;0;0;0;0;0;0;0;0;0;0;0;0;0
350300;ARAMINA;35;0;0;0;0;0;0;0;0;0;0;0;0;0
350310;ARANDU;35;10;3;8;10;8;7;8;11;12;10;9;8;104
350315;ARAPEI;35;0;0;0;0;0;0;0;0;0;0;0;0;0
350320;ARARAQUARA;35;1866;1589;1683;1722;1698;1507;1745;1779;1890;1803;1973;1614;20869
350330;ARARAS;35;452;524;549;702;698;605;602;596;607;689;647;692;7363
350335;ARCO-IRIS;35;0;0;0;0;0;0;0;0;0;0;0;0;0
350340;AREALVA;35;16;18;18;29;22;31;24;23;26;19;17;17;260
350350;AREIAS;35;0;0;0;0;0;0;0;0;0;0;0;0;0
350360;AREIOPOLIS;35;0;0;0;0;0;0;0;0;0;0;0;0;0
350370;ARIRANHA;35;0;0;0;0;0;0;0;0;0;0;0;0;0
350380;ARTUR NOGUEIRA;35;0;0;0;0;0;0;0;0;0;0;0;0;0
350390;ARUJA;35;181;121;139;0;0;0;0;0;0;0;0;0;441
350395;ASPASIA;35;0;0;0;0;0;0;0;0;0;0;0;0;0
350400;ASSIS;35;742;788;892;868;1013;943;974;952;830;994;852;895;10743
350410;ATIBAIA;35;301;352;389;439;411;409;415;405;339;336;379;360;4535
350420;AURIFLAMA;35;240;263;243;236;222;197;211;209;183;211;215;278;2708
350430;AVAI;35;0;0;0;0;0;0;0;0;0;0;0;0;0
350440;AVANHANDAVA;35;0;0;0;0;0;0;0;0;0;0;0;0;0
350450;AVARE;35;620;618;619;612;607;681;733;695;648;579;600;582;7594
350460;BADY BASSITT;35;0;0;0;0;0;0;0;0;0;0;0;0;0
350470;BALBINOS;35;0;0;0;0;0;0;0;0;0;0;0;0;0
350480;BALSAMO;35;0;0;0;0;0;0;0;0;0;0;0;0;0
350490;BANANAL;35;0;0;0;0;0;0;0;0;0;0;0;0;0
350500;BARAO DE ANTONINA;35;0;0;0;0;0;0;0;0;0;0;0;0;0
350510;BARBOSA;35;0;0;0;0;0;0;0;0;0;0;0;0;0
350520;BARIRI;35;131;144;169;176;173;158;189;202;214;213;153;173;2095
350530;BARRA BONITA;35;181;157;159;179;210;210;214;205;183;184;161;163;2206
350535;BARRA DO CHAPEU;35;0;0;0;0;0;0;0;0;0;0;0;0;0
350540;BARRA DO TURVO;35;0;0;0;0;0;0;0;0;0;0;0;0;0
350550;BARRETOS;35;2760;2511;2735;2658;2686;2682;2604;2892;2877;2633;2930;2687;32655
350560;BARRINHA;35;0;0;0;0;0;0;0;0;0;0;0;0;0
350570;BARUERI;35;2563;2552;3267;3407;3866;3165;3296;3452;3430;3659;3215;3008;38880
350580;BASTOS;35;115;99;121;128;136;116;122;96;80;83;91;98;1285
350590;BATATAIS;35;329;340;397;374;431;368;331;363;308;310;275;301;4127
350600;BAURU;35;3209;3251;3394;3505;3585;3162;3442;3550;3480;3808;3637;3731;41754
350610;BEBEDOURO;35;703;707;777;805;862;689;786;767;720;786;704;638;8944
350620;BENTO DE ABREU;35;0;0;0;0;0;0;0;0;0;0;0;0;0
350630;BERNARDINO DE CAMPOS;35;61;66;88;57;66;63;62;78;65;72;59;59;796
350635;BERTIOGA;35;278;255;277;272;301;274;284;269;287;316;300;250;3363
350640;BILAC;35;36;27;22;17;14;16;19;22;22;23;15;17;250
350650;BIRIGUI;35;374;352;419;390;424;402;417;417;416;416;416;417;4860
350660;BIRITIBA MIRIM;35;0;0;0;0;0;0;0;0;0;0;0;0;0
350670;BOA ESPERANCA DO SUL;35;4;1;3;2;5;3;12;11;8;8;17;16;90
350680;BOCAINA;35;12;13;12;12;14;13;15;12;15;16;10;7;151
350690;BOFETE;35;0;0;0;0;0;0;0;0;0;0;0;0;0
350700;BOITUVA;35;157;187;206;180;229;197;207;202;191;193;160;152;2261
350710;BOM JESUS DOS PERDOES;35;13;14;11;14;14;24;21;24;13;14;16;18;196
350715;BOM SUCESSO DE ITARARE;35;0;0;0;0;0;0;0;0;0;0;0;0;0
350720;BORA;35;0;0;0;0;0;0;0;0;0;0;0;0;0
350730;BORACEIA;35;0;0;0;0;0;0;0;0;0;0;0;0;0
350740;BORBOREMA;35;60;68;74;83;66;73;64;76;75;66;83;90;878
350745;BOREBI;35;0;0;0;0;0;0;0;0;0;0;0;0;0
350750;BOTUCATU;35;2360;2300;2371;2164;2773;2423;2518;2641;2532;2651;2629;2437;29799
350760;BRAGANCA PAULISTA;35;1587;1515;1590;1507;1616;1473;1656;1576;1635;1522;1449;1310;18436
350770;BRAUNA;35;0;0;0;0;0;0;0;0;0;0;0;0;0
350775;BREJO ALEGRE;35;0;0;0;0;0;0;0;0;0;0;0;0;0
350780;BRODOWSKI;35;0;0;0;0;0;0;0;0;0;0;0;0;0
350790;BROTAS;35;47;62;64;78;84;80;71;64;56;49;43;52;750
350800;BURI;35;0;0;0;0;0;0;0;0;0;0;0;0;0
350810;BURITAMA;35;69;100;99;105;116;101;115;134;119;152;109;120;1339
350820;BURITIZAL;35;0;0;0;0;0;0;0;0;0;0;0;0;0
350830;CABRALIA PAULISTA;35;0;0;0;0;0;0;0;0;0;0;0;0;0
350840;CABREUVA;35;67;64;74;57;0;93;64;29;30;0;94;234;806
350850;CACAPAVA;35;299;142;199;131;59;293;305;549;386;301;326;267;3257
350860;CACHOEIRA PAULISTA;35;0;0;0;0;0;0;0;0;0;0;0;0;0
350870;CACONDE;35;87;101;143;154;205;109;186;177;188;165;173;124;1812
350880;CAFELANDIA;35;99;98;95;103;94;89;95;88;71;60;78;65;1035
350890;CAIABU;35;0;0;0;0;0;0;0;0;0;0;0;0;0
350900;CAIEIRAS;35;264;435;416;396;409;358;426;438;389;402;361;419;4713
350910;CAIUA;35;0;0;0;0;0;0;0;0;0;0;0;0;0
350920;CAJAMAR;35;230;297;330;283;348;303;233;256;304;250;300;306;3440
350925;CAJATI;35;0;0;0;0;0;0;0;0;0;0;0;0;0
350930;CAJOBI;35;35;54;59;35;63;63;49;50;47;42;31;28;556
350940;CAJURU;35;310;330;297;297;323;301;290;300;274;278;250;249;3499
350945;CAMPINA DO MONTE ALEGRE;35;0;0;0;0;0;0;0;0;0;0;0;0;0
350950;CAMPINAS;35;7606;7392;6941;7103;8053;7098;7881;7375;7786;7808;7443;6507;88993
350960;CAMPO LIMPO PAULISTA;35;368;355;406;363;369;291;362;307;317;344;300;353;4135
350970;CAMPOS DO JORDAO;35;227;238;264;230;224;223;240;252;212;236;235;214;2795
350980;CAMPOS NOVOS PAULISTA;35;0;0;0;0;0;0;0;0;0;0;0;0;0
350990;CANANEIA;35;0;0;0;0;0;0;0;0;0;0;0;0;0
350995;CANAS;35;0;0;0;0;0;0;0;0;0;0;0;0;0
351000;CANDIDO MOTA;35;159;198;213;190;197;204;232;167;259;201;172;173;2365
351010;CANDIDO RODRIGUES;35;0;0;0;0;0;0;0;0;0;0;0;0;0
351015;CANITAR;35;0;0;0;0;0;0;0;0;0;0;0;0;0
351020;CAPAO BONITO;35;186;197;235;233;247;270;260;234;249;258;229;267;2865
351030;CAPELA DO ALTO;35;0;0;0;0;0;0;0;0;0;0;0;0;0
351040;CAPIVARI;35;221;151;266;254;190;185;234;264;223;316;186;206;2696
351050;CARAGUATATUBA;35;1841;1777;1951;1916;2031;1918;1879;2106;1874;2170;1973;1788;23224
351060;CARAPICUIBA;35;1518;1566;1636;1585;1585;1453;1486;1382;791;1667;1325;1456;17450
351070;CARDOSO;35;29;58;49;39;56;44;37;30;46;35;39;32;494
351080;CASA BRANCA;35;163;128;199;211;201;200;230;197;189;226;190;211;2345
351090;CASSIA DOS COQUEIROS;35;0;0;0;0;0;0;0;0;0;0;0;0;0
351100;CASTILHO;35;108;104;109;99;110;95;78;122;92;121;84;75;1197
351110;CATANDUVA;35;1277;1532;1785;1554;1568;1540;1576;1514;1635;1579;1259;1647;18466
351120;CATIGUA;35;0;0;0;0;0;0;0;0;0;0;0;0;0
351130;CEDRAL;35;0;0;0;0;0;0;0;0;0;0;0;0;0
351140;CERQUEIRA CESAR;35;124;131;158;163;143;166;149;132;127;147;106;126;1672
351150;CERQUILHO;35;50;50;62;33;47;138;28;69;90;51;151;99;868
351160;CESARIO LANGE;35;28;48;27;27;54;58;45;42;46;50;55;44;524
351170;CHARQUEADA;35;22;20;24;17;27;27;36;27;26;18;27;23;294
351190;CLEMENTINA;35;27;31;22;21;39;34;25;14;24;27;16;14;294
351200;COLINA;35;76;89;92;98;102;83;97;84;88;114;72;81;1076
351210;COLOMBIA;35;4;2;2;3;2;0;6;3;3;1;6;3;35
351220;CONCHAL;35;130;155;179;198;202;208;192;218;185;318;333;233;2551
351230;CONCHAS;35;43;54;54;32;24;32;36;24;24;21;20;16;380
351240;CORDEIROPOLIS;35;0;0;0;0;0;0;0;0;0;0;0;0;0
351250;COROADOS;35;0;0;0;0;0;0;0;0;0;0;0;0;0
351260;CORONEL MACEDO;35;0;0;0;0;0;0;0;0;0;0;0;0;0
351270;CORUMBATAI;35;0;0;0;0;0;0;0;0;0;0;0;0;0
351280;COSMOPOLIS;35;144;125;146;159;148;153;138;179;152;140;160;154;1798
351290;COSMORAMA;35;0;0;0;0;0;0;0;0;0;0;0;0;0
351300;COTIA;35;1135;1090;1158;1110;1212;1187;1104;1187;768;1413;1025;1195;13584
351310;CRAVINHOS;35;32;27;26;38;38;31;33;31;36;32;19;15;358
351320;CRISTAIS PAULISTA;35;0;0;0;0;0;0;0;0;0;0;0;0;0
351330;CRUZALIA;35;0;0;0;0;0;0;0;0;0;0;0;0;0
351340;CRUZEIRO;35;425;457;488;512;524;530;454;485;443;482;457;499;5756
351350;CUBATAO;35;520;459;529;507;578;576;558;539;565;575;547;583;6536
351360;CUNHA;35;112;123;105;118;125;140;122;116;110;129;105;119;1424
351370;DESCALVADO;35;142;166;192;145;159;127;154;122;183;145;150;147;1832
351380;DIADEMA;35;1746;1874;1894;1795;1900;1951;2029;2189;1892;1870;1790;1863;22793
351385;DIRCE REIS;35;0;0;0;0;0;0;0;0;0;0;0;0;0
351390;DIVINOLANDIA;35;384;368;397;435;443;398;466;422;379;429;370;264;4755
351400;DOBRADA;35;0;0;0;0;0;0;0;0;0;0;0;0;0
351410;DOIS CORREGOS;35;61;75;96;89;112;110;130;125;108;79;105;119;1209
351420;DOLCINOPOLIS;35;0;0;0;0;0;0;0;0;0;0;0;0;0
351430;DOURADO;35;0;0;0;0;0;0;0;0;0;0;0;0;0
351440;DRACENA;35;316;240;269;290;339;290;290;252;277;250;264;281;3358
351450;DUARTINA;35;271;116;152;137;162;128;142;152;121;136;106;133;1756
351460;DUMONT;35;0;0;0;0;0;0;0;0;0;0;0;0;0
351470;ECHAPORA;35;0;0;0;0;0;0;0;0;0;0;0;0;0
351480;ELDORADO;35;0;0;0;0;0;0;0;0;0;0;0;0;0
351490;ELIAS FAUSTO;35;0;0;0;0;0;0;0;0;0;0;0;0;0
351492;ELISIARIO;35;0;0;0;0;0;0;0;0;0;0;0;0;0
351495;EMBAUBA;35;0;0;0;0;0;0;0;0;0;0;0;0;0
351500;EMBU DAS ARTES;35;239;216;262;318;178;259;318;431;311;275;321;216;3344
351510;EMBU-GUACU;35;92;96;102;86;122;98;100;104;107;100;109;107;1223
351512;EMILIANOPOLIS;35;0;0;0;0;0;0;0;0;0;0;0;0;0
351515;ENGENHEIRO COELHO;35;0;0;0;0;0;0;0;0;0;0;0;0;0
351518;ESPIRITO SANTO DO PINHAL;35;333;326;317;380;380;347;353;396;349;394;391;389;4355
351519;ESPIRITO SANTO DO TURVO;35;0;0;0;0;0;0;0;0;0;0;0;0;0
351520;ESTRELA D'OESTE;35;97;75;65;81;83;68;75;57;69;68;57;43;838
351530;ESTRELA DO NORTE;35;0;0;0;0;0;0;0;0;0;0;0;0;0
351535;EUCLIDES DA CUNHA PAULISTA;35;0;0;0;0;0;0;0;0;0;0;0;0;0
351540;FARTURA;35;62;62;86;81;69;78;75;81;75;110;109;107;995
351550;FERNANDOPOLIS;35;536;502;491;471;572;534;601;575;611;541;756;538;6728
351560;FERNANDO PRESTES;35;0;0;0;0;0;0;0;0;0;0;0;0;0
351565;FERNAO;35;0;0;0;0;0;0;0;0;0;0;0;0;0
351570;FERRAZ DE VASCONCELOS;35;640;562;367;665;562;564;782;662;674;938;807;452;7675
351580;FLORA RICA;35;0;0;0;0;0;0;0;0;0;0;0;0;0
351590;FLOREAL;35;0;0;0;0;0;0;0;0;0;0;0;0;0
351600;FLORIDA PAULISTA;35;97;79;82;71;61;75;76;82;76;82;89;89;959
351610;FLORINEA;35;0;0;0;0;0;0;0;0;0;0;0;0;0
351620;FRANCA;35;1964;1871;1996;2069;2117;1972;2054;2134;2167;2223;1998;2044;24609
351630;FRANCISCO MORATO;35;976;1032;1159;1078;1204;999;1009;1296;914;1358;1138;1246;13409
351640;FRANCO DA ROCHA;35;638;661;680;743;705;726;747;745;649;712;746;701;8453
351650;GABRIEL MONTEIRO;35;0;0;0;0;0;0;0;0;0;0;0;0;0
351660;GALIA;35;3;8;14;12;8;13;19;10;13;12;15;17;144
351670;GARCA;35;253;273;292;254;267;265;265;276;223;233;211;207;3019
351680;GASTAO VIDIGAL;35;0;0;0;0;0;0;0;0;0;0;0;0;0
351685;GAVIAO PEIXOTO;35;0;0;0;0;0;0;0;0;0;0;0;0;0
351690;GENERAL SALGADO;35;64;58;52;40;50;39;44;49;32;31;27;31;517
351700;GETULINA;35;23;29;25;27;33;40;39;38;39;32;25;23;373
351710;GLICERIO;35;0;0;0;0;0;0;0;0;0;0;0;0;0
351720;GUAICARA;35;0;0;0;0;0;0;0;0;0;0;0;0;0
351730;GUAIMBE;35;0;0;0;0;0;0;0;0;0;0;0;0;0
351740;GUAIRA;35;191;262;300;327;284;299;308;301;306;274;285;321;3458
351750;GUAPIACU;35;0;0;0;0;0;0;0;0;0;0;0;0;0
351760;GUAPIARA;35;20;21;7;20;16;27;19;25;25;32;29;16;257
351770;GUARA;35;71;74;85;78;78;78;79;66;74;77;62;97;919
351780;GUARACAI;35;66;56;42;43;65;36;49;40;53;42;41;43;576
351790;GUARACI;35;0;0;0;0;0;0;0;0;0;0;0;0;0
351800;GUARANI D'OESTE;35;0;0;0;0;0;0;0;0;0;0;0;0;0
351810;GUARANTA;35;0;0;0;0;0;0;0;0;0;0;0;0;0
351820;GUARARAPES;35;133;147;124;134;164;151;141;145;129;155;121;123;1667
351830;GUARAREMA;35;86;80;110;86;127;99;116;128;134;124;104;138;1332
351840;GUARATINGUETA;35;497;467;532;517;523;586;631;575;530;532;526;441;6357
351850;GUAREI;35;0;0;0;0;0;0;0;0;0;0;0;0;0
351860;GUARIBA;35;96;118;153;139;143;134;116;105;115;121;107;113;1460
351870;GUARUJA;35;1295;1107;1091;1123;1207;1168;1161;1120;1088;1147;1037;1107;13651
351880;GUARULHOS;35;4501;4266;4700;5169;5200;4450;5118;4697;5011;5297;4353;4371;57133
351885;GUATAPARA;35;0;0;0;0;0;0;0;0;0;0;0;0;0
351890;GUZOLANDIA;35;0;0;0;0;0;0;0;0;0;0;0;0;0
351900;HERCULANDIA;35;64;67;76;78;91;56;68;80;34;62;39;61;776
351905;HOLAMBRA;35;0;0;0;0;0;0;0;0;0;0;0;0;0
351907;HORTOLANDIA;35;576;515;428;442;473;438;468;610;474;460;443;485;5812
351910;IACANGA;35;19;58;53;78;97;78;77;73;80;47;62;38;760
351920;IACRI;35;0;0;0;0;0;0;0;0;0;0;0;0;0
351925;IARAS;35;0;0;0;0;0;0;0;0;0;0;0;0;0
351930;IBATE;35;88;79;94;71;110;104;86;81;83;74;78;78;1026
351940;IBIRA;35;100;33;55;24;30;27;34;39;33;30;34;33;472
351950;IBIRAREMA;35;0;0;0;0;0;0;0;0;0;0;0;0;0
351960;IBITINGA;35;226;320;370;398;486;478;478;498;377;389;358;392;4770
351970;IBIUNA;35;320;323;406;405;400;346;349;385;404;401;334;285;4358
351980;ICEM;35;0;0;0;0;0;0;0;0;0;0;0;0;0
351990;IEPE;35;62;47;71;62;88;63;76;67;62;63;46;55;762
352000;IGARACU DO TIETE;35;0;0;0;0;0;0;0;0;0;0;0;0;0
352010;IGARAPAVA;35;97;98;101;106;118;134;129;133;132;138;111;107;1404
352020;IGARATA;35;0;0;0;0;0;0;0;0;0;0;0;0;0
352030;IGUAPE;35;0;0;0;0;0;0;0;0;0;0;0;0;0
352040;ILHABELA;35;326;254;272;325;348;276;296;265;279;259;222;219;3341
352042;ILHA COMPRIDA;35;0;0;0;0;0;0;0;0;0;0;0;0;0
352044;ILHA SOLTEIRA;35;184;206;221;209;234;209;264;250;262;281;203;218;2741
352050;INDAIATUBA;35;1987;1743;1913;1940;2268;1825;1950;1962;1914;1990;1872;1753;23117
352060;INDIANA;35;0;0;0;0;0;0;0;0;0;0;0;0;0
352070;INDIAPORA;35;41;19;27;32;37;29;33;29;24;42;28;27;368
352080;INUBIA PAULISTA;35;0;0;0;0;0;0;0;0;0;0;0;0;0
352090;IPAUSSU;35;50;47;76;49;63;71;62;83;96;61;44;59;761
352100;IPERO;35;0;0;0;0;0;0;0;0;0;0;0;0;0
352110;IPEUNA;35;0;0;0;0;0;0;0;0;0;0;0;0;0
352115;IPIGUA;35;0;0;0;0;0;0;0;0;0;0;0;0;0
352120;IPORANGA;35;0;0;0;0;0;0;0;0;0;0;0;0;0
352130;IPUA;35;57;84;78;77;75;87;104;91;107;89;89;85;1023
352140;IRACEMAPOLIS;35;0;0;0;0;0;0;0;0;0;0;0;0;0
352150;IRAPUA;35;0;0;0;0;0;0;0;0;0;0;0;0;0
352160;IRAPURU;35;0;0;0;0;0;0;0;0;0;0;0;0;0
352170;ITABERA;35;69;84;103;73;153;119;102;73;103;118;105;89;1191
352180;ITAI;35;22;79;70;62;75;111;84;75;103;89;69;100;939
352190;ITAJOBI;35;64;73;87;62;66;83;73;82;64;48;48;47;797
352200;ITAJU;35;0;0;0;0;0;0;0;0;0;0;0;0;0
352210;ITANHAEM;35;1102;974;986;1061;973;840;877;1116;1008;1019;956;1008;11920
352215;ITAOCA;35;0;0;0;0;0;0;0;0;0;0;0;0;0
352220;ITAPECERICA DA SERRA;35;1375;1274;1461;1468;1449;1425;1518;848;1466;2175;1356;1412;17227
352230;ITAPETININGA;35;830;780;896;910;938;887;945;885;857;859;830;819;10436
352240;ITAPEVA;35;719;754;824;692;880;878;874;789;728;907;919;788;9752
352250;ITAPEVI;35;1327;1194;1378;1445;1565;1356;1463;1393;1360;1337;1236;1245;16299
352260;ITAPIRA;35;578;566;605;625;614;569;553;569;493;517;472;523;6684
352265;ITAPIRAPUA PAULISTA;35;0;0;0;0;0;0;0;0;0;0;0;0;0
352270;ITAPOLIS;35;215;273;269;295;316;297;288;293;297;284;296;246;3369
352280;ITAPORANGA;35;90;103;93;92;106;108;111;85;98;97;79;106;1168
352290;ITAPUI;35;11;14;19;8;0;0;12;0;0;0;0;0;64
352300;ITAPURA;35;0;0;0;0;0;0;0;0;0;0;0;0;0
352310;ITAQUAQUECETUBA;35;1233;1133;1366;1197;1323;1156;1278;1208;1322;1213;1229;1234;14892
352320;ITARARE;35;287;314;282;294;319;302;366;331;328;348;330;357;3858
352330;ITARIRI;35;0;0;0;0;0;0;0;0;0;0;0;0;0
352340;ITATIBA;35;504;418;498;458;540;490;553;618;552;581;557;716;6485
352350;ITATINGA;35;27;27;39;35;24;23;27;36;27;27;14;20;326
352360;ITIRAPINA;35;12;10;11;13;17;17;13;8;10;12;8;7;138
352370;ITIRAPUA;35;0;0;0;0;0;0;0;0;0;0;0;0;0
352380;ITOBI;35;0;0;0;0;0;0;0;0;0;0;0;0;0
352390;ITU;35;742;733;802;864;833;762;764;776;719;694;670;630;8989
352400;ITUPEVA;35;153;191;216;179;205;191;204;180;179;181;187;100;2166
352410;ITUVERAVA;35;294;282;282;337;354;308;342;392;345;356;278;276;3846
352420;JABORANDI;35;1;6;2;4;7;3;3;3;7;7;2;6;51
352430;JABOTICABAL;35;193;185;204;189;195;166;181;156;194;182;184;154;2183
352440;JACAREI;35;1074;1055;1165;1156;1200;1183;1206;1332;1215;1311;1149;1161;14207
352450;JACI;35;63;80;56;80;52;53;64;59;58;59;54;43;721
352460;JACUPIRANGA;35;0;0;0;0;0;0;0;0;0;0;0;0;0
352470;JAGUARIUNA;35;230;273;302;350;360;404;390;333;319;330;331;288;3910
352480;JALES;35;762;678;731;724;735;717;801;704;719;735;579;806;8691
352490;JAMBEIRO;35;0;0;0;0;0;0;0;0;0;0;0;0;0
352500;JANDIRA;35;0;0;0;0;0;0;0;0;0;0;0;0;0
352510;JARDINOPOLIS;35;0;0;0;0;0;0;0;0;0;0;0;0;0
352520;JARINU;35;54;57;59;80;66;43;56;59;55;49;43;51;672
352530;JAU;35;2253;2094;2218;2287;2451;2308;2299;2167;2361;2481;2222;2190;27331
352540;JERIQUARA;35;0;0;0;0;0;0;0;0;0;0;0;0;0
352550;JOANOPOLIS;35;19;20;12;18;27;17;12;14;16;16;23;23;217
352560;JOAO RAMALHO;35;0;0;0;0;0;0;0;0;0;0;0;0;0
352570;JOSE BONIFACIO;35;194;252;191;149;225;180;184;191;193;201;200;195;2355
352580;JULIO MESQUITA;35;0;0;0;0;0;0;0;0;0;0;0;0;0
352585;JUMIRIM;35;0;0;0;0;0;0;0;0;0;0;0;0;0
352590;JUNDIAI;35;3552;3617;3868;3531;3939;3584;3689;3430;3582;3468;3151;2887;42298
352600;JUNQUEIROPOLIS;35;80;93;112;98;116;101;98;101;119;116;84;102;1220
352610;JUQUIA;35;0;0;0;0;0;0;0;0;0;0;0;0;0
352620;JUQUITIBA;35;0;0;0;0;0;0;0;0;0;0;0;0;0
352630;LAGOINHA;35;0;0;0;0;0;0;0;0;0;0;0;0;0
352640;LARANJAL PAULISTA;35;127;141;153;141;0;123;136;129;115;119;135;142;1461
352650;LAVINIA;35;0;0;0;0;0;0;0;0;0;0;0;0;0
352660;LAVRINHAS;35;0;0;0;0;0;0;0;0;0;0;0;0;0
352670;LEME;35;471;424;434;516;523;507;456;475;442;472;449;472;5641
352680;LENCOIS PAULISTA;35;225;209;220;241;237;214;235;240;231;274;270;260;2856
352690;LIMEIRA;35;1238;1336;1312;1363;1471;1341;1454;1373;1331;1469;1287;1277;16252
352700;LINDOIA;35;0;0;0;0;0;0;0;0;0;0;0;0;0
352710;LINS;35;554;557;562;625;567;612;663;608;689;724;636;667;7464
352720;LORENA;35;414;421;440;421;455;405;431;429;402;386;313;405;4922
352725;LOURDES;35;0;0;0;0;0;0;0;0;0;0;0;0;0
352730;LOUVEIRA;35;218;184;224;257;241;226;222;239;205;208;204;232;2660
352740;LUCELIA;35;50;43;67;73;60;52;57;63;59;47;57;51;679
352750;LUCIANOPOLIS;35;0;0;0;0;0;0;0;0;0;0;0;0;0
352760;LUIS ANTONIO;35;0;0;0;0;0;0;0;0;0;0;0;0;0
352770;LUIZIANIA;35;0;0;0;0;0;0;0;0;0;0;0;0;0
352780;LUPERCIO;35;0;0;0;0;0;0;0;0;0;0;0;0;0
352790;LUTECIA;35;0;0;0;0;0;0;0;0;0;0;0;0;0
352800;MACATUBA;35;54;73;72;85;77;97;65;68;91;76;42;60;860
352810;MACAUBAL;35;12;13;10;11;10;13;11;8;6;8;6;3;111
352820;MACEDONIA;35;0;0;0;0;0;0;0;0;0;0;0;0;0
352830;MAGDA;35;0;0;0;0;0;0;0;0;0;0;0;0;0
352840;MAIRINQUE;35;0;0;0;0;0;0;0;0;0;0;0;0;0
352850;MAIRIPORA;35;235;254;269;289;264;260;222;231;230;251;224;241;2970
352860;MANDURI;35;0;0;0;0;0;0;0;0;0;0;0;0;0
352870;MARABA PAULISTA;35;0;0;0;0;0;0;0;0;0;0;0;0;0
352880;MARACAI;35;63;74;66;85;74;84;105;71;81;73;70;56;902
352885;MARAPOAMA;35;0;0;0;0;0;0;0;0;0;0;0;0;0
352890;MARIAPOLIS;35;0;0;0;0;0;0;0;0;0;0;0;0;0
352900;MARILIA;35;2242;2241;2597;2569;2691;2564;2642;2609;2774;2743;2517;2578;30767
352910;MARINOPOLIS;35;0;0;0;0;0;0;0;0;0;0;0;0;0
352920;MARTINOPOLIS;35;239;245;261;226;220;216;253;238;267;246;268;277;2956
352930;MATAO;35;723;612;533;496;553;539;530;515;612;519;548;481;6661
352940;MAUA;35;1302;1039;1240;1080;1245;1083;1193;1177;1153;1112;1026;1140;13790
352950;MENDONCA;35;0;0;0;0;0;0;0;0;0;0;0;0;0
352960;MERIDIANO;35;0;0;0;0;0;0;0;0;0;0;0;0;0
352965;MESOPOLIS;35;0;0;0;0;0;0;0;0;0;0;0;0;0
352970;MIGUELOPOLIS;35;76;53;96;66;82;111;126;123;102;104;71;89;1099
352980;MINEIROS DO TIETE;35;0;0;0;0;0;0;0;0;0;0;0;0;0
352990;MIRACATU;35;0;0;0;0;0;0;0;0;0;0;0;0;0
353000;MIRA ESTRELA;35;0;0;0;0;0;0;0;0;0;0;0;0;0
353010;MIRANDOPOLIS;35;253;281;302;311;341;241;219;366;281;318;236;265;3414
353020;MIRANTE DO PARANAPANEMA;35;0;0;0;0;0;0;0;0;0;0;0;0;0
353030;MIRASSOL;35;211;211;243;218;183;162;189;182;180;59;0;0;1838
353040;MIRASSOLANDIA;35;0;0;0;0;0;0;0;0;0;0;0;0;0
353050;MOCOCA;35;390;407;455;467;482;452;456;451;445;447;443;417;5312
353060;MOGI DAS CRUZES;35;3008;2645;2753;3191;3303;3058;3505;3254;3099;2855;2924;2588;36183
353070;MOGI GUACU;35;942;829;935;839;891;874;875;847;938;835;755;751;10311
353080;MOGI MIRIM;35;399;406;481;451;469;532;469;426;389;423;427;436;5308
353090;MOMBUCA;35;0;0;0;0;0;0;0;0;0;0;0;0;0
353100;MONCOES;35;0;0;0;0;0;0;0;0;0;0;0;0;0
353110;MONGAGUA;35;152;86;91;83;107;134;104;92;72;81;78;82;1162
353120;MONTE ALEGRE DO SUL;35;0;0;0;0;0;0;0;0;0;0;0;0;0
353130;MONTE ALTO;35;170;195;228;240;254;219;225;232;259;215;177;226;2640
353140;MONTE APRAZIVEL;35;329;259;209;232;217;185;229;297;344;308;308;275;3192
353150;MONTE AZUL PAULISTA;35;103;111;119;145;185;131;133;151;147;130;123;141;1619
353160;MONTE CASTELO;35;0;0;0;0;0;0;0;0;0;0;0;0;0
353170;MONTEIRO LOBATO;35;0;0;0;0;0;0;0;0;0;0;0;0;0
353180;MONTE MOR;35;88;77;103;109;117;91;118;109;90;84;107;91;1184
353190;MORRO AGUDO;35;136;147;155;179;183;167;150;155;141;145;134;164;1856
353200;MORUNGABA;35;15;12;15;14;18;27;32;15;27;19;25;18;237
353205;MOTUCA;35;0;0;0;0;0;0;0;0;0;0;0;0;0
353210;MURUTINGA DO SUL;35;0;0;0;0;0;0;0;0;0;0;0;0;0
353215;NANTES;35;0;0;0;0;0;0;0;0;0;0;0;0;0
353220;NARANDIBA;35;0;0;0;0;0;0;0;0;0;0;0;0;0
353230;NATIVIDADE DA SERRA;35;0;0;0;0;0;0;0;0;0;0;0;0;0
353240;NAZARE PAULISTA;35;36;43;44;36;52;48;43;48;36;38;30;34;488
353250;NEVES PAULISTA;35;7;3;5;3;3;7;5;5;5;6;6;7;62
353260;NHANDEARA;35;202;215;206;189;237;251;213;234;221;235;208;248;2659
353270;NIPOA;35;0;0;0;0;0;0;0;0;0;0;0;0;0
353280;NOVA ALIANCA;35;0;0;0;0;0;0;0;0;0;0;0;0;0
353282;NOVA CAMPINA;35;0;0;0;0;0;0;0;0;0;0;0;0;0
353284;NOVA CANAA PAULISTA;35;0;0;0;0;0;0;0;0;0;0;0;0;0
353286;NOVA CASTILHO;35;0;0;0;0;0;0;0;0;0;0;0;0;0
353290;NOVA EUROPA;35;29;25;25;30;38;34;12;34;33;28;24;37;349
353300;NOVA GRANADA;35;164;164;221;209;200;172;168;163;163;178;177;160;2139
353310;NOVA GUATAPORANGA;35;0;0;0;0;0;0;0;0;0;0;0;0;0
353320;NOVA INDEPENDENCIA;35;0;0;0;0;0;0;0;0;0;0;0;0;0
353325;NOVAIS;35;0;0;0;0;0;0;0;0;0;0;0;0;0
353330;NOVA LUZITANIA;35;0;0;0;0;0;0;0;0;0;0;0;0;0
353340;NOVA ODESSA;35;76;103;145;125;133;130;134;158;128;128;128;133;1521
353350;NOVO HORIZONTE;35;219;250;221;209;246;234;203;215;212;170;184;170;2533
353360;NUPORANGA;35;0;0;0;0;0;0;0;0;0;0;0;0;0
353370;OCAUCU;35;0;0;0;0;0;0;0;0;0;0;0;0;0
353380;OLEO;35;0;0;0;0;0;0;0;0;0;0;0;0;0
353390;OLIMPIA;35;407;279;355;363;369;363;337;336;296;303;248;295;3951
353400;ONDA VERDE;35;0;0;0;0;0;0;0;0;0;0;0;0;0
353410;ORIENTE;35;0;0;0;0;0;0;0;0;0;0;0;0;0
353420;ORINDIUVA;35;0;0;0;0;0;0;0;0;0;0;0;0;0
353430;ORLANDIA;35;176;197;211;192;212;208;195;146;266;293;222;248;2566
353440;OSASCO;35;2325;2104;2509;2447;2542;2458;2459;2347;2242;2330;2135;1996;27894
353450;OSCAR BRESSANE;35;0;0;0;0;0;0;0;0;0;0;0;0;0
353460;OSVALDO CRUZ;35;226;233;231;258;263;219;226;208;222;232;184;203;2705
353470;OURINHOS;35;913;829;1008;1049;992;852;850;939;919;896;946;922;11115
353475;OUROESTE;35;74;88;62;68;72;53;52;50;41;57;41;44;702
353480;OURO VERDE;35;0;0;0;0;0;0;0;0;0;0;0;0;0
353490;PACAEMBU;35;0;0;0;0;0;0;0;0;0;0;0;0;0
353500;PALESTINA;35;0;0;0;0;0;0;0;0;0;0;0;0;0
353510;PALMARES PAULISTA;35;0;0;0;0;0;0;0;0;0;0;0;0;0
353520;PALMEIRA D'OESTE;35;88;70;63;41;53;49;52;57;71;83;72;40;739
353530;PALMITAL;35;117;160;156;213;194;170;163;188;188;152;183;169;2053
353540;PANORAMA;35;0;0;0;0;0;0;0;0;0;0;0;0;0
353550;PARAGUACU PAULISTA;35;533;597;420;511;597;427;449;436;423;667;338;359;5757
353560;PARAIBUNA;35;0;0;0;0;0;0;0;0;0;0;0;0;0
353570;PARAISO;35;0;0;0;0;0;0;0;0;0;0;0;0;0
353580;PARANAPANEMA;35;58;39;63;70;83;49;75;75;71;67;64;51;765
353590;PARANAPUA;35;0;0;0;0;0;0;0;0;0;0;0;0;0
353600;PARAPUA;35;0;0;0;0;0;0;0;0;0;42;19;46;107
353610;PARDINHO;35;0;0;0;0;0;0;0;0;0;0;0;0;0
353620;PARIQUERA-ACU;35;891;789;994;793;886;809;756;821;822;754;782;754;9851
353625;PARISI;35;0;0;0;0;0;0;0;0;0;0;0;0;0
353630;PATROCINIO PAULISTA;35;62;55;79;101;91;68;68;81;68;104;78;67;922
353640;PAULICEIA;35;0;0;0;0;0;0;0;0;0;0;0;0;0
353650;PAULINIA;35;753;621;591;717;499;622;317;397;566;374;659;767;6883
353657;PAULISTANIA;35;0;0;0;0;0;0;0;0;0;0;0;0;0
353660;PAULO DE FARIA;35;9;17;8;10;16;13;8;11;10;4;13;17;136
353670;PEDERNEIRAS;35;151;167;194;209;196;184;156;190;188;93;163;130;2021
353680;PEDRA BELA;35;0;0;0;0;0;0;0;0;0;0;0;0;0
353690;PEDRANOPOLIS;35;0;0;0;0;0;0;0;0;0;0;0;0;0
353700;PEDREGULHO;35;102;92;93;123;123;129;82;106;98;88;92;100;1228
353710;PEDREIRA;35;68;60;88;98;90;88;88;100;103;89;102;101;1075
353715;PEDRINHAS PAULISTA;35;0;0;0;0;0;0;0;0;0;0;0;0;0
353720;PEDRO DE TOLEDO;35;0;0;0;0;0;0;0;0;0;0;0;0;0
353730;PENAPOLIS;35;409;476;502;517;500;522;499;480;495;505;432;555;5892
353740;PEREIRA BARRETO;35;87;87;55;75;79;53;75;62;74;77;88;112;924
353750;PEREIRAS;35;0;0;0;0;0;0;0;0;0;0;0;0;0
353760;PERUIBE;35;0;0;0;0;0;0;0;0;0;0;0;0;0
353770;PIACATU;35;0;0;0;0;0;0;0;0;0;0;0;0;0
353780;PIEDADE;35;226;320;242;222;249;282;216;284;246;254;231;250;3022
353790;PILAR DO SUL;35;94;64;72;100;60;116;78;89;97;90;70;70;1000
353800;PINDAMONHANGABA;35;671;602;689;522;530;368;444;512;554;725;561;625;6803
353810;PINDORAMA;35;0;0;0;0;0;0;0;0;0;0;0;0;0
353820;PINHALZINHO;35;0;0;0;0;0;0;0;0;0;0;0;0;0
353830;PIQUEROBI;35;0;0;0;0;0;0;0;0;0;0;0;0;0
353850;PIQUETE;35;0;0;0;0;0;0;0;0;0;0;0;0;0
353860;PIRACAIA;35;43;29;44;33;55;49;41;40;40;37;31;43;485
353870;PIRACICABA;35;2939;3238;3048;2872;3023;2980;2991;3070;3161;3189;3076;2451;36038
353880;PIRAJU;35;227;137;142;173;214;158;179;170;153;164;144;197;2058
353890;PIRAJUI;35;120;135;155;162;183;146;158;138;99;85;93;87;1561
353900;PIRANGI;35;86;104;105;121;121;88;102;128;116;149;175;115;1410
353910;PIRAPORA DO BOM JESUS;35;0;0;0;0;0;0;0;0;0;0;0;0;0
353920;PIRAPOZINHO;35;0;0;0;0;0;0;0;0;0;0;0;0;0
353930;PIRASSUNUNGA;35;182;172;231;242;268;219;238;207;230;234;222;221;2666
353940;PIRATININGA;35;42;15;29;34;45;22;42;24;19;21;20;22;335
353950;PITANGUEIRAS;35;161;140;145;140;153;143;118;131;117;114;98;120;1580
353960;PLANALTO;35;0;0;0;0;0;0;0;0;0;0;0;0;0
353970;PLATINA;35;0;0;0;0;0;0;0;0;0;0;0;0;0
353980;POA;35;0;0;0;0;0;0;0;0;0;0;0;0;0
353990;POLONI;35;0;0;0;0;0;0;0;0;0;0;0;0;0
354000;POMPEIA;35;45;55;88;66;71;66;74;72;83;66;88;27;801
354010;PONGAI;35;0;0;0;0;0;0;0;0;0;0;0;0;0
354020;PONTAL;35;169;160;91;160;131;116;123;111;99;77;175;132;1544
354025;PONTALINDA;35;0;0;0;0;0;0;0;0;0;0;0;0;0
354030;PONTES GESTAL;35;0;0;0;0;0;0;0;0;0;0;0;0;0
354040;POPULINA;35;22;18;13;13;18;7;18;10;10;12;11;13;165
354050;PORANGABA;35;0;0;0;0;0;0;0;0;0;0;0;0;0
354060;PORTO FELIZ;35;244;90;316;193;175;703;472;472;407;375;323;287;4057
354070;PORTO FERREIRA;35;234;206;122;221;304;232;169;189;235;257;197;197;2563
354075;POTIM;35;0;0;0;0;0;0;0;0;0;0;0;0;0
354080;POTIRENDABA;35;122;106;94;78;103;87;70;110;62;65;52;56;1005
354085;PRACINHA;35;0;0;0;0;0;0;0;0;0;0;0;0;0
354090;PRADOPOLIS;35;0;0;0;0;0;0;0;0;0;0;0;0;0
354100;PRAIA GRANDE;35;755;745;847;885;874;832;772;769;961;1035;943;978;10396
354105;PRATANIA;35;0;0;0;0;0;0;0;0;0;0;0;0;0
354110;PRESIDENTE ALVES;35;0;0;0;0;0;0;0;0;0;0;0;0;0
354120;PRESIDENTE BERNARDES;35;106;90;108;121;127;108;121;92;104;96;101;106;1280
354130;PRESIDENTE EPITACIO;35;258;223;256;247;265;278;298;268;232;213;226;279;3043
354140;PRESIDENTE PRUDENTE;35;3400;3679;3696;3438;3888;3582;3676;3802;3817;3777;3523;3290;43568
354150;PRESIDENTE VENCESLAU;35;229;201;234;201;258;203;189;164;194;184;209;192;2458
354160;PROMISSAO;35;273;214;527;467;328;287;278;408;315;333;361;320;4111
354165;QUADRA;35;0;0;0;0;0;0;0;0;0;0;0;0;0
354170;QUATA;35;0;0;0;0;0;0;0;0;0;0;0;0;0
354180;QUEIROZ;35;0;0;0;0;0;0;0;0;0;0;0;0;0
354190;QUELUZ;35;16;16;14;22;22;20;11;22;20;16;10;13;202
354200;QUINTANA;35;0;0;0;0;0;0;0;0;0;0;0;0;0
354210;RAFARD;35;0;0;0;0;0;0;0;0;0;0;0;0;0
354220;RANCHARIA;35;312;317;391;379;342;370;377;375;371;402;349;279;4264
354230;REDENCAO DA SERRA;35;0;0;0;0;0;0;0;0;0;0;0;0;0
354240;REGENTE FEIJO;35;66;78;148;118;158;121;79;76;79;111;58;32;1124
354250;REGINOPOLIS;35;0;0;0;0;0;0;0;0;0;0;0;0;0
354260;REGISTRO;35;722;803;793;892;986;831;915;843;751;812;505;485;9338
354270;RESTINGA;35;0;0;0;0;0;0;0;0;0;0;0;0;0
354280;RIBEIRA;35;0;0;0;0;0;0;0;0;0;0;0;0;0
354290;RIBEIRAO BONITO;35;14;15;16;15;39;29;31;28;29;37;49;35;337
354300;RIBEIRAO BRANCO;35;35;50;43;50;21;4;117;24;20;5;44;26;439
354310;RIBEIRAO CORRENTE;35;0;0;0;0;0;0;0;0;0;0;0;0;0
354320;RIBEIRAO DO SUL;35;0;0;0;0;0;0;0;0;0;0;0;0;0
354323;RIBEIRAO DOS INDIOS;35;0;0;0;0;0;0;0;0;0;0;0;0;0
354325;RIBEIRAO GRANDE;35;0;0;0;0;0;0;0;0;0;0;0;0;0
354330;RIBEIRAO PIRES;35;140;150;144;146;156;140;134;132;186;160;177;149;1814
354340;RIBEIRAO PRETO;35;7204;7596;7656;7138;7352;7083;7874;8159;8315;8448;8068;7973;92866
354350;RIVERSUL;35;0;0;0;0;0;0;0;0;0;0;0;0;0
354360;RIFAINA;35;0;0;0;0;0;0;0;0;0;0;0;0;0
354370;RINCAO;35;0;0;0;0;0;0;0;0;0;0;0;0;0
354380;RINOPOLIS;35;17;9;19;22;28;35;22;28;31;19;22;28;280
354390;RIO CLARO;35;765;780;820;856;902;837;879;1049;989;978;929;1078;10862
354400;RIO DAS PEDRAS;35;65;78;83;75;77;82;78;84;81;78;77;25;883
354410;RIO GRANDE DA SERRA;35;0;0;0;0;0;0;0;0;0;0;0;0;0
354420;RIOLANDIA;35;6;7;20;18;22;13;21;30;16;19;19;7;198
354425;ROSANA;35;233;245;274;282;312;294;255;255;321;249;258;267;3245
354430;ROSEIRA;35;0;0;0;0;0;0;0;0;0;0;0;0;0
354440;RUBIACEA;35;0;0;0;0;0;0;0;0;0;0;0;0;0
354450;RUBINEIA;35;0;0;0;0;0;0;0;0;0;0;0;0;0
354460;SABINO;35;0;0;0;0;0;0;0;0;0;0;0;0;0
354470;SAGRES;35;0;0;0;0;0;0;0;0;0;0;0;0;0
354480;SALES;35;0;0;0;0;0;0;0;0;0;0;0;0;0
354490;SALES OLIVEIRA;35;31;31;25;23;26;27;28;29;25;19;13;22;299
354500;SALESOPOLIS;35;29;37;45;45;4;0;31;23;34;41;40;46;375
354510;SALMOURAO;35;0;0;0;0;0;0;0;0;0;0;0;0;0
354515;SALTINHO;35;0;0;0;0;0;0;0;0;0;0;0;0;0
354520;SALTO;35;418;353;403;433;448;403;580;586;603;600;548;548;5923
354530;SALTO DE PIRAPORA;35;246;230;292;300;251;159;237;255;271;269;240;206;2956
354540;SALTO GRANDE;35;51;55;63;65;58;43;50;66;69;63;62;57;702
354550;SANDOVALINA;35;0;0;0;0;0;0;0;0;0;0;0;0;0
354560;SANTA ADELIA;35;83;84;92;77;110;101;93;81;98;104;85;62;1070
354570;SANTA ALBERTINA;35;0;0;0;0;0;0;0;0;0;0;0;0;0
354580;SANTA BARBARA D'OESTE;35;778;743;762;736;661;912;825;813;744;823;674;633;9104
354600;SANTA BRANCA;35;0;0;0;0;0;0;0;0;0;0;0;0;0
354610;SANTA CLARA D'OESTE;35;0;0;0;0;0;0;0;0;0;0;0;0;0
354620;SANTA CRUZ DA CONCEICAO;35;0;0;0;0;0;0;0;0;0;0;0;0;0
354625;SANTA CRUZ DA ESPERANCA;35;0;0;0;0;0;0;0;0;0;0;0;0;0
354630;SANTA CRUZ DAS PALMEIRAS;35;86;98;108;119;127;116;112;99;94;117;93;85;1254
354640;SANTA CRUZ DO RIO PARDO;35;277;272;366;404;394;354;421;352;375;350;335;331;4231
354650;SANTA ERNESTINA;35;0;0;0;0;0;0;0;0;0;0;0;0;0
354660;SANTA FE DO SUL;35;329;295;355;292;339;335;294;336;293;287;278;282;3715
354670;SANTA GERTRUDES;35;0;0;0;0;0;0;0;0;0;0;0;0;0
354680;SANTA ISABEL;35;154;150;182;180;188;185;155;199;178;172;168;184;2095
354690;SANTA LUCIA;35;0;0;0;0;0;0;0;0;0;0;0;0;0
354700;SANTA MARIA DA SERRA;35;0;0;0;0;0;0;0;0;0;0;0;0;0
354710;SANTA MERCEDES;35;0;0;0;0;0;0;0;0;0;0;0;0;0
354720;SANTANA DA PONTE PENSA;35;0;0;0;0;0;0;0;0;0;0;0;0;0
354730;SANTANA DE PARNAIBA;35;286;282;317;261;286;326;370;405;343;324;314;190;3704
354740;SANTA RITA D'OESTE;35;0;0;0;0;0;0;0;0;0;0;0;0;0
354750;SANTA RITA DO PASSA QUATRO;35;151;135;167;139;173;140;154;140;126;150;143;107;1725
354760;SANTA ROSA DE VITERBO;35;86;70;78;80;68;74;60;93;88;73;84;93;947
354765;SANTA SALETE;35;0;0;0;0;0;0;0;0;0;0;0;0;0
354770;SANTO ANASTACIO;35;184;174;197;162;198;179;178;144;185;171;167;179;2118
354780;SANTO ANDRE;35;4000;3565;3848;3742;3740;3835;4102;3872;3918;3614;3580;2976;44792
354790;SANTO ANTONIO DA ALEGRIA;35;7;6;13;15;15;16;9;16;13;18;11;9;148
354800;SANTO ANTONIO DE POSSE;35;0;0;0;0;0;0;0;0;0;0;0;0;0
354805;SANTO ANTONIO DO ARACANGUA;35;0;0;0;0;0;0;0;0;0;0;0;0;0
354810;SANTO ANTONIO DO JARDIM;35;0;0;0;0;0;0;0;0;0;0;0;0;0
354820;SANTO ANTONIO DO PINHAL;35;0;0;0;0;0;0;0;0;0;0;0;0;0
354830;SANTO EXPEDITO;35;0;0;0;0;0;0;0;0;0;0;0;0;0
354840;SANTOPOLIS DO AGUAPEI;35;0;0;0;0;0;0;0;0;0;0;0;0;0
354850;SANTOS;35;2647;2697;2959;2839;3051;2816;3046;2694;3047;2846;2688;2708;34038
354860;SAO BENTO DO SAPUCAI;35;35;39;31;54;30;64;63;53;43;44;40;37;533
354870;SAO BERNARDO DO CAMPO;35;3301;3273;3524;3459;4051;3968;3673;3210;3597;3560;3478;2993;42087
354880;SAO CAETANO DO SUL;35;977;1006;1251;980;1126;1032;1240;1232;1369;1255;1251;1052;13771
354890;SAO CARLOS;35;1582;1488;1724;1646;1747;1592;1859;1688;1669;1864;1802;2010;20671
354900;SAO FRANCISCO;35;0;0;0;0;0;0;0;0;0;0;0;0;0
354910;SAO JOAO DA BOA VISTA;35;562;510;542;519;634;486;608;566;553;546;522;504;6552
354920;SAO JOAO DAS DUAS PONTES;35;0;0;0;0;0;0;0;0;0;0;0;0;0
354925;SAO JOAO DE IRACEMA;35;0;0;0;0;0;0;0;0;0;0;0;0;0
354930;SAO JOAO DO PAU D'ALHO;35;0;0;0;0;0;0;0;0;0;0;0;0;0
354940;SAO JOAQUIM DA BARRA;35;249;229;295;258;310;352;375;369;340;323;308;284;3692
354950;SAO JOSE DA BELA VISTA;35;0;0;0;0;0;0;0;0;0;0;0;0;0
354960;SAO JOSE DO BARREIRO;35;0;0;0;0;0;0;0;0;0;0;0;0;0
354970;SAO JOSE DO RIO PARDO;35;373;364;377;357;397;400;386;357;342;419;344;342;4458
354980;SAO JOSE DO RIO PRETO;35;8204;7648;7708;7445;7984;7096;7696;8162;8459;8170;8187;7482;94241
354990;SAO JOSE DOS CAMPOS;35;4924;4509;5048;4779;4860;5152;5340;5162;4992;5000;4554;4444;58764
354995;SAO LOURENCO DA SERRA;35;0;0;0;0;0;0;0;0;0;0;0;0;0
355000;SAO LUIS DO PARAITINGA;35;8;18;9;13;12;24;19;16;16;18;16;12;181
355010;SAO MANUEL;35;185;157;193;149;177;169;173;152;153;154;144;131;1937
355020;SAO MIGUEL ARCANJO;35;97;104;104;40;90;203;133;111;98;92;127;86;1285
355030;SAO PAULO;35;60597;58258;61044;62390;65739;63893;65420;64994;63707;65482;60994;57008;749526
355040;SAO PEDRO;35;268;275;308;318;336;351;379;452;373;386;377;353;4176
355050;SAO PEDRO DO TURVO;35;0;0;0;0;0;0;0;0;0;0;0;0;0
355060;SAO ROQUE;35;368;345;446;463;275;289;302;496;481;443;402;485;4795
355070;SAO SEBASTIAO;35;417;386;456;538;465;575;543;546;499;520;481;567;5993
355080;SAO SEBASTIAO DA GRAMA;35;37;36;60;67;47;38;66;47;44;47;55;40;584
355090;SAO SIMAO;35;34;31;32;37;41;37;38;25;23;23;27;27;375
355100;SAO VICENTE;35;952;880;932;780;897;883;1055;962;911;719;708;672;10351
355110;SARAPUI;35;0;0;0;0;0;0;0;0;0;0;0;0;0
355120;SARUTAIA;35;0;0;0;0;0;0;0;0;0;0;0;0;0
355130;SEBASTIANOPOLIS DO SUL;35;0;0;0;0;0;0;0;0;0;0;0;0;0
355140;SERRA AZUL;35;0;0;0;0;0;0;0;0;0;0;0;0;0
355150;SERRANA;35;348;395;376;308;370;319;313;347;301;356;281;218;3932
355160;SERRA NEGRA;35;142;159;140;165;170;155;197;204;225;252;190;170;2169
355170;SERTAOZINHO;35;603;563;529;539;562;503;598;563;549;620;527;464;6620
355180;SETE BARRAS;35;0;0;0;0;0;0;0;0;0;0;0;0;0
355190;SEVERINIA;35;0;0;0;0;0;0;0;0;0;0;0;0;0
355200;SILVEIRAS;35;1;1;2;3;4;5;3;1;0;2;4;3;29
355210;SOCORRO;35;257;237;205;188;302;277;315;384;294;244;276;386;3365
355220;SOROCABA;35;4780;4889;5127;4805;5818;5018;5286;5324;5456;5267;5015;5166;61951
355230;SUD MENNUCCI;35;35;32;32;23;16;28;31;21;16;12;13;18;277
355240;SUMARE;35;1063;1088;1094;1064;1125;1160;1097;1169;1135;1062;1075;1008;13140
355250;SUZANO;35;712;723;840;799;863;749;808;750;747;773;769;710;9243
355255;SUZANAPOLIS;35;0;0;0;0;0;0;0;0;0;0;0;0;0
355260;TABAPUA;35;52;65;64;70;69;59;77;62;82;73;67;86;826
355270;TABATINGA;35;66;68;76;80;99;74;71;118;62;74;60;81;929
355280;TABOAO DA SERRA;35;1536;1508;1674;1756;1812;1769;1868;1731;1932;1733;1481;1436;20236
355290;TACIBA;35;0;0;0;0;0;0;0;0;0;0;0;0;0
355300;TAGUAI;35;49;44;49;55;71;68;60;61;49;49;58;42;655
355310;TAIACU;35;0;0;0;0;0;0;0;0;0;0;0;0;0
355320;TAIUVA;35;0;0;0;0;0;0;0;0;0;0;0;0;0
355330;TAMBAU;35;71;82;80;92;110;104;118;119;90;91;134;111;1202
355340;TANABI;35;136;123;109;108;129;86;103;98;134;144;124;123;1417
355350;TAPIRAI;35;0;0;0;0;0;0;0;0;0;0;0;0;0
355360;TAPIRATIBA;35;23;24;22;31;27;27;32;29;35;28;28;37;343
355365;TAQUARAL;35;0;0;0;0;0;0;0;0;0;0;0;0;0
355370;TAQUARITINGA;35;333;381;411;354;430;397;380;384;371;351;331;340;4463
355380;TAQUARITUBA;35;167;147;175;196;173;177;184;175;150;191;170;141;2046
355385;TAQUARIVAI;35;0;0;0;0;0;0;0;0;0;0;0;0;0
355390;TARABAI;35;0;0;0;0;0;0;0;0;0;0;0;0;0
355395;TARUMA;35;0;0;0;0;0;0;0;0;0;0;0;0;0
355400;TATUI;35;409;352;425;398;417;431;446;390;407;436;355;362;4828
355410;TAUBATE;35;1904;1894;2162;2202;2121;1878;2145;1851;1934;2090;1769;2204;24154
355420;TEJUPA;35;0;0;0;0;0;0;0;0;0;0;0;0;0
355430;TEODORO SAMPAIO;35;65;97;125;100;94;112;91;127;104;97;86;90;1188
355440;TERRA ROXA;35;4;2;0;8;0;3;0;7;0;8;5;2;39
355450;TIETE;35;200;181;202;179;201;204;175;194;192;203;186;197;2314
355460;TIMBURI;35;0;0;0;0;0;0;0;0;0;0;0;0;0
355465;TORRE DE PEDRA;35;0;0;0;0;0;0;0;0;0;0;0;0;0
355470;TORRINHA;35;12;3;3;14;8;11;6;5;4;8;8;0;82
355475;TRABIJU;35;0;0;0;0;0;0;0;0;0;0;0;0;0
355480;TREMEMBE;35;0;0;0;0;0;0;0;0;0;0;0;0;0
355490;TRES FRONTEIRAS;35;0;0;0;0;0;0;0;0;0;0;0;0;0
355495;TUIUTI;35;0;0;0;0;0;0;0;0;0;0;0;0;0
355500;TUPA;35;676;580;639;675;778;749;672;688;648;709;600;618;8032
355510;TUPI PAULISTA;35;88;88;105;95;125;102;110;116;119;109;106;103;1266
355520;TURIUBA;35;0;0;0;0;0;0;0;0;0;0;0;0;0
355530;TURMALINA;35;0;0;0;0;0;0;0;0;0;0;0;0;0
355535;UBARANA;35;0;0;0;0;0;0;0;0;0;0;0;0;0
355540;UBATUBA;35;423;401;488;449;457;470;229;495;451;446;397;256;4962
355550;UBIRAJARA;35;0;0;0;0;0;0;0;0;0;0;0;0;0
355560;UCHOA;35;0;0;0;0;0;0;0;0;0;0;0;0;0
355570;UNIAO PAULISTA;35;0;0;0;0;0;0;0;0;0;0;0;0;0
355580;URANIA;35;33;32;29;12;32;21;29;29;28;24;33;23;325
355590;URU;35;0;0;0;0;0;0;0;0;0;0;0;0;0
355600;URUPES;35;61;38;31;29;83;76;87;90;79;90;98;115;877
355610;VALENTIM GENTIL;35;0;0;0;0;0;0;0;0;0;0;0;0;0
355620;VALINHOS;35;336;340;366;454;403;367;398;390;382;429;402;378;4645
355630;VALPARAISO;35;65;90;73;73;92;72;77;72;71;72;74;76;907
355635;VARGEM;35;0;0;0;0;0;0;0;0;0;0;0;0;0
355640;VARGEM GRANDE DO SUL;35;135;190;163;189;189;194;209;196;170;174;173;212;2194
355645;VARGEM GRANDE PAULISTA;35;0;0;0;0;0;0;0;0;0;0;0;0;0
355650;VARZEA PAULISTA;35;74;78;84;70;74;58;68;66;51;57;70;55;805
355660;VERA CRUZ;35;0;0;0;0;0;0;0;0;0;0;0;0;0
355670;VINHEDO;35;482;469;534;555;577;460;481;473;505;507;449;416;5908
355680;VIRADOURO;35;0;29;24;25;30;30;39;32;33;30;38;35;345
355690;VISTA ALEGRE DO ALTO;35;0;0;0;0;0;0;0;0;0;0;0;0;0
355695;VITORIA BRASIL;35;0;0;0;0;0;0;0;0;0;0;0;0;0
355700;VOTORANTIM;35;298;293;343;332;351;338;328;318;300;469;354;346;4070
355710;VOTUPORANGA;35;1027;998;1033;1027;1062;985;983;972;1041;1038;945;978;12089
355715;ZACARIAS;35;0;0;0;0;0;0;0;0;0;0;0;0;0
355720;CHAVANTES;35;78;115;123;81;74;103;98;103;94;100;92;91;1152
355730;ESTIVA GERBI;35;0;0;0;0;0;0;0;0;0;0;0;0;0
410010;ABATIA;41;0;0;0;0;0;0;0;0;0;0;0;0;0
410020;ADRIANOPOLIS;41;0;0;0;0;0;0;0;0;0;0;0;0;0
410030;AGUDOS DO SUL;41;0;0;0;0;0;0;0;0;0;0;0;0;0
410040;ALMIRANTE TAMANDARE;41;0;0;0;0;0;0;0;0;0;0;0;0;0
410045;ALTAMIRA DO PARANA;41;18;9;10;0;0;0;0;0;0;0;0;0;37
410050;ALTONIA;41;51;73;42;42;54;63;59;66;50;62;39;26;627
410060;ALTO PARANA;41;65;61;60;61;61;62;54;62;61;61;59;64;731
410070;ALTO PIQUIRI;41;0;0;0;0;0;0;0;0;0;0;0;0;0
410080;ALVORADA DO SUL;41;7;5;24;23;24;19;7;9;8;6;12;3;147
410090;AMAPORA;41;13;8;17;10;17;7;17;8;7;14;4;20;142
410100;AMPERE;41;110;129;95;96;96;96;97;97;94;245;104;99;1358
410105;ANAHY;41;0;0;0;0;0;0;0;0;0;0;0;0;0
410110;ANDIRA;41;89;80;90;100;85;85;86;83;90;81;85;71;1025
410115;ANGULO;41;0;0;0;0;0;0;0;0;0;0;0;0;0
410120;ANTONINA;41;33;0;0;25;17;26;14;41;0;34;22;21;233
410130;ANTONIO OLINTO;41;0;0;0;0;0;0;0;0;0;0;0;0;0
410140;APUCARANA;41;1256;1294;1203;1257;1203;1399;1802;1835;1951;1881;1833;1838;18752
410150;ARAPONGAS;41;1719;1597;1838;1916;2174;2008;1720;1712;1900;1944;1437;2459;22424
410160;ARAPOTI;41;325;312;324;387;348;293;392;395;386;288;355;326;4131
410165;ARAPUA;41;0;0;0;0;0;0;0;0;0;0;0;0;0
410170;ARARUNA;41;47;47;56;55;56;55;51;56;46;56;52;55;632
410180;ARAUCARIA;41;603;648;657;674;623;617;645;636;630;596;605;640;7574
410185;ARIRANHA DO IVAI;41;0;0;0;0;0;0;0;0;0;0;0;0;0
410190;ASSAI;41;30;29;49;51;44;33;56;45;32;34;29;28;460
410200;ASSIS CHATEAUBRIAND;41;291;325;333;414;421;449;295;364;350;307;373;384;4306
410210;ASTORGA;41;230;286;275;282;294;295;291;301;265;268;290;299;3376
410220;ATALAIA;41;0;0;0;0;0;0;0;0;0;0;0;0;0
410230;BALSA NOVA;41;0;0;0;0;0;0;0;0;0;0;0;0;0
410240;BANDEIRANTES;41;271;279;275;282;280;278;277;277;293;338;329;333;3512
410250;BARBOSA FERRAZ;41;0;0;0;0;0;0;0;0;0;0;0;0;0
410260;BARRACAO;41;0;0;0;0;0;0;0;0;0;0;0;0;0
410270;BARRA DO JACARE;41;0;0;0;0;0;0;0;0;0;0;0;0;0
410275;BELA VISTA DA CAROBA;41;0;0;0;0;0;0;0;0;0;0;0;0;0
410280;BELA VISTA DO PARAISO;41;17;11;17;13;23;19;13;10;8;7;5;10;153
410290;BITURUNA;41;82;63;72;53;67;72;83;78;79;76;72;56;853
410300;BOA ESPERANCA;41;0;0;0;0;0;0;0;0;0;0;0;0;0
410302;BOA ESPERANCA DO IGUACU;41;0;0;0;0;0;0;0;0;0;0;0;0;0
410304;BOA VENTURA DE SAO ROQUE;41;0;0;0;0;0;0;0;0;0;0;0;0;0
410305;BOA VISTA DA APARECIDA;41;31;74;54;31;58;50;31;51;52;30;55;46;563
410310;BOCAIUVA DO SUL;41;5;6;0;13;3;12;12;13;9;14;15;12;114
410315;BOM JESUS DO SUL;41;0;0;0;0;0;0;0;0;0;0;0;0;0
410320;BOM SUCESSO;41;0;0;0;0;0;0;0;0;0;0;0;0;0
410322;BOM SUCESSO DO SUL;41;0;0;0;0;0;0;0;0;0;0;0;0;0
410330;BORRAZOPOLIS;41;0;0;0;0;0;0;0;0;0;0;0;0;0
410335;BRAGANEY;41;0;0;0;0;0;0;0;0;0;0;0;0;0
410337;BRASILANDIA DO SUL;41;0;0;0;0;0;0;0;0;0;0;0;0;0
410340;CAFEARA;41;0;0;0;0;0;0;0;0;0;0;0;0;0
410345;CAFELANDIA;41;67;72;68;60;77;64;58;48;61;60;51;59;745
410347;CAFEZAL DO SUL;41;0;0;0;0;0;0;0;0;0;0;0;0;0
410350;CALIFORNIA;41;0;0;0;0;0;0;0;0;0;0;0;0;0
410360;CAMBARA;41;39;45;39;39;58;54;47;48;48;37;37;38;529
410370;CAMBE;41;534;511;546;555;454;560;542;538;556;574;552;547;6469
410380;CAMBIRA;41;0;0;0;0;0;0;0;0;0;0;0;0;0
410390;CAMPINA DA LAGOA;41;120;120;120;109;131;120;119;119;119;120;120;115;1432
410395;CAMPINA DO SIMAO;41;0;0;0;0;0;0;0;0;0;0;0;0;0
410400;CAMPINA GRANDE DO SUL;41;2689;2716;3045;3056;3141;3017;3200;3420;3136;3351;2860;3045;36676
410405;CAMPO BONITO;41;0;0;0;0;0;0;0;0;0;0;0;0;0
410410;CAMPO DO TENENTE;41;0;0;0;0;0;0;0;0;0;0;0;0;0
410420;CAMPO LARGO;41;5952;5600;6109;5936;6259;6255;6420;6311;6372;6635;6049;5696;73594
410425;CAMPO MAGRO;41;0;0;0;0;0;0;0;0;0;0;0;0;0
410430;CAMPO MOURAO;41;1595;1157;1324;1497;1609;1315;1470;1433;1400;1409;1205;1144;16558
410440;CANDIDO DE ABREU;41;29;16;22;24;26;24;35;2;45;15;25;23;286
410442;CANDOI;41;110;111;111;111;93;91;94;93;93;92;93;91;1183
410445;CANTAGALO;41;0;0;0;0;0;0;0;0;0;0;0;0;0
410450;CAPANEMA;41;83;86;85;85;85;85;85;84;95;94;94;91;1052
410460;CAPITAO LEONIDAS MARQUES;41;102;131;166;196;113;240;113;135;155;135;161;191;1838
410465;CARAMBEI;41;0;0;0;0;0;0;0;0;0;0;0;0;0
410470;CARLOPOLIS;41;458;567;601;638;547;530;551;587;511;582;477;529;6578
410480;CASCAVEL;41;5774;4366;4976;5123;5429;5551;5681;5196;5572;5536;5422;5337;63963
410490;CASTRO;41;323;299;322;262;382;330;341;337;380;312;396;371;4055
410500;CATANDUVAS;41;0;0;0;0;0;0;0;0;0;0;0;0;0
410510;CENTENARIO DO SUL;41;16;21;17;14;17;18;20;16;18;12;9;7;185
410520;CERRO AZUL;41;35;36;36;21;43;51;60;45;38;57;44;67;533
410530;CEU AZUL;41;184;266;129;185;201;259;217;300;224;204;243;185;2597
410540;CHOPINZINHO;41;224;198;214;264;262;200;133;126;253;182;233;350;2639
410550;CIANORTE;41;744;724;707;724;752;745;796;721;778;768;751;693;8903
410560;CIDADE GAUCHA;41;26;62;53;33;49;69;25;31;57;55;34;55;549
410570;CLEVELANDIA;41;133;59;116;87;87;87;87;103;89;89;74;81;1092
410580;COLOMBO;41;133;519;319;323;347;335;390;412;352;347;356;315;4148
410590;COLORADO;41;528;482;516;526;551;527;559;978;548;596;516;469;6796
410600;CONGONHINHAS;41;0;0;0;0;0;0;0;0;0;0;0;0;0
410610;CONSELHEIRO MAIRINCK;41;0;0;0;0;0;0;0;0;0;0;0;0;0
410620;CONTENDA;41;9;17;13;8;0;7;13;11;4;14;12;13;121
410630;CORBELIA;41;253;271;237;348;195;367;296;363;318;247;305;272;3472
410640;CORNELIO PROCOPIO;41;963;908;969;980;967;1007;1078;1072;1062;1060;1018;951;12035
410645;CORONEL DOMINGOS SOARES;41;0;0;0;0;0;0;0;0;0;0;0;0;0
410650;CORONEL VIVIDA;41;136;108;107;119;144;105;123;125;119;113;129;119;1447
410655;CORUMBATAI DO SUL;41;0;0;0;0;0;0;0;0;0;0;0;0;0
410657;CRUZEIRO DO IGUACU;41;0;0;0;0;0;0;0;0;0;0;0;0;0
410660;CRUZEIRO DO OESTE;41;36;36;96;72;56;69;50;52;58;46;50;36;657
410670;CRUZEIRO DO SUL;41;4;6;9;11;12;13;8;9;5;0;0;0;77
410680;CRUZ MACHADO;41;25;36;40;25;58;42;46;34;49;37;18;22;432
410685;CRUZMALTINA;41;0;0;0;0;0;0;0;0;0;0;0;0;0
410690;CURITIBA;41;15370;15672;15916;16153;16403;16019;16214;16513;16307;16987;15862;16020;193436
410700;CURIUVA;41;0;0;0;0;0;0;0;0;0;0;0;0;0
410710;DIAMANTE DO NORTE;41;3;10;2;7;5;8;5;6;2;7;7;3;65
410712;DIAMANTE DO SUL;41;0;0;0;0;0;0;0;0;0;0;0;0;0
410715;DIAMANTE D'OESTE;41;0;0;0;0;0;0;0;0;0;0;0;0;0
410720;DOIS VIZINHOS;41;210;280;256;328;324;329;251;305;294;294;277;260;3408
410725;DOURADINA;41;0;0;0;0;0;0;0;0;0;0;0;0;0
410730;DOUTOR CAMARGO;41;0;0;0;0;0;0;0;0;0;0;0;0;0
410740;ENEAS MARQUES;41;0;0;0;0;0;0;0;0;0;0;0;0;0
410750;ENGENHEIRO BELTRAO;41;103;122;139;128;127;117;137;122;124;139;124;123;1505
410752;ESPERANCA NOVA;41;0;0;0;0;0;0;0;0;0;0;0;0;0
410753;ENTRE RIOS DO OESTE;41;10;7;19;15;30;22;17;18;17;12;8;17;192
410754;ESPIGAO ALTO DO IGUACU;41;0;0;0;0;0;0;0;0;0;0;0;0;0
410755;FAROL;41;0;0;0;0;0;0;0;0;0;0;0;0;0
410760;FAXINAL;41;236;253;244;300;270;244;298;226;304;298;274;227;3174
410765;FAZENDA RIO GRANDE;41;726;791;915;906;995;799;772;726;699;564;810;533;9236
410770;FENIX;41;0;0;0;0;0;0;0;0;0;0;0;0;0
410773;FERNANDES PINHEIRO;41;0;0;0;0;0;0;0;0;0;0;0;0;0
410775;FIGUEIRA;41;16;20;18;18;19;18;26;21;19;11;17;16;219
410780;FLORAI;41;0;0;0;0;0;0;0;0;0;0;0;0;0
410785;FLOR DA SERRA DO SUL;41;0;0;0;0;0;0;0;0;0;0;0;0;0
410790;FLORESTA;41;24;21;22;23;22;14;26;25;21;24;17;20;259
410800;FLORESTOPOLIS;41;0;0;0;0;0;0;0;0;0;0;0;0;0
410810;FLORIDA;41;0;0;0;0;0;0;0;0;0;0;0;0;0
410820;FORMOSA DO OESTE;41;43;109;62;63;74;65;87;73;70;81;103;58;888
410830;FOZ DO IGUACU;41;2224;2153;2045;2142;2297;2059;2606;2025;2357;2887;2657;2560;28012
410832;FRANCISCO ALVES;41;0;0;0;0;0;0;0;0;0;0;0;0;0
410840;FRANCISCO BELTRAO;41;1900;1823;1988;2122;1624;2330;2260;2289;2100;2031;1938;2098;24503
410845;FOZ DO JORDAO;41;0;0;0;0;0;0;0;0;0;0;0;0;0
410850;GENERAL CARNEIRO;41;0;0;0;0;0;0;0;0;0;0;0;0;0
410855;GODOY MOREIRA;41;0;0;0;0;0;0;0;0;0;0;0;0;0
410860;GOIOERE;41;280;236;270;275;278;300;293;285;287;292;263;268;3327
410865;GOIOXIM;41;0;0;0;0;0;0;0;0;0;0;0;0;0
410870;GRANDES RIOS;41;0;0;0;0;0;0;0;0;0;0;0;0;0
410880;GUAIRA;41;143;143;155;141;150;155;157;147;140;138;139;118;1726
410890;GUAIRACA;41;4;7;8;6;8;8;5;4;5;6;8;1;70
410895;GUAMIRANGA;41;0;0;0;0;0;0;0;0;0;0;0;0;0
410900;GUAPIRAMA;41;0;0;0;0;0;0;0;0;0;0;0;0;0
410910;GUAPOREMA;41;0;0;0;0;0;0;0;0;0;0;0;0;0
410920;GUARACI;41;0;0;0;0;0;0;0;0;0;0;0;0;0
410930;GUARANIACU;41;158;170;186;162;198;121;264;220;231;254;258;241;2463
410940;GUARAPUAVA;41;2540;2609;2463;2546;2697;2683;2598;2370;2376;2496;2358;2667;30403
410950;GUARAQUECABA;41;0;0;0;0;0;0;0;21;18;18;21;32;110
410960;GUARATUBA;41;92;97;106;84;87;80;78;103;83;87;65;33;995
410965;HONORIO SERPA;41;0;0;0;0;0;0;0;0;0;0;0;0;0
410970;IBAITI;41;37;26;22;23;16;50;57;29;25;26;33;19;363
410975;IBEMA;41;27;28;25;29;39;32;25;19;26;21;25;25;321
410980;IBIPORA;41;440;445;463;465;481;498;501;515;508;519;514;404;5753
410990;ICARAIMA;41;0;0;0;0;0;0;0;0;0;0;0;0;0
411000;IGUARACU;41;0;0;0;0;0;0;0;0;0;0;0;0;0
411005;IGUATU;41;0;0;0;0;0;0;0;0;0;0;0;0;0
411007;IMBAU;41;0;0;0;0;0;0;0;0;0;0;0;0;0
411010;IMBITUVA;41;0;0;0;0;0;0;0;0;0;0;0;0;0
411020;INACIO MARTINS;41;0;0;0;0;0;0;0;0;0;0;0;0;0
411030;INAJA;41;3;1;4;2;0;8;7;4;4;3;0;0;36
411040;INDIANOPOLIS;41;18;18;39;61;18;68;58;20;18;40;17;18;393
411050;IPIRANGA;41;0;0;0;0;0;0;0;0;0;0;0;0;0
411060;IPORA;41;4;34;63;165;113;71;85;64;38;51;49;49;786
411065;IRACEMA DO OESTE;41;0;0;0;0;0;0;0;0;0;0;0;0;0
411070;IRATI;41;459;468;474;466;489;492;495;490;489;489;477;490;5778
411080;IRETAMA;41;0;0;0;0;0;0;0;0;0;0;0;0;0
411090;ITAGUAJE;41;0;0;0;0;0;0;0;0;0;0;0;0;0
411095;ITAIPULANDIA;41;0;0;0;0;0;0;0;0;0;0;0;0;0
411100;ITAMBARACA;41;19;0;18;21;19;21;16;18;15;14;20;20;201
411110;ITAMBE;41;0;0;0;0;0;0;0;0;0;0;0;0;0
411120;ITAPEJARA D'OESTE;41;0;0;0;0;0;0;0;0;0;0;0;0;0
411125;ITAPERUCU;41;104;81;99;74;111;103;82;102;112;98;80;80;1126
411130;ITAUNA DO SUL;41;12;12;12;6;11;9;12;11;9;3;12;11;120
411140;IVAI;41;20;21;15;16;16;37;29;31;15;23;22;20;265
411150;IVAIPORA;41;835;845;810;916;895;858;807;894;927;890;745;768;10190
411155;IVATE;41;0;0;0;0;0;0;0;0;0;0;0;0;0
411160;IVATUBA;41;0;0;0;0;0;0;0;0;0;0;0;0;0
411170;JABOTI;41;13;5;16;8;10;10;16;16;16;15;16;9;150
411180;JACAREZINHO;41;406;441;462;398;434;482;478;448;459;441;425;479;5353
411190;JAGUAPITA;41;25;1;1;18;29;10;11;14;18;9;8;0;144
411200;JAGUARIAIVA;41;159;168;155;133;153;167;130;158;171;167;159;125;1845
411210;JANDAIA DO SUL;41;248;290;241;310;291;351;247;337;293;367;281;248;3504
411220;JANIOPOLIS;41;0;0;0;0;0;0;0;0;0;0;0;0;0
411230;JAPIRA;41;0;0;0;0;0;0;0;0;0;0;0;0;0
411240;JAPURA;41;40;49;40;52;57;40;46;48;55;40;40;40;547
411250;JARDIM ALEGRE;41;65;77;81;60;63;80;79;70;75;73;69;58;850
411260;JARDIM OLINDA;41;0;0;0;0;0;0;0;0;0;0;0;0;0
411270;JATAIZINHO;41;0;0;0;0;0;0;0;0;0;0;0;0;0
411275;JESUITAS;41;54;30;40;39;61;43;55;48;67;56;35;52;580
411280;JOAQUIM TAVORA;41;21;31;42;49;42;29;38;29;26;27;19;21;374
411290;JUNDIAI DO SUL;41;0;0;0;0;0;0;0;0;0;0;0;0;0
411295;JURANDA;41;0;0;0;0;0;0;0;0;0;0;0;0;0
411300;JUSSARA;41;21;21;22;20;20;20;21;12;21;22;20;14;234
411310;KALORE;41;14;14;14;0;17;22;11;16;13;15;11;11;158
411320;LAPA;41;287;233;259;260;267;232;283;274;260;272;240;251;3118
411325;LARANJAL;41;0;0;0;0;0;0;0;0;0;0;0;0;0
411330;LARANJEIRAS DO SUL;41;484;483;504;491;499;485;486;492;483;486;544;543;5980
411340;LEOPOLIS;41;0;0;0;0;0;0;0;0;0;0;0;0;0
411342;LIDIANOPOLIS;41;0;0;0;0;0;0;0;0;0;0;0;0;0
411345;LINDOESTE;41;33;21;28;33;19;36;58;40;33;29;22;23;375
411350;LOANDA;41;584;497;597;516;541;512;465;478;513;526;447;349;6025
411360;LOBATO;41;0;0;0;0;0;0;0;0;0;0;0;0;0
411370;LONDRINA;41;6060;6620;5468;6461;6316;6778;6601;7005;6356;7177;7551;6576;78969
411373;LUIZIANA;41;0;0;0;0;0;0;0;0;0;0;0;0;0
411375;LUNARDELLI;41;32;30;36;31;32;32;32;29;31;33;32;32;382
411380;LUPIONOPOLIS;41;5;4;6;7;0;4;8;12;9;3;5;5;68
411390;MALLET;41;40;56;48;38;65;48;57;63;49;62;46;70;642
411400;MAMBORE;41;0;0;0;16;33;32;35;37;47;33;0;0;233
411410;MANDAGUACU;41;0;0;0;0;0;0;0;0;0;0;0;0;0
411420;MANDAGUARI;41;95;122;125;120;126;149;149;138;119;110;110;110;1473
411430;MANDIRITUBA;41;25;42;35;45;26;66;45;34;51;67;61;31;528
411435;MANFRINOPOLIS;41;0;0;0;0;0;0;0;0;0;0;0;0;0
411440;MANGUEIRINHA;41;82;72;122;92;86;83;126;86;80;72;78;99;1078
411450;MANOEL RIBAS;41;34;35;35;34;33;34;31;31;37;31;33;31;399
411460;MARECHAL CANDIDO RONDON;41;84;75;97;74;109;90;81;92;88;94;94;81;1059
411470;MARIA HELENA;41;0;0;0;0;0;0;0;0;0;0;0;0;0
411480;MARIALVA;41;0;0;0;0;0;0;0;0;0;0;0;0;0
411490;MARILANDIA DO SUL;41;0;0;0;0;0;0;0;0;0;0;0;0;0
411500;MARILENA;41;28;27;25;27;28;28;27;27;27;28;25;28;325
411510;MARILUZ;41;0;0;0;0;0;0;0;0;0;0;0;0;0
411520;MARINGA;41;4082;4236;4371;4477;4630;4548;5118;3990;4954;4353;4395;4384;53538
411530;MARIOPOLIS;41;0;0;0;0;0;0;0;0;0;0;0;0;0
411535;MARIPA;41;0;0;0;0;0;0;0;0;0;0;0;0;0
411540;MARMELEIRO;41;0;0;0;0;0;0;0;0;0;0;0;0;0
411545;MARQUINHO;41;0;0;0;0;0;0;0;0;0;0;0;0;0
411550;MARUMBI;41;0;0;0;0;0;0;0;0;0;0;0;0;0
411560;MATELANDIA;41;159;134;134;158;154;151;151;159;157;155;155;148;1815
411570;MATINHOS;41;0;0;0;0;8;0;0;25;30;30;22;18;133
411573;MATO RICO;41;0;0;0;0;0;0;0;0;0;0;0;0;0
411575;MAUA DA SERRA;41;0;0;0;0;0;0;0;0;0;0;0;0;0
411580;MEDIANEIRA;41;361;357;325;357;342;393;496;438;465;539;500;434;5007
411585;MERCEDES;41;0;0;0;0;0;0;0;0;0;0;0;0;0
411590;MIRADOR;41;0;0;0;0;0;0;0;0;0;0;0;0;0
411600;MIRASELVA;41;5;4;0;2;4;2;3;3;2;0;3;1;29
411605;MISSAL;41;182;170;33;139;212;241;129;197;225;160;201;231;2120
411610;MOREIRA SALES;41;0;0;0;0;0;0;0;0;0;0;0;0;0
411620;MORRETES;41;15;12;29;19;16;28;19;27;21;17;0;0;203
411630;MUNHOZ DE MELO;41;0;0;0;0;0;0;0;0;0;0;0;0;0
411640;NOSSA SENHORA DAS GRACAS;41;0;0;0;0;0;0;0;0;0;0;0;0;0
411650;NOVA ALIANCA DO IVAI;41;0;0;0;0;0;0;0;0;0;0;0;0;0
411660;NOVA AMERICA DA COLINA;41;0;0;0;0;0;0;0;0;0;0;0;0;0
411670;NOVA AURORA;41;351;370;353;428;374;416;454;417;408;423;324;307;4625
411680;NOVA CANTU;41;8;9;9;17;23;19;18;13;7;22;15;14;174
411690;NOVA ESPERANCA;41;23;30;28;29;37;35;31;40;36;43;40;43;415
411695;NOVA ESPERANCA DO SUDOESTE;41;7;7;3;3;7;4;3;0;11;0;4;1;50
411700;NOVA FATIMA;41;18;20;14;21;20;24;10;12;16;13;7;17;192
411705;NOVA LARANJEIRAS;41;0;0;0;0;0;0;0;0;0;0;0;0;0
411710;NOVA LONDRINA;41;33;37;39;52;52;40;29;37;38;36;36;35;464
411720;NOVA OLIMPIA;41;3;7;5;16;10;11;13;6;6;6;4;6;93
411721;NOVA SANTA BARBARA;41;0;0;0;0;0;0;0;0;0;0;0;0;0
411722;NOVA SANTA ROSA;41;23;17;27;21;22;40;35;21;19;44;19;30;318
411725;NOVA PRATA DO IGUACU;41;0;0;0;0;0;0;0;0;0;0;0;0;0
411727;NOVA TEBAS;41;31;31;39;36;46;45;40;37;22;50;33;36;446
411729;NOVO ITACOLOMI;41;0;0;0;0;0;0;0;0;0;0;0;0;0
411730;ORTIGUEIRA;41;0;0;0;0;0;0;0;0;0;0;0;0;0
411740;OURIZONA;41;0;0;0;0;0;0;0;0;0;0;0;0;0
411745;OURO VERDE DO OESTE;41;0;0;0;0;0;0;0;0;0;0;0;0;0
411750;PAICANDU;41;62;54;49;54;48;55;92;58;91;72;53;88;776
411760;PALMAS;41;253;222;282;290;327;263;330;333;435;358;320;327;3740
411770;PALMEIRA;41;69;50;80;75;88;69;74;99;92;99;86;89;970
411780;PALMITAL;41;0;0;0;0;0;0;0;0;0;0;0;0;0
411790;PALOTINA;41;277;179;279;151;273;418;418;428;388;347;412;278;3848
411800;PARAISO DO NORTE;41;0;0;0;0;0;0;0;0;0;0;0;0;0
411810;PARANACITY;41;0;0;0;0;0;0;0;0;0;0;0;0;0
411820;PARANAGUA;41;991;826;858;812;998;813;1096;1024;763;1000;740;785;10706
411830;PARANAPOEMA;41;0;0;0;0;0;0;0;0;0;0;0;0;0
411840;PARANAVAI;41;998;1004;1001;1024;1039;1059;1050;1078;1067;1068;1098;1079;12565
411845;PATO BRAGADO;41;63;35;81;7;106;52;48;57;63;79;61;68;720
411850;PATO BRANCO;41;1759;1329;1767;1421;1680;1468;1420;1465;1482;1568;1409;1438;18206
411860;PAULA FREITAS;41;0;0;0;0;0;0;0;0;0;0;0;0;0
411870;PAULO FRONTIN;41;0;0;0;0;0;0;0;0;0;0;0;0;0
411880;PEABIRU;41;0;0;0;0;0;0;0;0;0;0;0;0;0
411885;PEROBAL;41;0;0;0;0;0;0;0;0;0;0;0;0;0
411890;PEROLA;41;14;16;19;21;4;27;22;31;23;21;25;18;241
411900;PEROLA D'OESTE;41;0;0;0;0;0;0;0;0;0;0;0;0;0
411910;PIEN;41;67;92;83;85;82;77;84;81;79;87;64;75;956
411915;PINHAIS;41;310;358;337;371;366;361;373;373;375;437;380;158;4199
411920;PINHALAO;41;0;0;0;0;0;0;0;0;0;0;0;0;0
411925;PINHAL DE SAO BENTO;41;0;0;0;0;0;0;0;0;0;0;0;0;0
411930;PINHAO;41;0;0;0;0;0;0;0;0;0;0;0;0;0
411940;PIRAI DO SUL;41;27;0;34;22;41;29;23;19;12;24;20;20;271
411950;PIRAQUARA;41;224;187;227;225;210;202;202;191;187;190;222;203;2470
411960;PITANGA;41;470;468;471;464;472;472;477;482;477;469;470;454;5646
411965;PITANGUEIRAS;41;0;0;0;0;0;0;0;0;0;0;0;0;0
411970;PLANALTINA DO PARANA;41;9;11;27;17;13;14;15;16;10;19;12;11;174
411980;PLANALTO;41;77;76;77;77;75;75;76;75;74;77;78;78;915
411990;PONTA GROSSA;41;3688;3236;3324;3167;3595;3693;3442;3677;3884;3314;3344;2588;40952
411995;PONTAL DO PARANA;41;0;0;0;0;0;0;0;0;0;0;0;0;0
412000;PORECATU;41;0;0;0;0;26;19;0;20;17;3;6;14;105
412010;PORTO AMAZONAS;41;0;0;0;0;0;0;0;0;0;0;0;0;0
412015;PORTO BARREIRO;41;0;0;0;0;0;0;0;0;0;0;0;0;0
412020;PORTO RICO;41;0;1;8;10;10;10;2;6;10;10;7;5;79
412030;PORTO VITORIA;41;0;0;0;0;0;0;0;0;0;0;0;0;0
412033;PRADO FERREIRA;41;1;0;4;2;4;2;4;1;2;3;4;5;32
412035;PRANCHITA;41;49;49;67;72;71;56;66;57;69;55;57;68;736
412040;PRESIDENTE CASTELO BRANCO;41;0;0;0;0;0;0;0;0;0;0;0;0;0
412050;PRIMEIRO DE MAIO;41;5;0;4;0;0;0;0;2;0;1;3;0;15
412060;PRUDENTOPOLIS;41;387;415;428;417;423;420;422;408;412;424;396;391;4943
412065;QUARTO CENTENARIO;41;0;0;0;0;0;0;0;0;0;0;0;0;0
412070;QUATIGUA;41;0;0;0;0;0;0;0;0;0;0;0;0;0
412080;QUATRO BARRAS;41;0;0;0;0;0;0;0;0;0;0;0;0;0
412085;QUATRO PONTES;41;0;0;0;0;0;0;0;0;0;0;0;0;0
412090;QUEDAS DO IGUACU;41;70;95;154;126;143;238;144;177;182;186;225;245;1985
412100;QUERENCIA DO NORTE;41;29;28;31;39;31;30;27;28;27;25;28;26;349
412110;QUINTA DO SOL;41;0;0;0;0;0;0;0;0;0;0;0;0;0
412120;QUITANDINHA;41;42;41;55;57;52;57;57;61;52;61;53;33;621
412125;RAMILANDIA;41;0;0;0;0;0;0;0;0;0;0;0;0;0
412130;RANCHO ALEGRE;41;0;0;0;0;0;0;0;0;0;0;0;0;0
412135;RANCHO ALEGRE D'OESTE;41;0;0;0;0;0;0;0;0;0;0;0;0;0
412140;REALEZA;41;0;0;0;0;0;0;61;69;87;74;78;69;438
412150;REBOUCAS;41;73;66;76;81;85;92;88;89;89;85;91;89;1004
412160;RENASCENCA;41;0;0;0;0;0;0;0;0;0;0;0;0;0
412170;RESERVA;41;0;0;0;0;0;0;0;0;0;0;0;0;0
412175;RESERVA DO IGUACU;41;0;0;0;0;0;0;0;0;0;0;0;0;0
412180;RIBEIRAO CLARO;41;55;55;55;75;55;74;56;55;80;55;55;55;725
412190;RIBEIRAO DO PINHAL;41;94;122;145;150;148;150;133;121;142;136;141;108;1590
412200;RIO AZUL;41;69;66;65;65;64;65;66;85;65;66;175;113;964
412210;RIO BOM;41;0;0;0;0;0;0;0;0;0;0;0;0;0
412215;RIO BONITO DO IGUACU;41;0;0;0;0;0;0;0;0;0;0;0;0;0
412217;RIO BRANCO DO IVAI;41;0;0;0;0;0;0;0;0;0;0;0;0;0
412220;RIO BRANCO DO SUL;41;101;100;109;92;100;115;86;98;111;0;85;91;1088
412230;RIO NEGRO;41;57;36;57;44;54;87;71;90;68;89;88;53;794
412240;ROLANDIA;41;507;636;664;624;612;686;570;346;925;806;692;745;7813
412250;RONCADOR;41;93;101;107;94;85;88;95;83;95;107;70;91;1109
412260;RONDON;41;94;90;93;92;91;92;92;109;94;99;88;96;1130
412265;ROSARIO DO IVAI;41;0;0;0;0;0;0;0;0;0;0;0;0;0
412270;SABAUDIA;41;0;0;0;0;0;0;0;0;0;0;0;0;0
412280;SALGADO FILHO;41;0;0;0;0;0;0;0;0;0;0;0;0;0
412290;SALTO DO ITARARE;41;8;6;9;10;14;10;12;17;14;7;5;11;123
412300;SALTO DO LONTRA;41;0;0;0;0;0;0;0;0;0;0;0;0;0
412310;SANTA AMELIA;41;0;0;0;0;0;0;0;0;0;0;0;0;0
412320;SANTA CECILIA DO PAVAO;41;0;0;0;0;0;0;0;0;0;0;0;0;0
412330;SANTA CRUZ DE MONTE CASTELO;41;0;0;0;0;0;0;0;0;0;0;0;0;0
412340;SANTA FE;41;0;0;0;0;0;0;0;0;0;0;0;0;0
412350;SANTA HELENA;41;220;162;158;27;407;193;222;332;276;306;397;274;2974
412360;SANTA INES;41;0;0;0;0;0;0;0;0;0;0;0;0;0
412370;SANTA ISABEL DO IVAI;41;0;0;0;0;0;0;0;0;0;0;0;0;0
412380;SANTA IZABEL DO OESTE;41;54;61;79;70;94;70;50;70;71;61;54;51;785
412382;SANTA LUCIA;41;0;0;0;0;0;0;0;0;0;0;0;0;0
412385;SANTA MARIA DO OESTE;41;0;0;0;0;0;0;0;0;0;0;0;0;0
412390;SANTA MARIANA;41;282;330;303;293;311;327;307;283;250;275;279;208;3448
412395;SANTA MONICA;41;0;0;0;0;0;0;0;0;0;0;0;0;0
412400;SANTANA DO ITARARE;41;12;11;12;18;18;15;12;14;11;8;14;13;158
412402;SANTA TEREZA DO OESTE;41;0;0;0;0;0;0;0;0;0;0;0;0;0
412405;SANTA TEREZINHA DE ITAIPU;41;0;0;0;0;0;0;0;0;0;0;0;0;0
412410;SANTO ANTONIO DA PLATINA;41;650;644;664;617;681;680;722;707;604;731;732;655;8087
412420;SANTO ANTONIO DO CAIUA;41;11;0;3;4;3;11;10;10;11;11;9;11;94
412430;SANTO ANTONIO DO PARAISO;41;0;0;0;0;0;0;0;0;0;0;0;0;0
412440;SANTO ANTONIO DO SUDOESTE;41;87;91;90;90;90;90;90;90;90;89;88;86;1071
412450;SANTO INACIO;41;0;0;0;0;0;0;0;0;0;0;0;0;0
412460;SAO CARLOS DO IVAI;41;15;24;18;25;22;24;25;19;20;20;16;14;242
412470;SAO JERONIMO DA SERRA;41;0;0;0;0;0;0;0;0;0;0;0;0;0
412480;SAO JOAO;41;0;0;0;0;0;0;0;0;0;0;0;0;0
412490;SAO JOAO DO CAIUA;41;7;6;7;7;7;6;7;0;8;7;7;7;76
412500;SAO JOAO DO IVAI;41;26;26;39;38;42;34;28;42;34;43;32;27;411
412510;SAO JOAO DO TRIUNFO;41;10;13;19;12;21;23;14;24;9;14;13;12;184
412520;SAO JORGE D'OESTE;41;0;0;0;0;0;0;0;0;0;0;0;0;0
412530;SAO JORGE DO IVAI;41;0;0;0;0;0;0;0;0;0;0;0;0;0
412535;SAO JORGE DO PATROCINIO;41;29;23;40;36;36;36;36;32;27;22;37;40;394
412540;SAO JOSE DA BOA VISTA;41;13;20;26;26;16;24;26;23;17;19;10;10;230
412545;SAO JOSE DAS PALMEIRAS;41;14;16;24;15;13;9;15;17;0;0;0;0;123
412550;SAO JOSE DOS PINHAIS;41;972;1057;1052;1146;1197;1155;1342;1058;1041;897;1010;780;12707
412555;SAO MANOEL DO PARANA;41;0;0;0;0;0;0;0;0;0;0;0;0;0
412560;SAO MATEUS DO SUL;41;153;201;233;247;230;235;223;209;201;235;229;226;2622
412570;SAO MIGUEL DO IGUACU;41;47;91;60;53;94;127;159;159;160;161;275;239;1625
412575;SAO PEDRO DO IGUACU;41;0;0;0;0;0;0;0;0;0;0;0;0;0
412580;SAO PEDRO DO IVAI;41;35;35;35;35;35;44;33;34;36;31;35;45;433
412590;SAO PEDRO DO PARANA;41;0;0;0;0;0;0;0;0;0;0;0;0;0
412600;SAO SEBASTIAO DA AMOREIRA;41;0;0;0;0;0;0;0;0;0;0;0;0;0
412610;SAO TOME;41;0;0;0;0;0;0;0;0;0;0;0;0;0
412620;SAPOPEMA;41;5;2;6;6;5;5;0;5;5;5;5;5;54
412625;SARANDI;41;0;68;195;248;295;229;249;198;229;222;243;244;2420
412627;SAUDADE DO IGUACU;41;0;0;0;0;0;0;0;0;0;0;0;0;0
412630;SENGES;41;0;0;0;0;0;0;0;0;0;0;0;0;0
412635;SERRANOPOLIS DO IGUACU;41;0;0;0;0;0;0;0;0;0;0;0;0;0
412640;SERTANEJA;41;1;0;4;1;2;1;3;4;3;0;2;0;21
412650;SERTANOPOLIS;41;16;8;21;20;15;18;30;20;11;17;11;14;201
412660;SIQUEIRA CAMPOS;41;46;45;48;55;85;47;41;61;64;56;62;54;664
412665;SULINA;41;0;0;0;0;0;0;0;0;0;0;0;0;0
412667;TAMARANA;41;2;5;7;3;10;13;7;9;5;10;9;9;89
412670;TAMBOARA;41;19;19;19;19;19;19;19;19;19;19;19;19;228
412680;TAPEJARA;41;0;0;0;0;0;0;0;0;0;0;0;0;0
412690;TAPIRA;41;0;0;0;0;0;0;0;0;0;0;0;0;0
412700;TEIXEIRA SOARES;41;10;14;3;8;13;15;7;9;10;12;7;5;113
412710;TELEMACO BORBA;41;413;381;393;465;511;455;498;508;455;548;387;484;5498
412720;TERRA BOA;41;159;186;163;134;260;204;224;177;213;208;196;81;2205
412730;TERRA RICA;41;53;52;53;53;53;51;52;53;53;53;52;53;631
412740;TERRA ROXA;41;0;0;0;0;0;0;0;0;0;0;0;0;0
412750;TIBAGI;41;47;45;41;48;46;47;48;52;48;47;47;22;538
412760;TIJUCAS DO SUL;41;27;25;27;26;27;27;27;27;27;27;27;25;319
412770;TOLEDO;41;1340;1302;1183;1242;1320;1413;1543;1366;1205;1224;1312;1285;15735
412780;TOMAZINA;41;48;31;50;31;40;30;50;51;26;43;57;39;496
412785;TRES BARRAS DO PARANA;41;51;59;65;56;51;48;70;57;57;49;49;39;651
412788;TUNAS DO PARANA;41;0;0;0;0;0;0;0;0;0;0;0;0;0
412790;TUNEIRAS DO OESTE;41;0;0;0;0;0;0;0;0;0;0;0;0;0
412795;TUPASSI;41;0;0;0;0;0;0;0;0;0;0;0;0;0
412796;TURVO;41;85;87;85;87;87;89;85;84;80;67;83;82;1001
412800;UBIRATA;41;203;221;220;225;228;283;268;206;219;211;241;177;2702
412810;UMUARAMA;41;2139;2038;1970;3046;1991;2682;2558;2209;2214;2378;1956;2059;27240
412820;UNIAO DA VITORIA;41;664;631;658;677;678;666;670;661;728;690;646;636;8005
412830;UNIFLOR;41;0;0;0;0;0;0;0;0;0;0;0;0;0
412840;URAI;41;42;41;38;50;62;64;58;59;64;52;65;45;640
412850;WENCESLAU BRAZ;41;49;41;54;56;66;72;60;61;45;55;53;59;671
412853;VENTANIA;41;0;0;0;0;0;0;0;0;0;0;0;0;0
412855;VERA CRUZ DO OESTE;41;40;42;21;41;36;51;60;41;24;74;36;45;511
412860;VERE;41;35;35;35;32;36;36;35;36;35;36;35;36;422
412862;ALTO PARAISO;41;0;0;0;0;0;0;0;0;0;0;0;0;0
412863;DOUTOR ULYSSES;41;0;0;0;0;0;0;0;0;0;0;0;0;0
412865;VIRMOND;41;0;0;0;0;0;0;0;0;0;0;0;0;0
412870;VITORINO;41;0;0;0;0;0;0;0;0;0;0;0;0;0
412880;XAMBRE;41;0;0;0;0;0;0;0;0;0;0;0;0;0
420005;ABDON BATISTA;42;0;0;0;0;0;0;0;0;0;0;0;0;0
420010;ABELARDO LUZ;42;144;94;133;106;134;117;65;90;38;142;143;78;1284
420020;AGROLANDIA;42;15;22;24;29;35;21;25;17;24;25;13;11;261
420030;AGRONOMICA;42;0;0;0;0;0;0;0;0;0;0;0;0;0
420040;AGUA DOCE;42;9;7;12;13;22;30;21;7;27;28;21;13;210
420050;AGUAS DE CHAPECO;42;0;0;0;0;0;0;0;0;0;0;0;0;0
420055;AGUAS FRIAS;42;0;0;0;0;0;0;0;0;0;0;0;0;0
420060;AGUAS MORNAS;42;0;0;0;0;0;0;0;0;0;0;0;0;0
420070;ALFREDO WAGNER;42;0;0;0;40;0;0;0;1;25;32;0;32;130
420075;ALTO BELA VISTA;42;0;0;0;0;0;0;0;0;0;0;0;0;0
420080;ANCHIETA;42;0;0;0;0;0;0;0;0;0;0;0;0;0
420090;ANGELINA;42;37;18;64;38;61;47;27;53;155;203;141;149;993
420100;ANITA GARIBALDI;42;138;134;114;106;136;118;168;163;150;152;156;133;1668
420110;ANITAPOLIS;42;42;39;32;56;52;29;50;36;55;40;45;40;516
420120;ANTONIO CARLOS;42;0;0;0;0;0;0;0;0;0;0;0;0;0
420125;APIUNA;42;0;0;0;0;0;0;0;0;0;0;0;0;0
420127;ARABUTA;42;69;85;57;52;112;49;101;84;58;60;82;35;844
420130;ARAQUARI;42;0;0;0;0;0;0;0;0;0;0;0;0;0
420140;ARARANGUA;42;734;698;741;714;1035;818;793;782;722;700;707;687;9131
420150;ARMAZEM;42;277;265;259;229;313;218;257;244;213;266;265;191;2997
420160;ARROIO TRINTA;42;59;59;38;36;24;13;19;13;14;15;17;13;320
420165;ARVOREDO;42;0;0;0;0;0;0;0;0;0;0;0;0;0
420170;ASCURRA;42;0;0;0;0;0;0;0;0;0;0;0;0;0
420180;ATALANTA;42;0;0;0;0;0;0;0;0;0;0;0;0;0
420190;AURORA;42;0;0;0;0;0;0;0;0;0;0;0;0;0
420195;BALNEARIO ARROIO DO SILVA;42;0;0;0;0;0;0;0;0;0;0;0;0;0
420200;BALNEARIO CAMBORIU;42;879;899;740;617;928;945;619;759;974;795;781;451;9387
420205;BALNEARIO BARRA DO SUL;42;0;0;0;0;0;0;0;0;0;0;0;0;0
420207;BALNEARIO GAIVOTA;42;0;0;0;0;0;0;0;0;0;0;0;0;0
420208;BANDEIRANTE;42;0;0;0;0;0;0;0;0;0;0;0;0;0
420209;BARRA BONITA;42;0;0;0;0;0;0;0;0;0;0;0;0;0
420210;BARRA VELHA;42;0;0;0;0;0;0;0;0;0;0;0;0;0
420213;BELA VISTA DO TOLDO;42;0;0;0;0;0;0;0;0;0;0;0;0;0
420215;BELMONTE;42;0;0;0;0;0;0;0;0;0;0;0;0;0
420220;BENEDITO NOVO;42;0;0;0;0;0;0;0;0;0;0;0;0;0
420230;BIGUACU;42;171;193;188;226;284;324;300;333;340;536;408;393;3696
420240;BLUMENAU;42;2750;2540;2330;2947;3012;2669;3065;3917;2932;3023;3373;2985;35543
420243;BOCAINA DO SUL;42;0;0;0;0;0;0;0;0;0;0;0;0;0
420245;BOMBINHAS;42;0;0;0;0;0;0;0;0;0;0;0;0;0
420250;BOM JARDIM DA SERRA;42;0;0;0;0;0;0;0;0;0;0;0;0;0
420253;BOM JESUS;42;0;0;0;0;0;0;0;0;0;0;0;0;0
420257;BOM JESUS DO OESTE;42;0;0;0;0;0;0;0;0;0;0;0;0;0
420260;BOM RETIRO;42;93;121;90;76;95;96;144;70;107;127;105;106;1230
420270;BOTUVERA;42;0;0;0;0;0;0;0;0;0;0;0;0;0
420280;BRACO DO NORTE;42;391;410;404;432;432;446;435;423;455;452;269;244;4793
420285;BRACO DO TROMBUDO;42;0;0;0;0;0;0;0;0;0;0;0;0;0
420287;BRUNOPOLIS;42;0;0;0;0;0;0;0;0;0;0;0;0;0
420290;BRUSQUE;42;2202;2217;2380;2401;2713;2542;2554;3144;2689;2928;2552;2844;31166
420300;CACADOR;42;580;499;566;545;585;592;583;565;544;505;502;428;6494
420310;CAIBI;42;25;31;32;38;36;33;27;26;35;74;29;55;441
420315;CALMON;42;0;0;0;0;0;0;0;0;0;0;0;0;0
420320;CAMBORIU;42;71;97;121;118;79;101;144;195;198;158;118;106;1506
420325;CAPAO ALTO;42;0;0;0;0;0;0;0;0;0;0;0;0;0
420330;CAMPO ALEGRE;42;74;35;70;42;66;47;67;27;106;109;226;86;955
420340;CAMPO BELO DO SUL;42;75;82;30;32;221;120;93;102;104;122;94;107;1182
420350;CAMPO ERE;42;81;76;79;79;84;83;86;83;86;71;80;78;966
420360;CAMPOS NOVOS;42;376;467;408;382;439;404;451;405;442;457;414;314;4959
420370;CANELINHA;42;2;3;3;2;11;5;11;7;1;6;7;2;60
420380;CANOINHAS;42;340;308;402;376;374;435;398;456;292;377;425;336;4519
420390;CAPINZAL;42;154;158;206;194;203;230;258;261;215;169;207;209;2464
420395;CAPIVARI DE BAIXO;42;0;0;0;0;0;0;0;0;0;0;0;0;0
420400;CATANDUVAS;42;0;0;0;0;0;0;0;0;0;0;0;0;0
420410;CAXAMBU DO SUL;42;13;23;22;23;49;29;39;24;33;24;36;34;349
420415;CELSO RAMOS;42;0;0;0;0;0;0;0;0;0;0;0;0;0
420417;CERRO NEGRO;42;0;0;0;0;0;0;0;0;0;0;0;0;0
420419;CHAPADAO DO LAGEADO;42;0;0;0;0;0;0;0;0;0;0;0;0;0
420420;CHAPECO;42;2120;1893;1976;1953;2089;2020;2170;2131;1960;2111;1889;1648;23960
420425;COCAL DO SUL;42;0;0;0;0;0;0;0;0;0;0;0;0;0
420430;CONCORDIA;42;617;520;559;600;587;656;614;569;599;592;623;597;7133
420435;CORDILHEIRA ALTA;42;0;0;0;0;0;0;0;0;0;0;0;0;0
420440;CORONEL FREITAS;42;102;82;71;55;106;79;111;60;36;87;63;64;916
420445;CORONEL MARTINS;42;0;0;0;0;0;0;0;0;0;0;0;0;0
420450;CORUPA;42;0;0;0;0;0;0;0;0;0;0;0;0;0
420455;CORREIA PINTO;42;27;54;65;48;74;59;74;68;67;57;69;60;722
420460;CRICIUMA;42;1503;1313;1971;1635;1920;1764;1936;1957;2023;2013;1772;1686;21493
420470;CUNHA PORA;42;129;141;140;85;116;114;122;125;123;123;163;100;1481
420475;CUNHATAI;42;0;0;0;0;0;0;0;0;0;0;0;0;0
420480;CURITIBANOS;42;558;470;367;747;611;552;606;543;571;555;426;582;6588
420490;DESCANSO;42;50;65;53;55;115;103;98;103;95;116;108;78;1039
420500;DIONISIO CERQUEIRA;42;108;112;118;97;133;155;139;157;172;139;177;148;1655
420510;DONA EMMA;42;0;0;0;0;0;0;0;0;0;0;0;0;0
420515;DOUTOR PEDRINHO;42;0;0;0;0;0;0;0;0;0;0;0;0;0
420517;ENTRE RIOS;42;0;0;0;0;0;0;0;0;0;0;0;0;0
420519;ERMO;42;0;0;0;0;0;0;0;0;0;0;0;0;0
420520;ERVAL VELHO;42;0;0;0;0;0;0;0;0;0;0;0;0;0
420530;FAXINAL DOS GUEDES;42;164;119;124;164;156;172;130;149;148;166;155;135;1782
420535;FLOR DO SERTAO;42;0;0;0;0;0;0;0;0;0;0;0;0;0
420540;FLORIANOPOLIS;42;5432;6017;5920;5099;5765;5096;6253;5716;6002;5810;5862;5694;68666
420543;FORMOSA DO SUL;42;0;0;0;0;0;0;0;0;0;0;0;0;0
420545;FORQUILHINHA;42;0;0;0;0;0;0;0;0;0;0;0;0;0
420550;FRAIBURGO;42;220;246;228;260;235;221;290;253;213;245;246;271;2928
420555;FREI ROGERIO;42;0;0;0;0;0;0;0;0;0;0;0;0;0
420560;GALVAO;42;0;0;0;0;0;0;0;0;0;0;0;0;0
420570;GAROPABA;42;0;0;0;0;0;0;0;0;0;0;0;0;0
420580;GARUVA;42;0;0;0;0;0;0;0;0;0;0;0;0;0
420590;GASPAR;42;388;205;332;245;323;276;414;510;532;321;345;265;4156
420600;GOVERNADOR CELSO RAMOS;42;0;0;0;0;0;0;0;0;0;0;0;0;0
420610;GRAO-PARA;42;0;0;0;0;0;0;0;0;0;0;0;0;0
420620;GRAVATAL;42;0;0;0;0;0;0;0;0;0;0;0;0;0
420630;GUABIRUBA;42;0;0;0;0;0;0;0;0;0;0;0;0;0
420640;GUARACIABA;42;113;126;121;150;150;142;113;150;128;124;92;110;1519
420650;GUARAMIRIM;42;223;250;250;253;277;311;269;446;290;306;267;206;3348
420660;GUARUJA DO SUL;42;42;21;67;47;47;26;34;38;29;30;37;26;444
420665;GUATAMBU;42;0;0;0;0;0;0;0;0;0;0;0;0;0
420670;HERVAL D'OESTE;42;0;0;0;0;0;0;0;0;0;0;0;0;0
420675;IBIAM;42;0;0;0;0;0;0;0;0;0;0;0;0;0
420680;IBICARE;42;0;0;0;0;0;0;0;0;0;0;0;0;0
420690;IBIRAMA;42;300;303;289;348;344;323;428;383;365;364;367;311;4125
420700;ICARA;42;428;341;390;409;379;484;424;460;470;434;361;381;4961
420710;ILHOTA;42;0;0;0;0;0;0;0;0;0;0;0;0;0
420720;IMARUI;42;250;236;288;215;81;76;66;103;152;151;144;100;1862
420730;IMBITUBA;42;240;291;238;264;293;275;303;293;260;293;258;208;3216
420740;IMBUIA;42;0;0;0;0;0;0;0;0;0;0;0;0;0
420750;INDAIAL;42;262;229;264;289;305;283;307;285;280;368;276;264;3412
420757;IOMERE;42;0;0;0;0;0;0;0;0;0;0;0;0;0
420760;IPIRA;42;25;11;31;41;24;27;35;33;29;26;23;20;325
420765;IPORA DO OESTE;42;62;83;70;100;107;81;126;121;106;79;91;86;1112
420768;IPUACU;42;0;0;0;0;0;0;0;0;0;0;0;0;0
420770;IPUMIRIM;42;3;44;13;21;26;39;25;35;37;16;22;26;307
420775;IRACEMINHA;42;0;0;0;0;0;0;0;0;0;0;0;0;0
420780;IRANI;42;0;0;0;0;0;0;0;0;0;0;0;0;0
420785;IRATI;42;0;0;0;0;0;0;0;0;0;0;0;0;0
420790;IRINEOPOLIS;42;14;47;56;106;112;91;96;72;56;53;56;37;796
420800;ITA;42;106;75;71;88;85;67;71;77;93;87;71;72;963
420810;ITAIOPOLIS;42;51;41;0;23;56;58;58;56;33;42;38;62;518
420820;ITAJAI;42;2351;2209;2287;2515;2625;2303;2794;2574;2612;2808;2733;2990;30801
420830;ITAPEMA;42;239;271;314;279;284;201;206;212;288;372;261;268;3195
420840;ITAPIRANGA;42;93;98;111;79;101;128;93;189;74;137;96;106;1305
420845;ITAPOA;42;0;0;0;0;0;0;0;0;0;0;0;0;0
420850;ITUPORANGA;42;281;311;267;265;267;281;271;252;277;314;242;283;3311
420860;JABORA;42;0;0;0;0;0;0;0;0;0;0;0;0;0
420870;JACINTO MACHADO;42;41;61;67;70;73;77;61;75;81;64;61;96;827
420880;JAGUARUNA;42;98;92;76;111;86;79;85;67;68;64;147;100;1073
420890;JARAGUA DO SUL;42;1918;1963;2072;1822;2116;1936;2220;1982;2089;1924;1816;1604;23462
420895;JARDINOPOLIS;42;0;0;0;0;0;0;0;0;0;0;0;0;0
420900;JOACABA;42;1254;1053;1215;1322;1837;1519;1598;1450;1380;1522;1275;1307;16732
420910;JOINVILLE;42;4902;5223;4947;5305;5528;5305;5381;5217;5302;5563;5705;4852;63230
420915;JOSE BOITEUX;42;0;0;0;0;0;0;0;0;0;0;0;0;0
420917;JUPIA;42;0;0;0;0;0;0;0;0;0;0;0;0;0
420920;LACERDOPOLIS;42;0;0;0;0;0;0;0;0;0;0;0;0;0
420930;LAGES;42;2044;1896;1884;1913;1906;1894;2017;1942;1936;2089;1829;1840;23190
420940;LAGUNA;42;237;199;198;202;200;182;237;230;243;246;129;142;2445
420945;LAJEADO GRANDE;42;0;0;0;0;0;0;0;0;0;0;0;0;0
420950;LAURENTINO;42;0;0;0;0;0;0;0;0;0;0;0;0;0
420960;LAURO MULLER;42;41;37;39;42;36;46;37;42;42;39;64;73;538
420970;LEBON REGIS;42;0;0;38;13;21;24;22;25;25;17;27;26;238
420980;LEOBERTO LEAL;42;0;0;0;0;0;0;0;0;0;0;0;0;0
420985;LINDOIA DO SUL;42;71;82;75;26;111;76;79;81;74;83;79;82;919
420990;LONTRAS;42;0;0;0;0;0;0;0;0;0;0;0;0;0
421000;LUIZ ALVES;42;92;72;101;174;170;259;201;162;158;181;181;137;1888
421003;LUZERNA;42;60;66;40;41;60;46;64;44;51;65;49;52;638
421005;MACIEIRA;42;0;0;0;0;0;0;0;0;0;0;0;0;0
421010;MAFRA;42;996;987;966;1049;917;1033;1059;1059;1000;1196;954;1181;12397
421020;MAJOR GERCINO;42;0;0;0;0;0;0;0;0;0;0;0;0;0
421030;MAJOR VIEIRA;42;34;20;28;27;30;36;26;40;29;57;25;20;372
421040;MARACAJA;42;0;0;0;0;0;0;0;0;0;0;0;0;0
421050;MARAVILHA;42;357;336;304;305;334;370;409;430;470;387;398;417;4517
421055;MAREMA;42;0;0;0;0;0;0;0;0;0;0;0;0;0
421060;MASSARANDUBA;42;38;35;41;55;53;58;44;46;45;38;34;44;531
421070;MATOS COSTA;42;0;0;0;0;0;0;0;0;0;0;0;0;0
421080;MELEIRO;42;112;74;160;113;166;109;134;122;87;114;134;93;1418
421085;MIRIM DOCE;42;0;0;0;0;0;0;0;0;0;0;0;0;0
421090;MODELO;42;31;36;40;58;75;42;48;67;70;83;47;46;643
421100;MONDAI;42;76;84;77;89;84;104;78;80;66;91;108;67;1004
421105;MONTE CARLO;42;0;0;0;0;0;0;0;0;0;0;0;0;0
421110;MONTE CASTELO;42;0;0;0;0;0;0;0;0;0;0;0;0;0
421120;MORRO DA FUMACA;42;222;234;272;259;235;248;225;220;210;227;225;218;2795
421125;MORRO GRANDE;42;0;0;0;0;0;0;0;0;0;0;0;0;0
421130;NAVEGANTES;42;130;103;118;116;147;113;147;149;141;152;143;129;1588
421140;NOVA ERECHIM;42;102;193;81;126;107;100;92;111;148;0;268;114;1442
421145;NOVA ITABERABA;42;0;0;0;0;0;0;0;0;0;0;0;0;0
421150;NOVA TRENTO;42;15;53;78;67;64;88;77;93;101;88;121;71;916
421160;NOVA VENEZA;42;450;337;336;301;429;378;372;312;384;428;408;262;4397
421165;NOVO HORIZONTE;42;0;0;0;0;0;0;0;0;0;0;0;0;0
421170;ORLEANS;42;213;197;185;224;226;205;154;235;216;231;223;193;2502
421175;OTACILIO COSTA;42;114;109;131;124;157;162;174;202;197;181;209;150;1910
421180;OURO;42;0;0;0;0;0;0;0;0;0;0;0;0;0
421185;OURO VERDE;42;0;0;0;0;0;0;0;0;0;0;0;0;0
421187;PAIAL;42;0;0;0;0;0;0;0;0;0;0;0;0;0
421189;PAINEL;42;0;0;0;0;0;0;0;0;0;0;0;0;0
421190;PALHOCA;42;0;0;0;0;0;0;0;0;0;0;0;0;0
421200;PALMA SOLA;42;86;56;96;86;110;106;101;72;126;95;112;98;1144
421205;PALMEIRA;42;0;0;0;0;0;0;0;0;0;0;0;0;0
421210;PALMITOS;42;216;230;199;214;208;188;142;274;182;238;220;179;2490
421220;PAPANDUVA;42;51;56;66;60;57;72;99;97;90;78;92;71;889
421223;PARAISO;42;0;0;0;0;0;0;0;0;0;0;0;0;0
421225;PASSO DE TORRES;42;0;0;0;0;0;0;0;0;0;0;0;0;0
421227;PASSOS MAIA;42;0;0;0;0;0;0;0;0;0;0;0;0;0
421230;PAULO LOPES;42;0;0;0;0;0;0;0;0;0;0;0;0;0
421240;PEDRAS GRANDES;42;0;0;0;0;0;0;0;0;0;0;0;0;0
421250;PENHA;42;277;315;400;416;427;360;375;263;422;324;293;293;4165
421260;PERITIBA;42;20;39;34;34;32;34;35;40;33;41;28;23;393
421265;PESCARIA BRAVA;42;0;0;0;0;0;0;0;0;0;0;0;0;0
421270;PETROLANDIA;42;0;0;0;0;0;0;0;0;0;0;0;0;0
421280;BALNEARIO PICARRAS;42;0;0;0;0;0;0;0;0;0;0;0;0;0
421290;PINHALZINHO;42;147;122;143;166;164;149;187;136;165;137;127;116;1759
421300;PINHEIRO PRETO;42;0;0;0;0;0;0;0;0;0;0;0;0;0
421310;PIRATUBA;42;0;0;0;0;0;0;0;0;0;0;0;0;0
421315;PLANALTO ALEGRE;42;0;0;0;0;0;0;0;0;0;0;0;0;0
421320;POMERODE;42;235;287;247;268;251;249;363;253;269;409;260;206;3297
421330;PONTE ALTA;42;0;0;0;0;0;0;0;0;0;0;0;0;0
421335;PONTE ALTA DO NORTE;42;0;0;0;0;0;0;0;0;0;0;0;0;0
421340;PONTE SERRADA;42;203;203;233;220;215;195;202;199;177;161;217;219;2444
421350;PORTO BELO;42;0;0;0;0;0;0;0;0;0;0;0;0;0
421360;PORTO UNIAO;42;321;330;358;323;356;352;396;326;355;372;429;370;4288
421370;POUSO REDONDO;42;21;31;40;33;28;42;27;26;40;32;40;34;394
421380;PRAIA GRANDE;42;148;120;145;152;153;138;167;198;168;189;212;174;1964
421390;PRESIDENTE CASTELLO BRANCO;42;0;0;0;0;0;0;0;0;0;0;0;0;0
421400;PRESIDENTE GETULIO;42;43;52;28;52;46;50;78;37;83;16;95;68;648
421410;PRESIDENTE NEREU;42;0;0;0;0;0;0;0;0;0;0;0;0;0
421415;PRINCESA;42;0;0;0;0;0;0;0;0;0;0;0;0;0
421420;QUILOMBO;42;71;91;103;113;86;109;75;66;72;80;72;48;986
421430;RANCHO QUEIMADO;42;0;0;0;0;0;0;0;0;0;0;0;0;0
421440;RIO DAS ANTAS;42;0;0;0;0;0;0;0;0;0;0;0;0;0
421450;RIO DO CAMPO;42;20;25;26;20;35;34;21;26;14;34;22;24;301
421460;RIO DO OESTE;42;0;0;0;0;0;0;0;0;0;0;0;0;0
421470;RIO DOS CEDROS;42;70;45;65;66;46;64;54;53;51;68;40;64;686
421480;RIO DO SUL;42;908;852;1016;939;1071;1027;1057;1173;1098;1136;958;1072;12307
421490;RIO FORTUNA;42;152;168;164;146;183;147;147;130;147;149;139;113;1785
421500;RIO NEGRINHO;42;520;439;482;453;476;425;437;425;426;466;455;395;5399
421505;RIO RUFINO;42;0;0;0;0;0;0;0;0;0;0;0;0;0
421507;RIQUEZA;42;0;0;0;0;0;0;0;0;0;0;0;0;0
421510;RODEIO;42;0;0;0;0;0;0;0;0;0;0;0;0;0
421520;ROMELANDIA;42;0;0;0;0;0;0;0;0;0;0;0;0;0
421530;SALETE;42;32;14;30;23;25;28;32;22;13;23;11;15;268
421535;SALTINHO;42;0;0;0;0;0;0;0;0;0;0;0;0;0
421540;SALTO VELOSO;42;31;29;47;63;74;25;41;57;37;36;63;40;543
421545;SANGAO;42;0;0;0;0;0;0;0;0;0;0;0;0;0
421550;SANTA CECILIA;42;102;119;116;92;100;110;98;102;100;109;117;94;1259
421555;SANTA HELENA;42;0;0;0;0;0;0;0;0;0;0;0;0;0
421560;SANTA ROSA DE LIMA;42;0;0;0;0;0;0;0;0;0;0;0;0;0
421565;SANTA ROSA DO SUL;42;0;0;0;0;0;0;0;0;0;0;0;0;0
421567;SANTA TEREZINHA;42;0;0;0;0;0;0;0;0;0;0;0;0;0
421568;SANTA TEREZINHA DO PROGRESSO;42;0;0;0;0;0;0;0;0;0;0;0;0;0
421569;SANTIAGO DO SUL;42;0;0;0;0;0;0;0;0;0;0;0;0;0
421570;SANTO AMARO DA IMPERATRIZ;42;182;220;202;214;236;211;249;248;318;294;225;250;2849
421575;SAO BERNARDINO;42;0;0;0;0;0;0;0;0;0;0;0;0;0
421580;SAO BENTO DO SUL;42;506;453;515;524;456;550;499;478;602;644;607;473;6307
421590;SAO BONIFACIO;42;56;59;76;76;95;78;68;129;124;125;105;89;1080
421600;SAO CARLOS;42;127;195;204;193;242;258;280;220;253;259;134;167;2532
421605;SAO CRISTOVAO DO SUL;42;0;0;0;0;0;0;0;0;0;0;0;0;0
421610;SAO DOMINGOS;42;0;0;0;0;0;0;0;0;0;0;0;0;0
421620;SAO FRANCISCO DO SUL;42;131;138;157;172;170;153;146;164;119;150;125;156;1781
421625;SAO JOAO DO OESTE;42;81;70;74;46;48;60;54;69;65;57;49;54;727
421630;SAO JOAO BATISTA;42;70;61;88;91;94;80;70;84;66;49;83;88;924
421635;SAO JOAO DO ITAPERIU;42;0;0;0;0;0;0;0;0;0;0;0;0;0
421640;SAO JOAO DO SUL;42;0;0;0;0;0;0;0;0;0;0;0;0;0
421650;SAO JOAQUIM;42;187;171;167;204;199;196;210;210;224;226;219;218;2431
421660;SAO JOSE;42;2055;2306;2566;2424;2652;2823;2623;2624;2578;2773;2656;2662;30742
421670;SAO JOSE DO CEDRO;42;112;111;144;114;131;149;135;157;136;201;105;173;1668
421680;SAO JOSE DO CERRITO;42;0;0;0;0;0;0;0;0;0;0;0;0;0
421690;SAO LOURENCO DO OESTE;42;194;120;116;281;190;204;245;234;246;230;210;251;2521
421700;SAO LUDGERO;42;0;0;0;0;0;0;0;0;0;0;0;0;0
421710;SAO MARTINHO;42;28;29;28;23;29;22;26;27;26;29;18;16;301
421715;SAO MIGUEL DA BOA VISTA;42;0;0;0;0;0;0;0;0;0;0;0;0;0
421720;SAO MIGUEL DO OESTE;42;657;696;748;718;785;734;762;650;670;729;624;622;8395
421725;SAO PEDRO DE ALCANTARA;42;52;79;94;117;131;148;211;170;148;137;140;124;1551
421730;SAUDADES;42;71;89;83;88;110;126;114;123;107;116;121;74;1222
421740;SCHROEDER;42;0;0;0;0;0;0;0;0;0;0;0;0;0
421750;SEARA;42;69;151;130;125;158;172;117;120;121;129;117;112;1521
421755;SERRA ALTA;42;0;0;0;0;0;0;0;0;0;0;0;0;0
421760;SIDEROPOLIS;42;0;0;0;0;0;0;0;0;0;0;0;0;0
421770;SOMBRIO;42;693;630;800;800;817;684;745;702;719;736;833;713;8872
421775;SUL BRASIL;42;0;0;0;0;0;0;0;0;0;0;0;0;0
421780;TAIO;42;71;71;59;91;86;103;58;120;133;106;83;120;1101
421790;TANGARA;42;76;100;75;74;108;98;87;82;72;97;72;59;1000
421795;TIGRINHOS;42;0;0;0;0;0;0;0;0;0;0;0;0;0
421800;TIJUCAS;42;253;282;347;352;422;323;269;253;279;287;303;248;3618
421810;TIMBE DO SUL;42;234;278;198;223;254;184;199;161;224;274;307;155;2691
421820;TIMBO;42;457;602;403;804;610;681;567;700;617;596;494;495;7026
421825;TIMBO GRANDE;42;0;0;0;0;0;0;0;0;0;0;0;0;0
421830;TRES BARRAS;42;128;132;147;139;138;139;140;133;137;163;141;115;1652
421835;TREVISO;42;0;0;0;0;0;0;0;0;0;0;0;0;0
421840;TREZE DE MAIO;42;319;271;304;299;352;239;284;284;215;358;318;222;3465
421850;TREZE TILIAS;42;0;0;0;0;0;0;0;0;0;0;0;0;0
421860;TROMBUDO CENTRAL;42;40;26;31;35;28;47;41;56;36;30;56;43;469
421870;TUBARAO;42;1290;1060;1052;1219;1118;1342;1281;1316;1265;1399;1133;1254;14729
421875;TUNAPOLIS;42;69;76;71;80;59;79;80;82;71;71;63;77;878
421880;TURVO;42;57;35;27;26;37;45;65;39;24;18;85;44;502
421885;UNIAO DO OESTE;42;0;0;0;0;0;0;0;0;0;0;0;0;0
421890;URUBICI;42;34;59;73;23;52;58;63;48;43;39;30;1;523
421895;URUPEMA;42;0;0;0;0;0;0;0;0;0;0;0;0;0
421900;URUSSANGA;42;159;150;152;171;168;181;200;172;167;206;179;135;2040
421910;VARGEAO;42;68;84;111;67;117;175;112;109;99;179;81;111;1313
421915;VARGEM;42;0;0;0;0;0;0;0;0;0;0;0;0;0
421917;VARGEM BONITA;42;0;0;0;0;0;0;0;0;0;0;0;0;0
421920;VIDAL RAMOS;42;2;4;5;5;2;4;2;5;5;6;13;15;68
421930;VIDEIRA;42;458;578;492;459;615;504;618;345;588;335;596;709;6297
421935;VITOR MEIRELES;42;21;20;13;18;17;10;10;10;12;16;14;9;170
421940;WITMARSUM;42;25;27;16;16;31;22;35;20;23;13;6;4;238
421950;XANXERE;42;678;700;712;682;785;788;695;718;721;779;724;678;8660
421960;XAVANTINA;42;22;40;17;9;43;22;7;8;17;16;14;71;286
421970;XAXIM;42;110;111;153;124;127;131;136;154;60;154;143;126;1529
421985;ZORTEA;42;0;0;0;0;0;0;0;0;0;0;0;0;0
422000;BALNEARIO RINCAO;42;0;0;0;0;0;0;0;0;0;0;0;0;0
430003;ACEGUA;43;0;64;41;32;44;48;31;28;34;30;37;33;422
430005;AGUA SANTA;43;0;0;0;0;0;0;0;0;0;0;0;0;0
430010;AGUDO;43;135;114;129;114;135;135;138;125;139;135;131;123;1553
430020;AJURICABA;43;29;40;24;26;25;32;27;21;35;33;34;32;358
430030;ALECRIM;43;43;42;50;46;38;41;51;49;51;48;39;46;544
430040;ALEGRETE;43;600;546;580;600;585;549;553;572;624;623;651;588;7071
430045;ALEGRIA;43;0;0;0;0;0;0;0;0;0;0;0;0;0
430047;ALMIRANTE TAMANDARE DO SUL;43;0;0;0;0;0;0;0;0;0;0;0;0;0
430050;ALPESTRE;43;45;34;40;40;37;44;37;40;37;40;41;38;473
430055;ALTO ALEGRE;43;0;0;0;0;0;0;0;0;0;0;0;0;0
430057;ALTO FELIZ;43;0;0;0;0;0;0;0;0;0;0;0;0;0
430060;ALVORADA;43;254;288;342;357;486;486;658;467;434;508;600;494;5374
430063;AMARAL FERRADOR;43;0;0;0;0;0;0;0;0;0;0;0;0;0
430064;AMETISTA DO SUL;43;40;38;40;38;37;39;38;38;44;43;42;47;484
430066;ANDRE DA ROCHA;43;0;0;0;0;0;0;0;0;0;0;0;0;0
430070;ANTA GORDA;43;48;45;40;40;39;52;55;71;46;38;33;39;546
430080;ANTONIO PRADO;43;77;72;73;77;85;68;73;73;66;57;58;57;836
430085;ARAMBARE;43;0;0;0;0;0;0;0;0;0;0;0;0;0
430087;ARARICA;43;0;0;0;0;0;0;0;0;0;0;0;0;0
430090;ARATIBA;43;69;60;35;51;54;32;92;62;53;67;73;70;718
430100;ARROIO DO MEIO;43;222;212;221;229;232;240;218;223;243;231;199;254;2724
430105;ARROIO DO SAL;43;0;0;0;0;0;0;0;0;0;0;0;0;0
430107;ARROIO DO PADRE;43;0;0;0;0;0;0;0;0;0;0;0;0;0
430110;ARROIO DOS RATOS;43;0;0;0;0;0;0;0;0;0;0;0;0;0
430120;ARROIO DO TIGRE;43;146;129;139;145;151;152;146;189;154;130;111;116;1708
430130;ARROIO GRANDE;43;41;51;51;51;59;42;49;45;40;64;38;43;574
430140;ARVOREZINHA;43;52;68;77;53;78;78;89;80;69;67;58;53;822
430150;AUGUSTO PESTANA;43;40;41;40;40;44;43;44;44;45;45;45;42;513
430155;AUREA;43;0;0;0;0;0;0;0;0;0;0;0;0;0
430160;BAGE;43;716;584;881;780;791;711;656;818;918;818;673;695;9041
430163;BALNEARIO PINHAL;43;0;0;0;0;0;0;0;0;0;0;0;0;0
430165;BARAO;43;0;0;0;0;0;0;0;0;0;0;0;0;0
430170;BARAO DE COTEGIPE;43;0;0;0;0;0;0;0;0;0;0;0;0;0
430175;BARAO DO TRIUNFO;43;0;0;0;0;0;0;0;0;0;0;0;0;0
430180;BARRACAO;43;0;0;0;0;0;0;0;0;0;0;0;0;0
430185;BARRA DO GUARITA;43;0;0;0;0;0;0;0;0;0;0;0;0;0
430187;BARRA DO QUARAI;43;0;0;0;0;0;0;0;0;0;0;0;0;0
430190;BARRA DO RIBEIRO;43;0;0;0;0;0;0;0;0;0;0;0;0;0
430192;BARRA DO RIO AZUL;43;0;0;0;0;0;0;0;0;0;0;0;0;0
430195;BARRA FUNDA;43;0;0;0;0;0;0;0;0;0;0;0;0;0
430200;BARROS CASSAL;43;0;0;0;0;0;0;0;0;0;0;0;0;0
430205;BENJAMIN CONSTANT DO SUL;43;0;0;0;0;0;0;0;0;0;0;0;0;0
430210;BENTO GONCALVES;43;600;631;542;575;597;627;567;513;626;675;654;614;7221
430215;BOA VISTA DAS MISSOES;43;0;0;0;0;0;0;0;0;0;0;0;0;0
430220;BOA VISTA DO BURICA;43;33;34;40;30;33;33;33;33;33;35;33;34;404
430222;BOA VISTA DO CADEADO;43;0;0;0;0;0;0;0;0;0;0;0;0;0
430223;BOA VISTA DO INCRA;43;0;0;0;0;0;0;0;0;0;0;0;0;0
430225;BOA VISTA DO SUL;43;0;0;0;0;0;0;0;0;0;0;0;0;0
430230;BOM JESUS;43;10;1;1;4;12;15;17;18;15;19;15;11;138
430235;BOM PRINCIPIO;43;46;39;49;64;48;83;54;61;60;64;56;73;697
430237;BOM PROGRESSO;43;0;0;0;0;0;0;0;0;0;0;0;0;0
430240;BOM RETIRO DO SUL;43;37;73;68;88;72;49;111;85;66;73;115;74;911
430245;BOQUEIRAO DO LEAO;43;40;31;42;45;34;32;38;35;34;32;35;33;431
430250;BOSSOROCA;43;0;0;0;0;0;0;0;0;0;0;0;0;0
430258;BOZANO;43;0;0;0;0;0;0;0;0;0;0;0;0;0
430260;BRAGA;43;0;0;0;0;0;0;0;0;0;0;0;0;0
430265;BROCHIER;43;0;0;0;0;0;0;0;0;0;0;0;0;0
430270;BUTIA;43;1;0;1;2;0;0;0;0;0;0;0;0;4
430280;CACAPAVA DO SUL;43;141;135;141;164;164;145;144;156;156;152;171;161;1830
430290;CACEQUI;43;56;58;59;59;59;59;59;52;58;53;44;36;652
430300;CACHOEIRA DO SUL;43;633;649;662;693;753;747;848;678;717;781;738;741;8640
430310;CACHOEIRINHA;43;341;299;326;362;251;292;373;382;280;350;384;529;4169
430320;CACIQUE DOBLE;43;0;0;0;0;0;0;0;0;0;0;0;0;0
430330;CAIBATE;43;29;40;37;36;43;38;39;34;37;42;40;36;451
430340;CAICARA;43;35;34;31;34;41;48;41;39;43;48;36;42;472
430350;CAMAQUA;43;433;351;451;413;458;396;408;512;423;485;459;382;5171
430355;CAMARGO;43;0;0;0;0;0;0;0;0;0;0;0;0;0
430360;CAMBARA DO SUL;43;17;13;14;18;15;8;17;5;39;18;19;18;201
430367;CAMPESTRE DA SERRA;43;0;0;0;0;0;0;0;0;0;0;0;0;0
430370;CAMPINA DAS MISSOES;43;49;46;54;48;51;59;64;56;60;58;52;58;655
430380;CAMPINAS DO SUL;43;11;23;24;30;23;22;36;31;21;32;27;21;301
430390;CAMPO BOM;43;474;393;499;492;474;510;523;480;457;499;427;435;5663
430400;CAMPO NOVO;43;31;29;40;20;21;0;9;26;35;12;25;27;275
430410;CAMPOS BORGES;43;0;0;0;0;0;0;0;0;0;0;0;0;0
430420;CANDELARIA;43;190;203;242;203;243;230;265;244;236;226;224;211;2717
430430;CANDIDO GODOI;43;89;78;71;65;65;65;64;68;70;65;65;65;830
430435;CANDIOTA;43;0;0;0;0;0;0;0;0;0;0;0;0;0
430440;CANELA;43;211;221;234;210;212;233;245;252;232;208;208;207;2673
430450;CANGUCU;43;225;208;218;272;226;234;257;260;251;231;233;230;2845
430460;CANOAS;43;2305;2387;2203;2877;1382;1242;1140;1852;3807;1257;2299;1706;24457
430461;CANUDOS DO VALE;43;0;0;0;0;0;0;0;0;0;0;0;0;0
430462;CAPAO BONITO DO SUL;43;0;0;0;0;0;0;0;0;0;0;0;0;0
430463;CAPAO DA CANOA;43;380;399;488;401;453;648;544;558;531;530;451;485;5868
430465;CAPAO DO CIPO;43;0;0;0;0;0;0;0;0;0;0;0;0;0
430466;CAPAO DO LEAO;43;0;0;0;0;0;0;0;0;0;0;0;0;0
430467;CAPIVARI DO SUL;43;0;0;0;0;0;0;0;0;0;0;0;0;0
430468;CAPELA DE SANTANA;43;0;0;0;0;0;0;0;0;0;0;0;0;0
430469;CAPITAO;43;0;0;0;0;0;0;0;0;0;0;0;0;0
430470;CARAZINHO;43;352;397;426;353;499;556;600;687;621;679;616;578;6364
430471;CARAA;43;0;0;0;0;0;0;0;0;0;0;0;0;0
430480;CARLOS BARBOSA;43;107;147;152;119;150;144;110;104;124;152;130;150;1589
430485;CARLOS GOMES;43;0;0;0;0;0;0;0;0;0;0;0;0;0
430490;CASCA;43;50;45;67;49;85;51;98;84;82;62;53;92;818
430495;CASEIROS;43;0;0;0;0;0;0;0;0;0;0;0;0;0
430500;CATUIPE;43;0;0;0;0;0;0;0;0;0;0;0;0;0
430510;CAXIAS DO SUL;43;2665;2472;2371;2586;2675;2423;2717;2611;2824;2737;2417;2311;30809
430511;CENTENARIO;43;0;0;0;0;0;0;0;0;0;0;0;0;0
430512;CERRITO;43;0;0;0;0;0;0;0;0;0;0;0;0;0
430513;CERRO BRANCO;43;0;0;0;0;0;0;0;0;0;0;0;0;0
430515;CERRO GRANDE;43;0;0;0;0;0;0;0;0;0;0;0;0;0
430517;CERRO GRANDE DO SUL;43;0;0;0;0;0;0;0;0;0;0;0;0;0
430520;CERRO LARGO;43;55;46;47;60;59;63;57;68;56;63;77;72;723
430530;CHAPADA;43;17;24;29;30;28;28;33;28;26;24;25;32;324
430535;CHARQUEADAS;43;123;128;195;124;122;102;136;132;135;132;121;117;1567
430537;CHARRUA;43;0;0;0;0;0;0;0;0;0;0;0;0;0
430540;CHIAPETTA;43;25;23;24;25;25;26;28;26;28;29;25;25;309
430543;CHUI;43;0;0;0;0;0;0;0;0;0;0;0;0;0
430544;CHUVISCA;43;0;0;0;0;0;0;0;0;0;0;0;0;0
430545;CIDREIRA;43;0;0;0;0;0;0;0;0;0;0;0;0;0
430550;CIRIACO;43;0;0;0;0;0;0;0;0;0;0;0;0;0
430558;COLINAS;43;0;0;0;0;0;0;0;0;0;0;0;0;0
430560;COLORADO;43;0;0;0;0;0;0;0;0;0;0;0;0;0
430570;CONDOR;43;39;41;50;47;57;46;37;40;14;75;42;37;525
430580;CONSTANTINA;43;43;42;42;43;45;44;43;45;48;47;50;44;536
430583;COQUEIRO BAIXO;43;0;0;0;0;0;0;0;0;0;0;0;0;0
430585;COQUEIROS DO SUL;43;0;0;0;0;0;0;0;0;0;0;0;0;0
430587;CORONEL BARROS;43;0;0;0;0;0;0;0;0;0;0;0;0;0
430590;CORONEL BICACO;43;31;19;28;30;31;29;39;30;33;32;40;52;394
430593;CORONEL PILAR;43;0;0;0;0;0;0;0;0;0;0;0;0;0
430595;COTIPORA;43;0;0;0;0;0;0;0;0;0;0;0;0;0
430597;COXILHA;43;0;0;0;0;0;0;0;0;0;0;0;0;0
430600;CRISSIUMAL;43;107;103;108;107;107;108;113;120;118;120;133;120;1364
430605;CRISTAL;43;0;0;0;0;0;0;0;0;0;0;0;0;0
430607;CRISTAL DO SUL;43;0;0;0;0;0;0;0;0;0;0;0;0;0
430610;CRUZ ALTA;43;490;506;480;519;525;538;512;552;575;618;579;579;6473
430613;CRUZALTENSE;43;0;0;0;0;0;0;0;0;0;0;0;0;0
430620;CRUZEIRO DO SUL;43;19;15;13;22;16;25;16;16;20;19;23;18;222
430630;DAVID CANABARRO;43;44;21;29;21;23;28;8;33;31;40;32;29;339
430632;DERRUBADAS;43;0;0;0;0;0;0;0;0;0;0;0;0;0
430635;DEZESSEIS DE NOVEMBRO;43;0;0;0;0;0;0;0;0;0;0;0;0;0
430637;DILERMANDO DE AGUIAR;43;0;0;0;0;0;0;0;0;0;0;0;0;0
430640;DOIS IRMAOS;43;163;124;137;138;136;142;184;161;164;153;143;128;1773
430642;DOIS IRMAOS DAS MISSOES;43;0;0;0;0;0;0;0;0;0;0;0;0;0
430645;DOIS LAJEADOS;43;69;74;80;74;84;88;76;67;74;55;75;90;906
430650;DOM FELICIANO;43;31;30;44;36;35;34;35;34;38;40;24;35;416
430655;DOM PEDRO DE ALCANTARA;43;0;0;0;0;0;0;0;0;0;0;0;0;0
430660;DOM PEDRITO;43;117;169;259;184;189;186;201;187;189;182;183;150;2196
430670;DONA FRANCISCA;43;0;0;0;0;0;0;0;0;0;0;0;0;0
430673;DOUTOR MAURICIO CARDOSO;43;0;0;0;0;0;0;0;0;0;0;0;0;0
430675;DOUTOR RICARDO;43;0;0;0;0;0;0;0;0;0;0;0;0;0
430676;ELDORADO DO SUL;43;0;0;0;0;0;0;0;0;0;0;0;0;0
430680;ENCANTADO;43;132;160;261;247;272;195;259;225;258;284;197;160;2650
430690;ENCRUZILHADA DO SUL;43;171;164;223;190;227;229;233;229;233;276;236;267;2678
430692;ENGENHO VELHO;43;0;0;0;0;0;0;0;0;0;0;0;0;0
430693;ENTRE-IJUIS;43;0;0;0;0;0;0;0;0;0;0;0;0;0
430695;ENTRE RIOS DO SUL;43;0;0;0;0;0;0;0;0;0;0;0;0;0
430697;EREBANGO;43;0;0;0;0;0;0;0;0;0;0;0;0;0
430700;ERECHIM;43;1164;1196;1171;1165;1227;1224;1261;1313;1252;1303;1239;1199;14714
430705;ERNESTINA;43;0;0;0;0;0;0;0;0;0;0;0;0;0
430710;HERVAL;43;20;9;12;12;12;0;1;35;11;12;10;13;147
430720;ERVAL GRANDE;43;0;0;0;0;0;0;0;0;0;0;0;0;0
430730;ERVAL SECO;43;0;0;0;0;0;0;0;0;0;0;0;0;0
430740;ESMERALDA;43;0;0;0;0;0;0;0;0;0;0;0;0;0
430745;ESPERANCA DO SUL;43;0;0;0;0;0;0;0;0;0;0;0;0;0
430750;ESPUMOSO;43;145;120;102;61;125;0;284;133;120;124;125;128;1467
430755;ESTACAO;43;0;0;0;0;0;0;0;0;0;0;0;0;0
430760;ESTANCIA VELHA;43;125;147;91;176;187;184;187;202;205;204;178;123;2009
430770;ESTEIO;43;308;800;666;597;579;592;591;602;602;583;559;208;6687
430780;ESTRELA;43;415;332;308;321;372;413;318;404;187;390;338;331;4129
430781;ESTRELA VELHA;43;0;0;0;0;0;0;0;0;0;0;0;0;0
430783;EUGENIO DE CASTRO;43;0;0;0;0;0;0;0;0;0;0;0;0;0
430786;FAGUNDES VARELA;43;0;0;0;0;0;0;0;0;0;0;0;0;0
430790;FARROUPILHA;43;595;565;628;573;546;535;637;612;540;610;631;527;6999
430800;FAXINAL DO SOTURNO;43;326;214;293;211;247;211;304;285;207;240;310;285;3133
430805;FAXINALZINHO;43;0;0;0;0;0;0;0;0;0;0;0;0;0
430807;FAZENDA VILANOVA;43;0;0;0;0;0;0;0;0;0;0;0;0;0
430810;FELIZ;43;0;0;0;0;0;10;22;27;27;13;18;31;148
430820;FLORES DA CUNHA;43;74;57;64;68;75;77;68;71;78;83;63;62;840
430825;FLORIANO PEIXOTO;43;0;0;0;0;0;0;0;0;0;0;0;0;0
430830;FONTOURA XAVIER;43;0;0;0;0;0;0;0;0;0;0;0;0;0
430840;FORMIGUEIRO;43;0;21;23;10;17;29;29;17;22;24;16;13;221
430843;FORQUETINHA;43;0;0;0;0;0;0;0;0;0;0;0;0;0
430845;FORTALEZA DOS VALOS;43;0;5;3;1;3;3;3;6;4;6;5;5;44
430850;FREDERICO WESTPHALEN;43;348;268;278;282;301;300;309;313;299;274;301;248;3521
430860;GARIBALDI;43;215;185;224;209;257;251;243;233;265;230;274;260;2846
430865;GARRUCHOS;43;0;0;0;0;0;0;0;0;0;0;0;0;0
430870;GAURAMA;43;11;10;10;13;15;19;17;13;0;22;16;8;154
430880;GENERAL CAMARA;43;0;0;0;0;0;0;0;0;0;0;0;0;0
430885;GENTIL;43;0;0;0;0;0;0;0;0;0;0;0;0;0
430890;GETULIO VARGAS;43;184;180;183;189;182;190;190;200;198;200;192;184;2272
430900;GIRUA;43;104;99;133;93;93;154;91;98;91;92;88;87;1223
430905;GLORINHA;43;0;0;0;0;0;0;0;0;0;0;0;0;0
430910;GRAMADO;43;369;283;306;390;372;281;266;269;333;303;278;228;3678
430912;GRAMADO DOS LOUREIROS;43;0;0;0;0;0;0;0;0;0;0;0;0;0
430915;GRAMADO XAVIER;43;0;0;0;0;0;0;0;0;0;0;0;0;0
430920;GRAVATAI;43;714;567;474;718;683;758;825;693;737;674;560;529;7932
430925;GUABIJU;43;3;7;3;9;9;8;2;3;4;2;5;5;60
430930;GUAIBA;43;232;234;272;281;400;362;344;341;332;376;353;444;3971
430940;GUAPORE;43;142;143;186;163;163;177;179;153;188;153;140;112;1899
430950;GUARANI DAS MISSOES;43;49;53;50;51;53;54;54;54;50;54;49;54;625
430955;HARMONIA;43;0;0;0;0;0;0;0;0;0;0;0;0;0
430957;HERVEIRAS;43;0;0;0;0;0;0;0;0;0;0;0;0;0
430960;HORIZONTINA;43;112;118;131;122;127;123;121;123;136;140;143;0;1396
430965;HULHA NEGRA;43;0;0;0;0;0;0;0;0;0;0;0;0;0
430970;HUMAITA;43;39;24;32;18;24;19;49;16;33;27;28;24;333
430975;IBARAMA;43;0;0;0;0;0;0;0;0;0;0;0;0;0
430980;IBIACA;43;0;0;0;0;0;0;0;0;0;0;0;0;0
430990;IBIRAIARAS;43;0;0;0;0;0;0;0;0;0;0;0;0;0
430995;IBIRAPUITA;43;0;0;0;0;0;0;0;0;0;0;0;0;0
431000;IBIRUBA;43;66;55;87;82;96;74;77;81;83;109;78;74;962
431010;IGREJINHA;43;446;470;476;504;548;501;484;521;558;556;582;517;6163
431020;IJUI;43;1056;1089;1093;1060;1108;1187;1163;1274;1295;1223;1180;1081;13809
431030;ILOPOLIS;43;39;26;15;22;18;24;14;26;16;14;21;34;269
431033;IMBE;43;0;0;0;0;0;0;0;0;0;0;0;0;0
431036;IMIGRANTE;43;0;0;0;0;0;0;0;0;0;0;0;0;0
431040;INDEPENDENCIA;43;0;0;0;0;0;0;0;0;0;0;0;0;0
431041;INHACORA;43;0;0;0;0;0;0;0;0;0;0;0;0;0
431043;IPE;43;0;0;0;0;0;0;0;0;0;0;0;0;0
431046;IPIRANGA DO SUL;43;0;0;0;0;0;0;0;0;0;0;0;0;0
431050;IRAI;43;72;69;75;70;71;72;68;69;71;71;70;67;845
431053;ITAARA;43;0;0;0;0;0;0;0;0;0;0;0;0;0
431055;ITACURUBI;43;0;0;0;0;0;0;0;0;0;0;0;0;0
431057;ITAPUCA;43;0;0;0;0;0;0;0;0;0;0;0;0;0
431060;ITAQUI;43;192;170;212;211;194;221;249;200;220;229;219;249;2566
431065;ITATI;43;0;0;0;0;0;0;0;0;0;0;0;0;0
431070;ITATIBA DO SUL;43;0;0;0;0;0;0;0;0;0;0;0;0;0
431075;IVORA;43;9;8;24;2;0;32;15;8;17;10;12;0;137
431080;IVOTI;43;100;101;101;106;101;106;105;110;100;110;95;71;1206
431085;JABOTICABA;43;38;32;43;37;52;53;53;50;49;49;43;25;524
431087;JACUIZINHO;43;0;0;0;0;0;0;0;0;0;0;0;0;0
431090;JACUTINGA;43;0;0;0;0;0;0;0;0;0;0;0;0;0
431100;JAGUARAO;43;126;116;149;153;198;132;191;154;118;126;126;100;1689
431110;JAGUARI;43;73;68;73;51;78;67;75;47;48;62;52;56;750
431112;JAQUIRANA;43;5;4;8;1;5;5;4;5;6;2;7;5;57
431113;JARI;43;0;0;0;0;0;0;0;0;0;0;0;0;0
431115;JOIA;43;0;0;0;0;0;0;0;0;0;0;0;0;0
431120;JULIO DE CASTILHOS;43;34;46;59;63;68;50;69;67;83;76;78;67;760
431123;LAGOA BONITA DO SUL;43;0;0;0;0;0;0;0;0;0;0;0;0;0
431125;LAGOAO;43;0;0;0;0;0;0;0;0;0;0;0;0;0
431127;LAGOA DOS TRES CANTOS;43;0;0;0;0;0;0;0;0;0;0;0;0;0
431130;LAGOA VERMELHA;43;213;132;152;135;147;147;187;185;149;141;120;133;1841
431140;LAJEADO;43;707;622;462;636;561;655;869;884;798;995;1118;1095;9402
431142;LAJEADO DO BUGRE;43;0;0;0;0;0;0;0;0;0;0;0;0;0
431150;LAVRAS DO SUL;43;13;13;12;16;19;19;20;0;33;25;0;15;185
431160;LIBERATO SALZANO;43;0;0;0;0;0;0;0;0;0;0;0;0;0
431162;LINDOLFO COLLOR;43;0;0;0;0;0;0;0;0;0;0;0;0;0
431164;LINHA NOVA;43;0;0;0;0;0;0;0;0;0;0;0;0;0
431170;MACHADINHO;43;0;0;0;0;0;0;0;0;0;0;0;0;0
431171;MACAMBARA;43;0;0;0;0;0;0;0;0;0;0;0;0;0
431173;MAMPITUBA;43;0;0;0;0;0;0;0;0;0;0;0;0;0
431175;MANOEL VIANA;43;0;0;0;0;0;0;0;0;0;0;0;0;0
431177;MAQUINE;43;0;0;0;0;0;0;0;0;0;0;0;0;0
431179;MARATA;43;0;0;0;0;0;0;0;0;0;0;0;0;0
431180;MARAU;43;173;132;180;175;129;189;191;185;199;148;219;270;2190
431190;MARCELINO RAMOS;43;33;35;33;28;34;33;27;32;33;31;34;33;386
431198;MARIANA PIMENTEL;43;0;0;0;0;0;0;0;0;0;0;0;0;0
431200;MARIANO MORO;43;0;0;0;0;0;0;0;0;0;0;0;0;0
431205;MARQUES DE SOUZA;43;45;45;45;35;55;49;50;50;54;56;55;54;593
431210;MATA;43;17;17;14;12;16;10;13;20;10;20;11;17;177
431213;MATO CASTELHANO;43;0;0;0;0;0;0;0;0;0;0;0;0;0
431215;MATO LEITAO;43;0;0;0;0;0;0;0;0;0;0;0;0;0
431217;MATO QUEIMADO;43;0;0;0;0;0;0;0;0;0;0;0;0;0
431220;MAXIMILIANO DE ALMEIDA;43;35;31;40;46;44;37;34;43;40;36;38;31;455
431225;MINAS DO LEAO;43;0;0;0;0;0;0;0;0;0;0;0;0;0
431230;MIRAGUAI;43;0;0;0;0;0;0;0;0;0;0;0;0;0
431235;MONTAURI;43;0;0;0;0;0;0;0;0;0;0;0;0;0
431237;MONTE ALEGRE DOS CAMPOS;43;0;0;0;0;0;0;0;0;0;0;0;0;0
431238;MONTE BELO DO SUL;43;0;0;0;0;0;0;0;0;0;0;0;0;0
431240;MONTENEGRO;43;447;342;366;277;374;319;331;356;424;470;409;378;4493
431242;MORMACO;43;0;0;0;0;0;0;0;0;0;0;0;0;0
431244;MORRINHOS DO SUL;43;0;0;0;0;0;0;0;0;0;0;0;0;0
431245;MORRO REDONDO;43;0;0;0;0;0;0;0;0;0;0;0;0;0
431247;MORRO REUTER;43;0;0;0;0;0;0;0;0;0;0;0;0;0
431250;MOSTARDAS;43;8;17;11;10;8;7;16;2;7;19;12;2;119
431260;MUCUM;43;18;13;14;17;14;17;13;15;19;10;16;21;187
431261;MUITOS CAPOES;43;0;0;0;0;0;0;0;0;0;0;0;0;0
431262;MULITERNO;43;0;0;0;0;0;0;0;0;0;0;0;0;0
431265;NAO-ME-TOQUE;43;94;87;103;108;105;186;187;166;199;122;108;181;1646
431267;NICOLAU VERGUEIRO;43;0;0;0;0;0;0;0;0;0;0;0;0;0
431270;NONOAI;43;222;206;201;199;191;198;194;199;200;235;235;215;2495
431275;NOVA ALVORADA;43;0;0;0;0;0;0;0;0;0;0;0;0;0
431280;NOVA ARACA;43;0;0;0;0;0;0;0;0;0;0;0;0;0
431290;NOVA BASSANO;43;47;32;44;33;39;49;51;46;56;56;45;42;540
431295;NOVA BOA VISTA;43;0;0;0;0;0;0;0;0;0;0;0;0;0
431300;NOVA BRESCIA;43;33;33;33;30;33;33;33;33;33;33;31;33;391
431301;NOVA CANDELARIA;43;0;0;0;0;0;0;0;0;0;0;0;0;0
431303;NOVA ESPERANCA DO SUL;43;0;0;0;0;0;0;0;0;0;0;0;0;0
431306;NOVA HARTZ;43;0;0;0;0;0;0;0;0;0;0;0;0;0
431308;NOVA PADUA;43;0;0;0;0;0;0;0;0;0;0;0;0;0
431310;NOVA PALMA;43;81;85;97;97;99;97;100;100;99;92;98;100;1145
431320;NOVA PETROPOLIS;43;128;132;98;101;114;103;127;102;112;114;81;112;1324
431330;NOVA PRATA;43;140;155;142;161;181;175;162;146;163;157;128;117;1827
431333;NOVA RAMADA;43;0;0;0;0;0;0;0;0;0;0;0;0;0
431335;NOVA ROMA DO SUL;43;0;0;0;0;0;0;0;0;0;0;0;0;0
431337;NOVA SANTA RITA;43;0;0;0;0;0;0;0;0;0;0;0;0;0
431339;NOVO CABRAIS;43;0;0;0;0;0;0;0;0;0;0;0;0;0
431340;NOVO HAMBURGO;43;1111;969;1098;1169;1163;1116;1162;1199;1068;1105;1095;1008;13263
431342;NOVO MACHADO;43;0;0;0;0;0;0;0;0;0;0;0;0;0
431344;NOVO TIRADENTES;43;0;0;0;0;0;0;0;0;0;0;0;0;0
431346;NOVO XINGU;43;0;0;0;0;0;0;0;0;0;0;0;0;0
431349;NOVO BARREIRO;43;0;0;0;0;0;0;0;0;0;0;0;0;0
431350;OSORIO;43;388;414;403;414;403;444;435;424;438;425;427;415;5030
431360;PAIM FILHO;43;48;47;46;47;46;44;47;45;47;48;46;45;556
431365;PALMARES DO SUL;43;29;29;29;29;29;30;30;34;31;30;32;29;361
431370;PALMEIRA DAS MISSOES;43;275;229;319;302;290;294;298;281;269;298;192;292;3339
431380;PALMITINHO;43;118;113;103;110;98;108;112;108;95;93;114;97;1269
431390;PANAMBI;43;212;176;182;191;175;176;250;228;201;183;235;188;2397
431395;PANTANO GRANDE;43;0;0;0;0;0;0;0;0;0;0;0;0;0
431400;PARAI;43;11;13;31;18;13;11;25;36;22;32;52;21;285
431402;PARAISO DO SUL;43;33;19;50;31;18;20;51;33;18;40;56;21;390
431403;PARECI NOVO;43;0;0;0;0;0;0;0;0;0;0;0;0;0
431405;PAROBE;43;777;809;833;858;911;913;950;981;1002;1054;1133;1275;11496
431406;PASSA SETE;43;0;0;0;0;0;0;0;0;0;0;0;0;0
431407;PASSO DO SOBRADO;43;0;0;0;0;0;0;0;0;0;0;0;0;0
431410;PASSO FUNDO;43;2765;2642;3207;3403;3178;3079;3318;3153;3195;3387;3079;3170;37576
431413;PAULO BENTO;43;0;0;0;0;0;0;0;0;0;0;0;0;0
431415;PAVERAMA;43;0;0;0;0;0;0;0;0;0;0;0;0;0
431417;PEDRAS ALTAS;43;0;0;0;0;0;0;0;0;0;0;0;0;0
431420;PEDRO OSORIO;43;40;39;42;42;42;41;41;41;41;41;40;41;491
431430;PEJUCARA;43;14;7;14;14;19;16;19;13;17;18;12;9;172
431440;PELOTAS;43;1719;1800;1895;1763;2137;2061;2088;2042;1923;1854;1794;1924;23000
431442;PICADA CAFE;43;0;0;0;0;0;0;0;0;0;0;0;0;0
431445;PINHAL;43;0;0;0;0;0;0;0;0;0;0;0;0;0
431446;PINHAL DA SERRA;43;0;0;0;0;0;0;0;0;0;0;0;0;0
431447;PINHAL GRANDE;43;14;8;15;7;12;5;10;9;10;13;11;12;126
431449;PINHEIRINHO DO VALE;43;0;0;0;0;0;0;0;0;0;0;0;0;0
431450;PINHEIRO MACHADO;43;22;8;30;21;22;23;23;25;22;22;22;23;263
431454;PINTO BANDEIRA;43;0;0;0;0;0;0;0;0;0;0;0;0;0
431455;PIRAPO;43;0;0;0;0;0;0;0;0;0;0;0;0;0
431460;PIRATINI;43;143;142;190;166;209;175;245;239;220;227;212;277;2445
431470;PLANALTO;43;70;57;65;74;68;75;72;70;74;57;74;76;832
431475;POCO DAS ANTAS;43;0;0;0;0;0;0;0;0;0;0;0;0;0
431477;PONTAO;43;0;0;0;0;0;0;0;0;0;0;0;0;0
431478;PONTE PRETA;43;0;0;0;0;0;0;0;0;0;0;0;0;0
431480;PORTAO;43;150;135;129;154;162;171;224;193;227;221;228;217;2211
431490;PORTO ALEGRE;43;14091;14170;14195;14801;16492;15278;16194;15159;15120;16669;15353;14624;182146
431500;PORTO LUCENA;43;20;35;33;37;29;39;53;38;48;60;41;33;466
431505;PORTO MAUA;43;0;0;0;0;0;0;0;0;0;0;0;0;0
431507;PORTO VERA CRUZ;43;0;0;0;0;0;0;0;0;0;0;0;0;0
431510;PORTO XAVIER;43;17;48;48;44;51;48;44;50;52;26;55;59;542
431513;POUSO NOVO;43;0;0;0;0;0;0;0;0;0;0;0;0;0
431514;PRESIDENTE LUCENA;43;0;0;0;0;0;0;0;0;0;0;0;0;0
431515;PROGRESSO;43;54;52;38;74;74;68;78;100;86;67;56;69;816
431517;PROTASIO ALVES;43;0;0;0;0;0;0;0;0;0;0;0;0;0
431520;PUTINGA;43;0;0;0;0;0;0;0;0;0;0;0;0;0
431530;QUARAI;43;90;95;115;101;121;123;115;100;105;110;89;124;1288
431531;QUATRO IRMAOS;43;0;0;0;0;0;0;0;0;0;0;0;0;0
431532;QUEVEDOS;43;0;0;0;0;0;0;0;0;0;0;0;0;0
431535;QUINZE DE NOVEMBRO;43;16;21;17;19;18;18;21;17;14;15;19;20;215
431540;REDENTORA;43;0;0;0;0;0;0;0;0;0;0;0;0;0
431545;RELVADO;43;0;0;0;0;0;0;0;0;0;0;0;0;0
431550;RESTINGA SECA;43;47;52;54;49;51;49;57;45;50;55;61;51;621
431555;RIO DOS INDIOS;43;0;0;0;0;0;0;0;0;0;0;0;0;0
431560;RIO GRANDE;43;1087;1015;1142;1202;1296;1273;1242;1305;1224;1247;1112;1155;14300
431570;RIO PARDO;43;266;220;358;285;312;378;226;517;413;347;355;345;4022
431575;RIOZINHO;43;11;19;12;12;14;19;8;12;13;8;11;8;147
431580;ROCA SALES;43;21;11;14;17;10;15;16;14;16;20;22;11;187
431590;RODEIO BONITO;43;216;211;209;198;229;228;239;223;254;230;256;287;2780
431595;ROLADOR;43;0;0;0;0;0;0;0;0;0;0;0;0;0
431600;ROLANTE;43;190;140;149;155;180;211;187;197;197;210;203;203;2222
431610;RONDA ALTA;43;187;184;189;188;197;205;171;240;206;199;214;202;2382
431620;RONDINHA;43;24;23;33;20;25;20;21;24;19;28;19;25;281
431630;ROQUE GONZALES;43;26;27;26;27;28;27;27;28;28;25;19;26;314
431640;ROSARIO DO SUL;43;250;220;255;203;325;280;272;258;264;270;256;254;3107
431642;SAGRADA FAMILIA;43;0;0;0;0;0;0;0;0;0;0;0;0;0
431643;SALDANHA MARINHO;43;3;7;3;2;6;6;10;2;0;5;3;18;65
431645;SALTO DO JACUI;43;38;50;26;21;17;41;21;70;0;55;54;35;428
431647;SALVADOR DAS MISSOES;43;0;0;0;0;0;0;0;0;0;0;0;0;0
431650;SALVADOR DO SUL;43;11;12;14;0;32;6;25;11;14;14;13;9;161
431660;SANANDUVA;43;197;191;196;141;294;206;206;223;199;205;189;196;2443
431670;SANTA BARBARA DO SUL;43;54;56;47;46;49;49;49;54;44;37;44;42;571
431673;SANTA CECILIA DO SUL;43;0;0;0;0;0;0;0;0;0;0;0;0;0
431675;SANTA CLARA DO SUL;43;0;0;0;0;0;0;0;0;0;0;0;0;0
431680;SANTA CRUZ DO SUL;43;981;984;1158;1098;1226;1227;1060;1064;1062;1275;1136;1069;13340
431690;SANTA MARIA;43;2017;1975;2036;2122;2023;1986;2609;2681;2506;2434;2500;2460;27349
431695;SANTA MARIA DO HERVAL;43;0;0;0;0;0;0;0;0;0;0;0;0;0
431697;SANTA MARGARIDA DO SUL;43;0;0;0;0;0;0;0;0;0;0;0;0;0
431700;SANTANA DA BOA VISTA;43;0;0;0;0;0;0;0;0;0;0;0;0;0
431710;SANT'ANA DO LIVRAMENTO;43;372;394;362;456;445;431;455;465;436;444;490;433;5183
431720;SANTA ROSA;43;892;814;735;699;775;743;641;1066;740;752;1108;885;9850
431725;SANTA TEREZA;43;0;0;0;0;0;0;0;0;0;0;0;0;0
431730;SANTA VITORIA DO PALMAR;43;147;141;131;150;131;151;139;154;143;131;93;90;1601
431740;SANTIAGO;43;382;383;385;383;383;389;406;416;442;505;477;443;4994
431750;SANTO ANGELO;43;715;696;649;619;669;664;687;702;730;823;792;752;8498
431755;SANTO ANTONIO DO PALMA;43;0;0;0;0;0;0;0;0;0;0;0;0;0
431760;SANTO ANTONIO DA PATRULHA;43;176;184;186;133;165;179;207;205;192;176;139;188;2130
431770;SANTO ANTONIO DAS MISSOES;43;0;0;0;0;0;0;0;0;0;0;0;0;0
431775;SANTO ANTONIO DO PLANALTO;43;0;0;0;0;0;0;0;0;0;0;0;0;0
431780;SANTO AUGUSTO;43;231;198;241;232;239;238;235;250;244;253;228;216;2805
431790;SANTO CRISTO;43;97;104;103;104;127;111;158;131;130;136;146;149;1496
431795;SANTO EXPEDITO DO SUL;43;0;0;0;0;0;0;0;0;0;0;0;0;0
431800;SAO BORJA;43;351;530;451;354;435;1001;564;492;607;598;471;477;6331
431805;SAO DOMINGOS DO SUL;43;0;0;0;0;0;0;0;0;0;0;0;0;0
431810;SAO FRANCISCO DE ASSIS;43;85;84;85;89;102;105;116;116;106;106;95;101;1190
431820;SAO FRANCISCO DE PAULA;43;105;73;141;55;231;191;185;129;170;221;227;192;1920
431830;SAO GABRIEL;43;559;438;423;535;467;541;464;479;526;527;472;460;5891
431840;SAO JERONIMO;43;521;625;713;771;783;709;786;755;705;823;800;748;8739
431842;SAO JOAO DA URTIGA;43;0;0;0;0;0;0;0;0;0;0;0;0;0
431843;SAO JOAO DO POLESINE;43;20;20;22;22;30;26;29;28;20;29;29;30;305
431844;SAO JORGE;43;0;0;0;0;0;0;0;0;0;0;0;0;0
431845;SAO JOSE DAS MISSOES;43;0;0;0;0;0;0;0;0;0;0;0;0;0
431846;SAO JOSE DO HERVAL;43;0;0;0;0;0;0;0;0;0;0;0;0;0
431848;SAO JOSE DO HORTENCIO;43;0;0;0;0;0;0;0;0;0;0;0;0;0
431849;SAO JOSE DO INHACORA;43;0;0;0;0;0;0;0;0;0;0;0;0;0
431850;SAO JOSE DO NORTE;43;66;58;57;59;72;79;87;73;73;72;63;78;837
431860;SAO JOSE DO OURO;43;162;107;107;90;130;106;105;117;112;99;118;103;1356
431861;SAO JOSE DO SUL;43;0;0;0;0;0;0;0;0;0;0;0;0;0
431862;SAO JOSE DOS AUSENTES;43;0;0;0;0;0;0;0;0;0;0;0;0;0
431870;SAO LEOPOLDO;43;719;1101;1099;1101;980;1011;936;905;1013;1040;825;939;11669
431880;SAO LOURENCO DO SUL;43;259;257;229;213;290;223;195;219;247;251;278;248;2909
431890;SAO LUIZ GONZAGA;43;379;379;201;523;391;398;419;404;398;342;349;342;4525
431900;SAO MARCOS;43;88;78;106;78;114;118;144;108;122;100;123;100;1279
431910;SAO MARTINHO;43;16;21;20;28;28;28;32;26;23;21;26;18;287
431912;SAO MARTINHO DA SERRA;43;0;0;0;0;0;0;0;0;0;0;0;0;0
431915;SAO MIGUEL DAS MISSOES;43;25;39;40;43;46;42;43;44;48;44;39;44;497
431920;SAO NICOLAU;43;0;0;0;0;0;0;0;0;0;0;0;0;0
431930;SAO PAULO DAS MISSOES;43;31;32;39;33;40;32;36;33;38;38;36;41;429
431935;SAO PEDRO DA SERRA;43;0;0;0;0;0;0;0;0;0;0;0;0;0
431936;SAO PEDRO DAS MISSOES;43;0;0;0;0;0;0;0;0;0;0;0;0;0
431937;SAO PEDRO DO BUTIA;43;0;0;0;0;0;0;0;0;0;0;0;0;0
431940;SAO PEDRO DO SUL;43;92;78;66;112;97;80;61;110;139;84;86;104;1109
431950;SAO SEBASTIAO DO CAI;43;99;99;99;100;110;94;115;100;102;107;102;103;1230
431960;SAO SEPE;43;128;154;149;151;159;93;182;139;158;165;159;187;1824
431970;SAO VALENTIM;43;0;0;0;0;0;0;0;0;0;0;0;0;0
431971;SAO VALENTIM DO SUL;43;0;0;0;0;0;0;0;0;0;0;0;0;0
431973;SAO VALERIO DO SUL;43;0;0;0;0;0;0;0;0;0;0;0;0;0
431975;SAO VENDELINO;43;0;0;0;0;0;0;0;0;0;0;0;0;0
431980;SAO VICENTE DO SUL;43;0;0;0;3;15;22;8;11;16;20;20;20;135
431990;SAPIRANGA;43;492;474;553;564;555;587;578;540;536;549;598;579;6605
432000;SAPUCAIA DO SUL;43;697;603;668;722;771;777;721;739;700;621;596;495;8110
432010;SARANDI;43;170;138;161;173;183;161;191;163;194;206;201;168;2109
432020;SEBERI;43;123;126;105;159;138;143;123;116;150;138;125;142;1588
432023;SEDE NOVA;43;0;0;0;0;0;0;0;0;0;0;0;0;0
432026;SEGREDO;43;34;33;31;43;35;42;56;63;0;142;44;49;572
432030;SELBACH;43;12;13;16;22;19;22;24;18;15;31;16;19;227
432032;SENADOR SALGADO FILHO;43;0;0;0;0;0;0;0;0;0;0;0;0;0
432035;SENTINELA DO SUL;43;0;0;0;0;0;0;0;0;0;0;0;0;0
432040;SERAFINA CORREA;43;97;79;65;59;82;73;72;69;128;78;78;116;996
432045;SERIO;43;0;0;0;0;0;0;2;4;1;1;1;1;10
432050;SERTAO;43;57;57;52;73;62;48;58;65;60;69;67;46;714
432055;SERTAO SANTANA;43;0;0;0;0;0;0;0;0;0;0;0;0;0
432057;SETE DE SETEMBRO;43;0;0;0;0;0;0;0;0;0;0;0;0;0
432060;SEVERIANO DE ALMEIDA;43;20;19;22;19;21;20;20;19;23;19;20;21;243
432065;SILVEIRA MARTINS;43;0;0;0;0;0;0;0;0;0;0;0;0;0
432067;SINIMBU;43;47;48;44;50;46;49;50;42;48;45;41;46;556
432070;SOBRADINHO;43;10;0;50;0;68;38;43;36;28;56;39;39;407
432080;SOLEDADE;43;194;197;174;183;200;220;219;210;215;211;213;203;2439
432085;TABAI;43;0;0;0;0;0;0;0;0;0;0;0;0;0
432090;TAPEJARA;43;183;232;205;225;233;246;222;219;224;233;250;259;2731
432100;TAPERA;43;86;95;94;88;92;100;106;82;87;80;82;98;1090
432110;TAPES;43;30;24;35;108;60;81;84;87;69;98;74;54;804
432120;TAQUARA;43;372;347;408;368;417;378;431;426;450;400;417;349;4763
432130;TAQUARI;43;105;103;104;125;127;137;143;114;102;116;109;120;1405
432132;TAQUARUCU DO SUL;43;0;0;0;0;0;0;0;0;0;0;0;0;0
432135;TAVARES;43;0;0;0;0;0;0;0;0;0;0;0;0;0
432140;TENENTE PORTELA;43;705;638;659;701;715;713;944;860;722;795;802;739;8993
432143;TERRA DE AREIA;43;0;0;0;0;0;0;0;0;0;0;0;0;0
432145;TEUTONIA;43;289;252;253;324;380;307;312;284;360;285;255;248;3549
432146;TIO HUGO;43;0;0;0;0;0;0;0;0;0;0;0;0;0
432147;TIRADENTES DO SUL;43;0;0;0;0;0;0;0;0;0;0;0;0;0
432149;TOROPI;43;0;0;0;0;0;0;0;0;0;0;0;0;0
432150;TORRES;43;393;371;381;360;338;402;403;330;400;320;256;198;4152
432160;TRAMANDAI;43;478;647;649;615;726;585;791;597;626;642;734;715;7805
432162;TRAVESSEIRO;43;0;0;0;0;0;0;0;0;0;0;0;0;0
432163;TRES ARROIOS;43;0;0;0;0;0;0;0;0;0;0;0;0;0
432166;TRES CACHOEIRAS;43;0;0;0;0;0;0;0;0;0;0;0;0;0
432170;TRES COROAS;43;78;92;110;93;99;109;98;131;94;125;90;110;1229
432180;TRES DE MAIO;43;204;221;229;193;201;201;202;201;201;202;220;237;2512
432183;TRES FORQUILHAS;43;0;0;0;0;0;0;0;0;0;0;0;0;0
432185;TRES PALMEIRAS;43;0;0;0;0;0;0;0;0;0;0;0;0;0
432190;TRES PASSOS;43;313;301;294;300;289;303;301;305;298;316;324;338;3682
432195;TRINDADE DO SUL;43;58;58;55;61;65;65;62;47;0;0;80;56;607
432200;TRIUNFO;43;80;83;78;84;84;0;166;89;53;117;75;67;976
432210;TUCUNDUVA;43;72;66;76;64;55;71;65;84;71;82;59;67;832
432215;TUNAS;43;0;0;0;0;0;0;0;0;0;0;0;0;0
432218;TUPANCI DO SUL;43;0;0;0;0;0;0;0;0;0;0;0;0;0
432220;TUPANCIRETA;43;80;66;86;87;92;104;82;90;80;92;88;88;1035
432225;TUPANDI;43;0;0;0;0;0;0;0;0;0;0;0;0;0
432230;TUPARENDI;43;37;38;43;36;40;67;65;49;42;41;42;42;542
432232;TURUCU;43;0;0;0;0;0;0;0;0;0;0;0;0;0
432234;UBIRETAMA;43;0;0;0;0;0;0;0;0;0;0;0;0;0
432235;UNIAO DA SERRA;43;0;0;0;0;0;0;0;0;0;0;0;0;0
432237;UNISTALDA;43;0;0;0;0;0;0;0;0;0;0;0;0;0
432240;URUGUAIANA;43;532;513;534;515;531;505;522;547;504;507;558;522;6290
432250;VACARIA;43;501;454;551;526;539;564;562;612;615;537;573;585;6619
432252;VALE VERDE;43;0;0;0;0;0;0;0;0;0;0;0;0;0
432253;VALE DO SOL;43;53;59;47;69;65;65;76;60;62;41;50;62;709
432254;VALE REAL;43;0;0;0;0;0;0;0;0;0;0;0;0;0
432255;VANINI;43;0;0;0;0;0;0;0;0;0;0;0;0;0
432260;VENANCIO AIRES;43;383;330;353;362;301;312;269;268;435;410;487;362;4272
432270;VERA CRUZ;43;54;58;55;54;60;54;66;60;61;60;60;60;702
432280;VERANOPOLIS;43;161;187;183;172;226;171;201;202;185;241;207;201;2337
432285;VESPASIANO CORREA;43;0;0;0;0;0;0;0;0;0;0;0;0;0
432290;VIADUTOS;43;21;20;18;17;20;21;17;23;21;21;13;22;234
432300;VIAMAO;43;601;657;651;507;659;580;550;524;515;555;614;564;6977
432310;VICENTE DUTRA;43;0;0;0;0;0;0;0;0;0;0;0;0;0
432320;VICTOR GRAEFF;43;0;0;0;0;0;0;0;0;0;0;0;0;0
432330;VILA FLORES;43;0;0;0;0;0;0;0;0;0;0;0;0;0
432335;VILA LANGARO;43;0;0;0;0;0;0;0;0;0;0;0;0;0
432340;VILA MARIA;43;0;0;0;0;0;0;0;0;0;0;0;0;0
432345;VILA NOVA DO SUL;43;0;0;0;0;0;0;0;0;0;0;0;0;0
432350;VISTA ALEGRE;43;0;0;0;0;0;0;0;0;0;0;0;0;0
432360;VISTA ALEGRE DO PRATA;43;0;0;0;0;0;0;0;0;0;0;0;0;0
432370;VISTA GAUCHA;43;0;0;0;0;0;0;0;0;0;0;0;0;0
432375;VITORIA DAS MISSOES;43;0;0;0;0;0;0;0;0;0;0;0;0;0
432377;WESTFALIA;43;0;0;0;0;0;0;0;0;0;0;0;0;0
432380;XANGRI-LA;43;0;0;0;0;0;15;14;21;32;33;37;73;225
500020;AGUA CLARA;50;28;17;38;55;63;29;52;44;32;16;18;10;402
500025;ALCINOPOLIS;50;0;0;0;0;0;0;0;0;0;0;0;0;0
500060;AMAMBAI;50;216;205;197;199;200;200;200;217;209;228;232;254;2557
500070;ANASTACIO;50;65;78;88;94;94;92;85;69;96;76;57;64;958
500080;ANAURILANDIA;50;35;41;29;35;39;35;28;34;38;21;31;34;400
500085;ANGELICA;50;37;33;38;37;37;36;40;40;38;38;33;34;441
500090;ANTONIO JOAO;50;29;28;28;0;30;34;41;37;28;42;43;38;378
500100;APARECIDA DO TABOADO;50;99;113;93;166;174;232;143;183;130;125;115;154;1727
500110;AQUIDAUANA;50;457;477;531;507;474;506;498;609;522;498;503;505;6087
500124;ARAL MOREIRA;50;0;21;26;21;20;0;14;23;23;18;0;23;189
500150;BANDEIRANTES;50;9;5;0;7;7;5;0;5;6;5;1;4;54
500190;BATAGUASSU;50;96;100;91;93;94;97;92;111;99;97;94;79;1143
500200;BATAYPORA;50;0;0;0;0;0;0;0;0;0;0;0;0;0
500210;BELA VISTA;50;118;101;60;92;126;119;117;106;105;122;106;108;1280
500215;BODOQUENA;50;13;12;14;9;11;12;7;9;10;15;8;11;131
500220;BONITO;50;143;135;131;88;127;137;140;137;150;132;141;147;1608
500230;BRASILANDIA;50;50;60;55;60;59;59;59;53;73;52;34;35;649
500240;CAARAPO;50;105;97;120;117;109;117;110;105;105;82;110;107;1284
500260;CAMAPUA;50;16;8;6;24;30;18;20;12;22;19;15;24;214
500270;CAMPO GRANDE;50;8365;6854;7551;7753;7906;6707;7322;7037;6929;6750;6677;6075;85926
500280;CARACOL;50;23;24;23;20;23;24;25;14;43;24;27;18;288
500290;CASSILANDIA;50;94;108;126;94;102;117;138;98;118;95;109;98;1297
500295;CHAPADAO DO SUL;50;225;178;217;232;249;168;217;225;229;164;223;220;2547
500310;CORGUINHO;50;0;0;0;0;0;0;0;0;0;0;0;0;0
500315;CORONEL SAPUCAIA;50;22;43;46;63;60;67;54;71;60;60;15;24;585
500320;CORUMBA;50;595;601;581;628;632;602;587;607;579;521;570;532;7035
500325;COSTA RICA;50;252;261;185;291;199;204;160;256;215;205;191;223;2642
500330;COXIM;50;295;294;312;343;324;265;276;287;312;215;240;272;3435
500345;DEODAPOLIS;50;28;25;22;20;20;21;21;11;18;18;9;18;231
500348;DOIS IRMAOS DO BURITI;50;21;16;21;26;22;24;26;29;27;22;4;25;263
500350;DOURADINA;50;0;0;0;0;0;0;0;0;0;0;0;0;0
500370;DOURADOS;50;1851;1696;1863;1990;2041;1979;1902;2061;2500;2243;1951;1827;23904
500375;ELDORADO;50;30;30;39;32;38;35;28;33;10;7;12;28;322
500380;FATIMA DO SUL;50;285;160;169;220;162;283;322;335;293;270;196;227;2922
500390;FIGUEIRAO;50;0;0;0;0;0;0;0;0;0;0;0;0;0
500400;GLORIA DE DOURADOS;50;43;45;42;43;40;45;36;43;43;43;41;42;506
500410;GUIA LOPES DA LAGUNA;50;55;54;56;45;49;54;38;36;54;56;41;52;590
500430;IGUATEMI;50;192;210;188;195;197;201;204;205;205;169;199;199;2364
500440;INOCENCIA;50;31;27;20;28;29;16;26;24;25;25;18;23;292
500450;ITAPORA;50;31;25;14;26;34;39;51;57;23;3;2;15;320
500460;ITAQUIRAI;50;73;73;79;73;76;69;71;74;77;71;78;67;881
500470;IVINHEMA;50;172;137;138;171;163;161;121;118;123;101;110;119;1634
500480;JAPORA;50;0;0;0;0;0;0;0;0;0;0;0;0;0
500490;JARAGUARI;50;0;0;0;0;0;0;0;0;0;0;0;0;0
500500;JARDIM;50;135;109;126;131;133;134;136;139;123;130;128;120;1544
500510;JATEI;50;2;7;7;0;4;0;3;0;0;0;0;0;23
500515;JUTI;50;20;29;20;19;20;24;30;24;15;15;13;14;243
500520;LADARIO;50;0;0;0;0;0;0;0;0;0;0;0;0;0
500525;LAGUNA CARAPA;50;3;17;11;16;22;9;17;17;25;10;12;11;170
500540;MARACAJU;50;290;271;277;336;210;215;283;326;319;323;313;279;3442
500560;MIRANDA;50;91;88;75;87;87;101;97;80;87;80;64;80;1017
500568;MUNDO NOVO;50;92;116;121;125;107;100;88;108;100;83;67;88;1195
500570;NAVIRAI;50;334;236;307;443;392;426;367;324;326;325;249;404;4133
500580;NIOAQUE;50;11;12;25;15;17;38;49;32;14;30;21;33;297
500600;NOVA ALVORADA DO SUL;50;69;93;41;20;84;57;45;57;60;30;41;0;597
500620;NOVA ANDRADINA;50;329;317;311;301;306;307;307;340;382;399;307;318;3924
500625;NOVO HORIZONTE DO SUL;50;18;17;13;21;23;18;18;14;23;21;20;22;228
500627;PARAISO DAS AGUAS;50;0;0;0;0;0;0;0;0;0;0;0;0;0
500630;PARANAIBA;50;388;369;385;392;390;375;384;412;423;403;395;381;4697
500635;PARANHOS;50;81;60;66;93;50;58;225;76;67;57;100;56;989
500640;PEDRO GOMES;50;4;15;4;3;0;0;27;4;14;10;6;18;105
500660;PONTA PORA;50;763;727;781;767;787;771;730;718;753;897;734;846;9274
500690;PORTO MURTINHO;50;35;33;33;41;35;68;76;63;34;52;39;43;552
500710;RIBAS DO RIO PARDO;50;52;35;57;55;31;46;35;35;65;88;53;60;612
500720;RIO BRILHANTE;50;250;324;130;285;192;243;239;237;224;158;207;184;2673
500730;RIO NEGRO;50;17;16;21;21;17;16;13;15;22;22;20;22;222
500740;RIO VERDE DE MATO GROSSO;50;31;33;28;31;39;54;45;27;29;25;32;20;394
500750;ROCHEDO;50;3;3;1;3;0;1;3;4;1;2;0;3;24
500755;SANTA RITA DO PARDO;50;18;14;4;9;20;31;16;19;23;16;16;7;193
500769;SAO GABRIEL DO OESTE;50;170;186;214;209;204;212;201;175;206;210;162;167;2316
500770;SETE QUEDAS;50;23;0;10;15;18;0;0;0;0;67;0;31;164
500780;SELVIRIA;50;0;0;0;0;0;0;0;0;0;0;0;0;0
500790;SIDROLANDIA;50;134;125;182;199;198;162;161;165;195;133;142;137;1933
500793;SONORA;50;69;58;71;63;80;85;62;87;64;60;38;37;774
500795;TACURU;50;31;27;42;25;54;56;26;38;26;50;27;0;402
500797;TAQUARUSSU;50;18;12;15;15;27;34;19;24;17;12;10;13;216
500800;TERENOS;50;0;0;0;0;0;0;0;0;0;0;0;0;0
500830;TRES LAGOAS;50;846;1041;1013;1001;1011;1047;1151;973;1039;925;1022;907;11976
500840;VICENTINA;50;16;11;0;1;3;43;11;21;16;6;17;5;150
510010;ACORIZAL;51;0;0;0;0;0;0;0;0;0;0;0;0;0
510020;AGUA BOA;51;434;370;465;588;583;499;546;520;499;488;477;444;5913
510025;ALTA FLORESTA;51;492;424;489;525;522;421;504;489;526;571;571;503;6037
510030;ALTO ARAGUAIA;51;43;50;42;49;74;56;49;38;43;35;41;61;581
510035;ALTO BOA VISTA;51;0;0;0;0;0;0;0;0;0;0;0;0;0
510040;ALTO GARCAS;51;0;0;0;0;0;0;0;0;0;0;0;0;0
510050;ALTO PARAGUAI;51;0;0;0;0;0;0;0;0;0;0;0;0;0
510060;ALTO TAQUARI;51;42;22;19;34;24;33;34;8;3;1;35;37;292
510080;APIACAS;51;36;54;36;30;37;32;37;44;27;24;36;36;429
510100;ARAGUAIANA;51;0;0;0;0;0;0;0;0;0;0;0;0;0
510120;ARAGUAINHA;51;0;0;0;0;0;0;0;0;0;0;0;0;0
510125;ARAPUTANGA;51;24;32;25;42;40;44;31;17;30;26;33;20;364
510130;ARENAPOLIS;51;100;108;109;100;134;98;92;120;116;95;79;95;1246
510140;ARIPUANA;51;131;113;151;146;163;142;162;154;183;172;212;172;1901
510160;BARAO DE MELGACO;51;0;0;0;0;0;0;0;0;0;0;0;0;0
510170;BARRA DO BUGRES;51;112;141;129;153;146;141;124;138;139;132;99;106;1560
510180;BARRA DO GARCAS;51;303;351;342;414;431;408;467;325;536;485;420;417;4899
510183;BOA ESPERANCA DO NORTE;51;0;0;0;0;0;0;0;0;0;0;0;0;0
510185;BOM JESUS DO ARAGUAIA;51;0;0;0;0;0;0;0;0;0;0;0;0;0
510190;BRASNORTE;51;98;91;134;146;159;162;162;130;112;150;123;148;1615
510250;CACERES;51;1104;943;1289;912;1136;1112;828;960;947;845;887;631;11594
510260;CAMPINAPOLIS;51;54;47;68;60;54;60;75;69;66;74;62;65;754
510263;CAMPO NOVO DO PARECIS;51;147;171;219;266;309;239;264;307;270;234;228;189;2843
510267;CAMPO VERDE;51;248;276;262;280;268;245;262;274;260;263;206;211;3055
510268;CAMPOS DE JULIO;51;54;38;68;69;76;45;65;46;41;39;41;38;620
510269;CANABRAVA DO NORTE;51;0;0;0;0;0;0;0;0;0;0;0;0;0
510270;CANARANA;51;82;96;145;109;142;132;128;109;99;99;75;79;1295
510279;CARLINDA;51;0;0;0;0;0;0;0;0;0;0;0;0;0
510285;CASTANHEIRA;51;0;0;0;0;0;0;0;0;0;0;0;0;0
510300;CHAPADA DOS GUIMARAES;51;0;0;0;0;0;0;0;0;0;0;0;0;0
510305;CLAUDIA;51;67;40;58;65;65;58;52;53;38;46;48;34;624
510310;COCALINHO;51;24;40;45;36;44;31;23;21;23;18;22;7;334
510320;COLIDER;51;341;242;316;296;307;321;323;283;316;331;342;239;3657
510325;COLNIZA;51;109;161;134;166;144;154;136;126;147;201;201;142;1821
510330;COMODORO;51;73;67;85;94;130;106;78;95;104;99;72;69;1072
510335;CONFRESA;51;370;416;318;411;403;474;398;422;382;432;354;387;4767
510336;CONQUISTA D'OESTE;51;0;0;0;0;0;0;0;0;0;0;0;0;0
510337;COTRIGUACU;51;49;44;44;44;43;24;35;11;36;36;35;31;432
510340;CUIABA;51;5304;4780;5189;4600;4633;5288;4127;5832;5149;5240;4933;5077;60152
510343;CURVELANDIA;51;0;0;0;0;0;0;0;0;0;0;0;0;0
510345;DENISE;51;0;0;0;0;0;0;0;0;0;0;0;0;0
510350;DIAMANTINO;51;130;147;180;171;169;163;163;158;181;169;157;158;1946
510360;DOM AQUINO;51;24;15;35;50;31;38;52;33;39;26;36;34;413
510370;FELIZ NATAL;51;0;0;0;0;0;0;0;0;0;0;0;0;0
510380;FIGUEIROPOLIS D'OESTE;51;0;0;0;0;0;0;0;0;0;0;0;0;0
510385;GAUCHA DO NORTE;51;7;1;1;10;13;17;19;11;12;16;25;29;161
510390;GENERAL CARNEIRO;51;13;8;9;11;6;8;6;8;9;8;20;14;120
510395;GLORIA D'OESTE;51;0;0;0;0;0;0;0;0;0;0;0;0;0
510410;GUARANTA DO NORTE;51;178;171;211;297;257;203;196;193;176;212;149;167;2410
510420;GUIRATINGA;51;33;27;46;34;31;18;25;22;26;36;29;28;355
510450;INDIAVAI;51;0;0;0;0;0;0;0;0;0;0;0;0;0
510452;IPIRANGA DO NORTE;51;0;0;0;0;0;0;0;0;0;0;0;0;0
510454;ITANHANGA;51;0;0;0;0;0;0;0;0;0;0;0;0;0
510455;ITAUBA;51;0;0;0;0;0;0;0;0;0;0;0;0;0
510460;ITIQUIRA;51;32;17;34;56;66;55;30;62;51;47;46;21;517
510480;JACIARA;51;120;128;137;131;198;141;137;166;123;106;109;111;1607
510490;JANGADA;51;0;0;0;0;0;0;0;0;0;0;0;0;0
510500;JAURU;51;15;14;4;9;16;0;3;7;4;4;0;2;78
510510;JUARA;51;235;192;208;253;231;213;216;186;179;204;134;147;2398
510515;JUINA;51;342;339;408;334;341;422;340;398;409;380;367;374;4454
510517;JURUENA;51;45;45;53;39;41;46;52;61;51;44;49;45;571
510520;JUSCIMEIRA;51;69;76;85;78;72;67;55;67;71;62;63;66;831
510523;LAMBARI D'OESTE;51;0;0;0;0;0;0;0;0;0;0;0;0;0
510525;LUCAS DO RIO VERDE;51;503;556;576;496;498;606;522;677;565;577;638;733;6947
510530;LUCIARA;51;0;0;0;0;0;0;0;0;0;0;0;0;0
510550;VILA BELA DA SANTISSIMA TRINDADE;51;122;145;157;128;158;116;137;188;137;203;158;144;1793
510558;MARCELANDIA;51;52;30;32;35;36;33;25;21;23;23;14;19;343
510560;MATUPA;51;65;80;103;110;117;82;114;105;89;96;139;156;1256
510562;MIRASSOL D'OESTE;51;101;87;97;80;107;88;94;95;100;76;60;92;1077
510590;NOBRES;51;90;90;110;110;90;110;90;90;90;91;90;90;1141
510600;NORTELANDIA;51;0;0;0;0;0;0;0;0;0;0;0;0;0
510610;NOSSA SENHORA DO LIVRAMENTO;51;4;6;7;6;9;10;9;7;13;9;6;6;92
510615;NOVA BANDEIRANTES;51;0;0;0;0;0;0;0;0;0;0;0;0;0
510617;NOVA NAZARE;51;0;0;0;0;0;0;0;0;0;0;0;0;0
510618;NOVA LACERDA;51;0;0;0;0;0;0;0;0;0;0;0;0;0
510619;NOVA SANTA HELENA;51;0;0;0;0;0;0;0;0;0;0;0;0;0
510620;NOVA BRASILANDIA;51;0;0;0;0;0;0;0;0;0;0;0;0;0
510621;NOVA CANAA DO NORTE;51;0;0;0;0;0;0;0;0;0;0;0;0;0
510622;NOVA MUTUM;51;611;587;724;587;588;757;874;832;868;778;699;619;8524
510623;NOVA OLIMPIA;51;56;64;57;44;63;56;80;71;32;40;33;51;647
510624;NOVA UBIRATA;51;0;0;0;0;0;0;0;0;0;0;0;0;0
510625;NOVA XAVANTINA;51;196;188;185;159;184;185;184;210;163;185;174;160;2173
510626;NOVO MUNDO;51;0;0;0;0;0;0;0;0;0;0;0;0;0
510627;NOVO HORIZONTE DO NORTE;51;28;26;29;44;30;25;35;14;19;27;21;24;322
510628;NOVO SAO JOAQUIM;51;36;60;61;45;66;38;54;61;97;46;38;55;657
510629;PARANAITA;51;124;130;157;175;217;163;191;149;153;134;169;141;1903
510630;PARANATINGA;51;94;93;120;95;71;88;91;106;97;74;45;88;1062
510631;NOVO SANTO ANTONIO;51;0;0;0;0;0;0;0;0;0;0;0;0;0
510637;PEDRA PRETA;51;39;31;25;34;27;25;31;30;28;49;31;33;383
510642;PEIXOTO DE AZEVEDO;51;218;251;237;221;346;257;272;278;305;300;253;223;3161
510645;PLANALTO DA SERRA;51;0;0;0;0;0;0;0;0;0;0;0;0;0
510650;POCONE;51;117;192;167;158;163;198;188;175;178;191;207;198;2132
510665;PONTAL DO ARAGUAIA;51;0;0;0;0;0;0;0;0;0;0;0;0;0
510670;PONTE BRANCA;51;7;6;5;8;9;12;6;5;2;5;3;3;71
510675;PONTES E LACERDA;51;348;410;395;449;498;456;389;431;428;481;408;425;5118
510677;PORTO ALEGRE DO NORTE;51;0;0;0;0;0;0;0;0;0;0;0;0;0
510680;PORTO DOS GAUCHOS;51;40;57;53;56;90;65;54;47;50;40;58;98;708
510682;PORTO ESPERIDIAO;51;0;0;0;0;0;0;0;0;0;0;0;0;0
510685;PORTO ESTRELA;51;0;0;0;0;0;0;0;0;0;0;0;0;0
510700;POXOREO;51;110;124;120;120;133;127;123;142;159;143;156;116;1573
510704;PRIMAVERA DO LESTE;51;432;491;494;491;613;683;594;601;550;565;479;455;6448
510706;QUERENCIA;51;148;157;162;192;200;151;141;145;141;132;128;131;1828
510710;SAO JOSE DOS QUATRO MARCOS;51;0;0;0;0;0;0;0;0;0;0;0;0;0
510715;RESERVA DO CABACAL;51;0;0;0;0;0;0;0;0;0;0;0;0;0
510718;RIBEIRAO CASCALHEIRA;51;25;41;61;72;74;63;65;60;91;112;72;77;813
510719;RIBEIRAOZINHO;51;4;3;9;12;4;10;11;7;5;6;0;0;71
510720;RIO BRANCO;51;16;12;27;15;32;17;24;11;18;17;17;24;230
510724;SANTA CARMEM;51;0;0;0;0;0;0;0;0;0;0;0;0;0
510726;SANTO AFONSO;51;0;0;0;0;0;0;0;0;0;0;0;0;0
510729;SAO JOSE DO POVO;51;0;0;0;0;0;0;0;0;0;0;0;0;0
510730;SAO JOSE DO RIO CLARO;51;68;69;72;71;76;70;66;72;65;65;67;65;826
510735;SAO JOSE DO XINGU;51;0;0;0;0;0;0;0;0;0;0;0;0;0
510740;SAO PEDRO DA CIPA;51;0;0;0;0;0;0;0;0;0;0;0;0;0
510757;RONDOLANDIA;51;0;0;0;0;0;0;0;0;0;0;0;0;0
510760;RONDONOPOLIS;51;1709;2110;2457;2387;2558;2411;2736;2647;2626;2555;2152;2027;28375
510770;ROSARIO OESTE;51;57;76;85;70;69;51;76;68;62;56;53;52;775
510774;SANTA CRUZ DO XINGU;51;0;0;0;0;0;0;0;0;0;0;0;0;0
510775;SALTO DO CEU;51;5;6;4;4;6;11;13;5;3;3;3;5;68
510776;SANTA RITA DO TRIVELATO;51;0;0;0;0;0;0;0;0;0;0;0;0;0
510777;SANTA TEREZINHA;51;41;41;50;61;50;56;46;64;49;45;52;47;602
510779;SANTO ANTONIO DO LESTE;51;0;0;0;0;0;0;0;0;0;0;0;0;0
510780;SANTO ANTONIO DO LEVERGER;51;0;0;0;0;0;0;0;0;0;0;0;0;0
510785;SAO FELIX DO ARAGUAIA;51;137;125;142;161;109;168;216;159;159;171;208;150;1905
510787;SAPEZAL;51;124;130;153;145;145;135;145;136;145;138;145;144;1685
510788;SERRA NOVA DOURADA;51;0;0;0;0;0;0;0;0;0;0;0;0;0
510790;SINOP;51;788;678;719;637;767;711;652;662;762;602;656;707;8341
510792;SORRISO;51;496;494;745;702;779;492;341;314;472;515;536;525;6411
510794;TABAPORA;51;32;28;31;38;40;30;38;44;54;37;34;30;436
510795;TANGARA DA SERRA;51;504;510;569;504;547;551;579;469;517;479;393;399;6021
510800;TAPURAH;51;23;21;52;33;25;13;9;51;29;35;28;25;344
510805;TERRA NOVA DO NORTE;51;35;35;28;34;30;57;61;55;67;41;30;76;549
510810;TESOURO;51;6;3;3;7;11;6;1;6;4;8;3;6;64
510820;TORIXOREU;51;43;38;42;19;18;37;47;40;34;39;35;29;421
510830;UNIAO DO SUL;51;0;0;0;0;0;0;0;0;0;0;0;0;0
510835;VALE DE SAO DOMINGOS;51;0;0;0;0;0;0;0;0;0;0;0;0;0
510840;VARZEA GRANDE;51;1643;1821;2125;1738;1569;2084;1930;1824;1822;1508;1734;1515;21313
510850;VERA;51;0;0;0;0;0;0;0;0;0;0;0;0;0
510860;VILA RICA;51;96;88;105;86;145;126;87;68;107;94;86;88;1176
510880;NOVA GUARITA;51;0;0;0;0;0;0;0;0;0;0;0;0;0
510885;NOVA MARILANDIA;51;0;0;0;0;0;0;0;0;0;0;0;0;0
510890;NOVA MARINGA;51;0;0;0;0;0;0;0;0;0;0;0;0;0
510895;NOVA MONTE VERDE;51;0;0;0;0;0;0;0;0;0;0;0;0;0
520005;ABADIA DE GOIAS;52;0;0;0;0;0;0;0;0;0;0;0;0;0
520010;ABADIANIA;52;0;0;0;0;0;0;0;0;0;0;0;0;0
520013;ACREUNA;52;36;18;25;33;26;48;37;41;35;20;20;32;371
520015;ADELANDIA;52;0;0;0;0;0;0;0;0;0;0;0;0;0
520017;AGUA FRIA DE GOIAS;52;0;0;0;0;0;0;0;0;0;0;0;0;0
520020;AGUA LIMPA;52;0;0;0;0;0;0;0;0;0;0;0;0;0
520025;AGUAS LINDAS DE GOIAS;52;75;205;195;196;188;243;356;344;298;257;517;419;3293
520030;ALEXANIA;52;160;177;223;249;260;260;260;192;197;192;179;166;2515
520050;ALOANDIA;52;0;0;0;0;0;0;0;0;0;0;0;11;11
520055;ALTO HORIZONTE;52;0;0;0;0;0;0;0;0;0;0;0;0;0
520060;ALTO PARAISO DE GOIAS;52;44;28;17;23;14;33;44;68;25;21;19;36;372
520080;ALVORADA DO NORTE;52;58;60;57;44;48;47;40;40;42;49;54;54;593
520082;AMARALINA;52;0;0;0;0;0;0;0;0;0;0;0;0;0
520085;AMERICANO DO BRASIL;52;16;31;26;12;11;20;12;3;3;6;8;10;158
520090;AMORINOPOLIS;52;12;13;12;18;20;29;14;16;15;20;13;19;201
520110;ANAPOLIS;52;2086;1967;2300;2281;2341;2395;2389;2718;2491;2301;3162;2688;29119
520120;ANHANGUERA;52;0;0;0;0;0;0;0;0;0;0;0;0;0
520130;ANICUNS;52;30;19;16;11;20;79;51;31;27;11;17;18;330
520140;APARECIDA DE GOIANIA;52;2352;2255;2498;2274;2471;2463;2479;2286;2302;2224;2084;1988;27676
520145;APARECIDA DO RIO DOCE;52;0;0;0;0;0;0;0;0;0;0;0;0;0
520150;APORE;52;0;0;0;0;0;0;0;0;0;0;0;0;0
520160;ARACU;52;7;14;11;13;13;7;7;13;19;15;11;8;138
520170;ARAGARCAS;52;52;61;93;73;72;74;71;68;79;65;57;46;811
520180;ARAGOIANIA;52;0;0;0;0;0;0;0;0;0;0;0;0;0
520215;ARAGUAPAZ;52;9;8;7;4;8;5;6;12;8;7;9;7;90
520235;ARENOPOLIS;52;12;15;7;22;22;18;10;50;40;33;42;0;271
520250;ARUANA;52;41;36;36;45;33;21;38;30;28;40;24;27;399
520260;AURILANDIA;52;0;0;0;0;0;0;0;0;0;0;0;0;0
520280;AVELINOPOLIS;52;8;4;5;4;7;1;2;4;4;4;1;5;49
520310;BALIZA;52;0;0;0;0;0;0;0;0;0;0;0;0;0
520320;BARRO ALTO;52;29;28;30;31;35;36;28;23;43;45;27;23;378
520330;BELA VISTA DE GOIAS;52;115;140;53;101;99;67;70;78;64;64;58;71;980
520340;BOM JARDIM DE GOIAS;52;10;14;15;19;23;16;20;6;13;35;22;39;232
520350;BOM JESUS DE GOIAS;52;217;165;200;201;223;186;175;185;155;150;166;179;2202
520355;BONFINOPOLIS;52;0;0;0;0;0;0;0;0;0;0;0;0;0
520357;BONOPOLIS;52;0;0;0;0;0;0;0;0;0;0;0;0;0
520360;BRAZABRANTES;52;0;0;0;0;0;0;0;0;0;0;0;0;0
520380;BRITANIA;52;22;16;15;48;30;32;16;26;25;24;19;14;287
520390;BURITI ALEGRE;52;37;37;41;42;35;31;33;34;27;36;35;35;423
520393;BURITI DE GOIAS;52;0;0;0;0;0;0;0;0;0;0;0;0;0
520396;BURITINOPOLIS;52;0;0;0;0;0;0;0;0;0;0;0;0;0
520400;CABECEIRAS;52;17;14;0;0;0;0;0;0;0;0;0;0;31
520410;CACHOEIRA ALTA;52;58;121;97;93;87;77;65;78;66;61;73;74;950
520420;CACHOEIRA DE GOIAS;52;0;0;0;0;0;0;0;0;0;0;0;0;0
520425;CACHOEIRA DOURADA;52;22;31;12;4;11;13;11;10;6;13;20;15;168
520430;CACU;52;102;105;110;111;99;96;96;119;87;97;77;77;1176
520440;CAIAPONIA;52;118;152;187;235;273;208;170;137;132;114;132;135;1993
520450;CALDAS NOVAS;52;182;128;86;103;282;393;268;178;182;289;306;169;2566
520455;CALDAZINHA;52;0;0;0;0;0;0;0;0;0;0;0;0;0
520460;CAMPESTRE DE GOIAS;52;0;0;0;0;0;0;0;0;0;0;0;0;0
520465;CAMPINACU;52;29;40;42;21;37;36;33;14;15;36;26;65;394
520470;CAMPINORTE;52;18;17;19;30;25;14;22;20;39;46;36;31;317
520480;CAMPO ALEGRE DE GOIAS;52;1;2;0;1;2;2;0;0;1;1;0;0;10
520485;CAMPO LIMPO DE GOIAS;52;0;0;0;0;0;0;0;0;0;0;0;0;0
520490;CAMPOS BELOS;52;54;60;65;70;70;66;60;66;47;75;50;62;745
520495;CAMPOS VERDES;52;0;0;0;0;0;0;0;0;0;0;0;0;0
520500;CARMO DO RIO VERDE;52;10;6;11;16;5;10;9;12;10;14;16;9;128
520505;CASTELANDIA;52;3;5;1;4;1;4;0;5;4;4;7;9;47
520510;CATALAO;52;772;603;561;624;601;539;586;693;548;572;497;575;7171
520520;CATURAI;52;14;13;8;2;6;1;5;7;7;7;6;25;101
520530;CAVALCANTE;52;54;0;0;0;0;0;0;0;0;0;0;0;54
520540;CERES;52;719;703;639;680;673;651;646;690;751;704;597;540;7993
520545;CEZARINA;52;21;27;41;47;67;50;62;33;18;32;35;28;461
520547;CHAPADAO DO CEU;52;45;74;35;69;72;103;34;64;98;34;70;50;748
520549;CIDADE OCIDENTAL;52;1;1;0;0;0;0;0;0;0;9;65;93;169
520551;COCALZINHO DE GOIAS;52;37;42;39;45;41;44;39;37;34;46;43;39;486
520552;COLINAS DO SUL;52;14;12;17;16;19;35;53;42;30;31;34;36;339
520570;CORREGO DO OURO;52;5;5;3;9;10;4;2;4;2;3;3;1;51
520580;CORUMBA DE GOIAS;52;18;16;20;16;15;14;17;19;20;26;27;31;239
520590;CORUMBAIBA;52;26;33;29;31;29;28;21;36;15;17;12;19;296
520620;CRISTALINA;52;109;140;199;163;213;192;201;204;192;182;174;168;2137
520630;CRISTIANOPOLIS;52;7;13;7;5;6;9;6;5;4;7;2;3;74
520640;CRIXAS;52;41;62;48;55;60;41;61;42;40;23;31;27;531
520650;CROMINIA;52;15;10;14;3;18;4;3;13;18;12;5;6;121
520660;CUMARI;52;0;0;0;0;0;0;23;6;6;8;0;0;43
520670;DAMIANOPOLIS;52;15;25;0;0;0;0;0;0;0;0;0;0;40
520680;DAMOLANDIA;52;12;11;20;18;25;18;25;3;17;6;10;17;182
520690;DAVINOPOLIS;52;0;0;0;0;0;0;0;0;0;0;0;0;0
520710;DIORAMA;52;16;16;12;16;19;9;6;7;11;14;16;9;151
520725;DOVERLANDIA;52;16;12;35;29;21;14;14;19;21;8;44;11;244
520735;EDEALINA;52;0;0;0;0;0;0;0;0;0;0;0;23;23
520740;EDEIA;52;22;23;28;45;61;43;50;31;44;37;41;39;464
520750;ESTRELA DO NORTE;52;2;3;7;5;5;4;5;4;10;2;3;9;59
520753;FAINA;52;33;11;30;32;19;19;16;10;12;17;11;42;252
520760;FAZENDA NOVA;52;23;30;31;22;58;54;56;42;36;57;55;38;502
520780;FIRMINOPOLIS;52;29;39;33;32;22;39;33;22;30;41;37;32;389
520790;FLORES DE GOIAS;52;0;0;0;0;0;0;0;0;0;0;0;0;0
520800;FORMOSA;52;706;695;1355;570;742;574;777;718;638;691;479;880;8825
520810;FORMOSO;52;14;14;24;22;26;24;15;27;20;24;22;24;256
520815;GAMELEIRA DE GOIAS;52;0;0;0;0;0;0;0;0;0;0;0;0;0
520830;DIVINOPOLIS DE GOIAS;52;7;4;8;7;11;8;14;18;15;9;0;0;101
520840;GOIANAPOLIS;52;24;12;10;19;17;28;10;12;17;14;22;36;221
520850;GOIANDIRA;52;4;3;1;2;1;4;0;7;6;2;2;3;35
520860;GOIANESIA;52;269;225;303;323;321;324;308;316;339;306;314;294;3642
520870;GOIANIA;52;13311;13497;14147;13715;14140;13588;14029;13690;13631;14382;13796;12949;164875
520880;GOIANIRA;52;176;188;202;205;189;199;193;196;185;203;186;207;2329
520890;GOIAS;52;161;134;170;152;223;170;165;171;172;203;166;170;2057
520910;GOIATUBA;52;172;161;177;153;215;135;144;152;187;161;140;95;1892
520915;GOUVELANDIA;52;0;0;0;0;0;0;0;0;0;0;0;0;0
520920;GUAPO;52;0;0;0;0;0;0;0;0;0;0;0;0;0
520929;GUARAITA;52;3;3;0;2;2;3;0;1;2;3;2;4;25
520940;GUARANI DE GOIAS;52;0;0;0;0;0;0;0;0;0;0;0;0;0
520945;GUARINOS;52;0;0;0;0;0;0;0;0;0;0;0;0;0
520960;HEITORAI;52;29;43;62;29;28;43;23;28;26;22;32;24;389
520970;HIDROLANDIA;52;114;83;85;80;83;74;80;85;100;97;149;114;1144
520980;HIDROLINA;52;17;16;16;15;13;24;13;19;21;15;10;6;185
520990;IACIARA;52;62;53;70;73;110;75;65;86;82;83;66;65;890
520993;INACIOLANDIA;52;5;5;7;8;9;10;11;9;8;8;7;15;102
520995;INDIARA;52;49;47;78;52;75;58;47;51;74;41;44;58;674
521000;INHUMAS;52;121;104;143;116;136;123;120;106;122;131;61;60;1343
521010;IPAMERI;52;48;42;45;40;59;37;49;50;37;0;0;0;407
521015;IPIRANGA DE GOIAS;52;0;0;0;0;0;0;0;0;0;0;0;0;0
521020;IPORA;52;49;71;42;141;93;86;90;103;58;97;44;32;906
521030;ISRAELANDIA;52;0;0;0;0;0;0;0;0;0;0;0;0;0
521040;ITABERAI;52;166;149;167;156;149;96;201;160;169;171;164;178;1926
521056;ITAGUARI;52;0;0;0;0;0;0;0;0;0;0;0;0;0
521060;ITAGUARU;52;11;13;18;13;16;13;14;21;12;0;4;7;142
521080;ITAJA;52;38;45;53;45;48;29;22;11;45;40;29;28;433
521090;ITAPACI;52;129;130;129;129;129;90;77;84;98;94;99;80;1268
521100;ITAPIRAPUA;52;22;24;18;14;30;31;72;11;32;31;42;39;366
521120;ITAPURANGA;52;106;201;163;127;181;187;150;143;145;112;109;100;1724
521130;ITARUMA;52;51;47;50;55;59;53;56;50;41;42;35;32;571
521140;ITAUCU;52;36;30;29;24;22;17;22;16;20;18;18;10;262
521150;ITUMBIARA;52;953;1109;1375;773;1015;1001;996;1088;937;1039;763;1020;12069
521160;IVOLANDIA;52;1;8;6;5;7;6;5;2;3;2;2;4;51
521170;JANDAIA;52;0;0;16;7;18;17;10;9;19;12;12;17;137
521180;JARAGUA;52;477;388;502;432;424;378;405;385;393;412;396;373;4965
521190;JATAI;52;206;192;450;162;257;258;250;77;282;345;436;469;3384
521200;JAUPACI;52;8;13;27;16;16;14;9;8;7;18;2;7;145
521205;JESUPOLIS;52;0;0;0;0;0;0;0;0;0;0;0;0;0
521210;JOVIANIA;52;0;34;42;36;42;38;29;35;33;29;32;33;383
521220;JUSSARA;52;80;57;67;69;82;67;61;56;59;71;50;73;792
521225;LAGOA SANTA;52;0;0;0;0;0;0;0;0;0;0;0;0;0
521230;LEOPOLDO DE BULHOES;52;0;0;0;0;0;0;0;0;0;0;0;0;0
521250;LUZIANIA;52;630;262;404;688;1186;597;438;743;347;438;306;601;6640
521260;MAIRIPOTABA;52;6;7;11;10;21;9;7;8;9;7;8;6;109
521270;MAMBAI;52;35;38;32;45;24;45;53;45;45;50;58;40;510
521280;MARA ROSA;52;17;21;21;31;23;34;18;17;27;15;15;30;269
521290;MARZAGAO;52;8;12;2;5;7;3;7;5;12;8;7;3;79
521295;MATRINCHA;52;27;7;5;8;10;4;7;6;3;3;10;1;91
521300;MAURILANDIA;52;10;8;21;25;15;16;14;10;23;15;19;15;191
521305;MIMOSO DE GOIAS;52;0;0;0;0;0;0;0;0;0;0;0;0;0
521308;MINACU;52;180;176;204;150;205;190;195;200;180;205;175;160;2220
521310;MINEIROS;52;377;323;355;405;457;421;318;311;339;389;306;323;4324
521340;MOIPORA;52;0;0;0;0;0;0;0;0;0;0;0;0;0
521350;MONTE ALEGRE DE GOIAS;52;9;10;11;10;10;17;10;17;13;30;7;12;156
521370;MONTES CLAROS DE GOIAS;52;13;19;14;10;20;15;16;6;3;11;9;7;143
521375;MONTIVIDIU;52;35;57;55;54;56;39;39;35;47;45;41;43;546
521377;MONTIVIDIU DO NORTE;52;0;0;0;0;0;0;0;0;0;0;0;0;0
521380;MORRINHOS;52;412;441;254;480;462;444;572;482;380;402;515;377;5221
521385;MORRO AGUDO DE GOIAS;52;10;11;29;12;21;16;18;16;15;17;11;21;197
521390;MOSSAMEDES;52;6;8;7;13;14;10;0;0;0;0;0;0;58
521400;MOZARLANDIA;52;49;47;70;64;59;41;27;50;61;58;50;56;632
521405;MUNDO NOVO;52;113;88;84;92;90;84;79;99;90;90;94;79;1082
521410;MUTUNOPOLIS;52;22;31;35;28;42;48;29;27;38;23;25;21;369
521440;NAZARIO;52;0;0;0;0;0;0;0;0;0;0;0;0;0
521450;NEROPOLIS;52;289;296;330;294;325;278;275;244;260;282;227;228;3328
521460;NIQUELANDIA;52;88;116;116;184;275;214;172;227;264;248;223;254;2381
521470;NOVA AMERICA;52;0;0;0;0;0;0;0;0;0;0;0;0;0
521480;NOVA AURORA;52;0;0;0;0;0;0;0;0;0;0;0;0;0
521483;NOVA CRIXAS;52;23;16;30;47;43;36;46;38;36;25;38;40;418
521486;NOVA GLORIA;52;0;0;0;0;0;0;0;0;0;0;0;0;0
521487;NOVA IGUACU DE GOIAS;52;0;0;0;0;0;0;0;0;0;0;0;0;0
521490;NOVA ROMA;52;0;0;0;0;0;0;0;0;0;0;0;0;0
521500;NOVA VENEZA;52;0;0;0;0;0;0;0;0;0;0;0;0;0
521520;NOVO BRASIL;52;6;2;12;14;6;7;7;3;3;2;3;1;66
521523;NOVO GAMA;52;0;0;0;0;0;0;0;0;0;0;0;0;0
521525;NOVO PLANALTO;52;0;0;0;0;0;0;0;0;0;0;0;0;0
521530;ORIZONA;52;43;39;39;49;51;73;41;53;36;32;31;35;522
521540;OURO VERDE DE GOIAS;52;0;0;0;0;0;0;0;0;0;0;0;0;0
521550;OUVIDOR;52;6;16;24;3;12;34;14;25;29;27;25;32;247
521560;PADRE BERNARDO;52;33;59;46;44;55;44;74;53;69;96;58;63;694
521565;PALESTINA DE GOIAS;52;12;16;7;15;12;17;6;10;6;5;2;5;113
521570;PALMEIRAS DE GOIAS;52;20;44;52;52;55;72;79;32;40;63;43;53;605
521580;PALMELO;52;5;8;13;7;17;11;11;3;9;9;6;8;107
521590;PALMINOPOLIS;52;3;3;9;6;7;8;9;5;9;10;3;4;76
521600;PANAMA;52;0;0;0;0;0;0;0;0;0;0;0;0;0
521630;PARANAIGUARA;52;80;80;80;85;90;90;95;100;100;100;100;100;1100
521640;PARAUNA;52;81;43;104;81;91;76;129;28;82;81;82;76;954
521645;PEROLANDIA;52;0;0;0;0;0;0;0;0;0;0;0;0;0
521680;PETROLINA DE GOIAS;52;0;0;0;0;0;0;0;0;0;0;0;0;0
521690;PILAR DE GOIAS;52;0;0;0;0;0;0;0;0;0;0;0;0;0
521710;PIRACANJUBA;52;127;100;105;94;130;103;105;108;101;150;139;71;1333
521720;PIRANHAS;52;0;0;80;77;79;83;51;67;98;92;62;67;756
521730;PIRENOPOLIS;52;339;241;283;293;361;344;274;262;298;264;360;252;3571
521740;PIRES DO RIO;52;105;104;132;97;112;84;110;89;115;127;121;112;1308
521760;PLANALTINA;52;256;180;175;154;335;305;265;301;185;140;227;239;2762
521770;PONTALINA;52;70;68;70;75;83;60;64;64;67;52;63;48;784
521800;PORANGATU;52;259;271;253;272;287;207;245;239;213;227;206;212;2891
521805;PORTEIRAO;52;5;5;6;5;5;5;5;3;3;3;1;1;47
521810;PORTELANDIA;52;10;12;11;31;19;34;22;23;17;16;16;22;233
521830;POSSE;52;207;164;158;201;234;201;302;271;245;272;228;213;2696
521839;PROFESSOR JAMIL;52;0;0;0;0;0;0;0;0;0;0;0;0;0
521850;QUIRINOPOLIS;52;371;300;395;439;401;397;313;379;341;339;223;350;4248
521860;RIALMA;52;49;68;54;87;70;67;47;57;49;55;50;40;693
521870;RIANAPOLIS;52;0;0;0;0;0;0;0;0;0;0;0;0;0
521878;RIO QUENTE;52;9;11;12;10;8;7;15;18;27;19;17;11;164
521880;RIO VERDE;52;1704;1455;1517;1872;1826;1993;1715;1555;1445;1336;1221;1224;18863
521890;RUBIATABA;52;62;64;60;53;59;56;45;57;45;50;46;45;642
521900;SANCLERLANDIA;52;9;23;18;13;35;1;40;38;1;32;20;13;243
521910;SANTA BARBARA DE GOIAS;52;2;1;12;1;1;7;1;4;1;1;7;1;39
521920;SANTA CRUZ DE GOIAS;52;5;5;13;9;18;11;11;8;10;10;10;12;122
521925;SANTA FE DE GOIAS;52;13;17;12;9;10;12;13;15;25;24;18;17;185
521930;SANTA HELENA DE GOIAS;52;662;636;648;718;693;650;732;684;651;680;683;620;8057
521935;SANTA ISABEL;52;0;0;0;0;0;0;0;0;0;0;0;0;0
521940;SANTA RITA DO ARAGUAIA;52;0;0;0;0;0;0;0;0;0;0;0;0;0
521945;SANTA RITA DO NOVO DESTINO;52;0;0;0;0;0;0;0;0;0;0;0;0;0
521950;SANTA ROSA DE GOIAS;52;7;5;7;3;16;5;3;6;3;7;1;1;64
521960;SANTA TEREZA DE GOIAS;52;9;5;5;10;12;9;14;15;17;13;13;10;132
521970;SANTA TEREZINHA DE GOIAS;52;18;21;14;25;20;18;23;16;18;18;15;8;214
521971;SANTO ANTONIO DA BARRA;52;0;0;0;0;0;0;0;0;0;0;0;0;0
521973;SANTO ANTONIO DE GOIAS;52;9;7;19;22;9;22;22;19;21;13;21;14;198
521975;SANTO ANTONIO DO DESCOBERTO;52;58;39;39;42;58;54;64;45;60;43;51;36;589
521980;SAO DOMINGOS;52;41;30;29;21;30;14;24;27;20;26;18;38;318
521990;SAO FRANCISCO DE GOIAS;52;0;0;0;0;0;0;0;0;0;0;0;0;0
522000;SAO JOAO D'ALIANCA;52;26;21;23;21;19;20;23;21;45;42;40;31;332
522005;SAO JOAO DA PARAUNA;52;0;0;0;0;0;0;0;0;0;0;0;0;0
522010;SAO LUIS DE MONTES BELOS;52;599;904;569;511;417;397;326;363;277;397;520;270;5550
522015;SAO LUIZ DO NORTE;52;7;11;7;12;14;23;5;28;11;5;10;2;135
522020;SAO MIGUEL DO ARAGUAIA;52;496;491;484;500;500;499;500;494;503;498;500;497;5962
522026;SAO MIGUEL DO PASSA QUATRO;52;0;0;0;0;0;0;0;0;0;0;0;0;0
522028;SAO PATRICIO;52;0;0;0;0;0;0;0;0;0;0;0;0;0
522040;SAO SIMAO;52;108;120;113;141;108;134;120;105;130;124;120;107;1430
522045;SENADOR CANEDO;52;333;361;393;369;396;325;395;400;417;453;397;284;4523
522050;SERRANOPOLIS;52;19;27;18;32;26;27;17;17;25;18;8;12;246
522060;SILVANIA;52;264;243;279;273;270;270;237;293;248;176;202;218;2973
522068;SIMOLANDIA;52;4;6;8;5;6;6;12;27;26;22;19;25;166
522070;SITIO D'ABADIA;52;0;0;0;0;0;0;0;0;0;0;0;0;0
522100;TAQUARAL DE GOIAS;52;12;9;15;5;9;25;13;9;12;12;10;14;145
522108;TERESINA DE GOIAS;52;0;0;0;0;0;0;0;0;0;0;0;0;0
522119;TEREZOPOLIS DE GOIAS;52;0;0;0;0;0;0;0;0;0;0;0;0;0
522130;TRES RANCHOS;52;0;0;0;0;0;0;0;0;0;0;0;0;0
522140;TRINDADE;52;633;553;580;552;543;489;604;534;549;566;578;576;6757
522145;TROMBAS;52;6;9;6;8;8;8;10;9;10;9;7;7;97
522150;TURVANIA;52;23;18;17;7;9;12;7;29;14;19;21;17;193
522155;TURVELANDIA;52;11;15;7;11;8;12;11;7;7;14;10;16;129
522157;UIRAPURU;52;0;0;0;0;0;0;0;0;0;0;0;0;0
522160;URUACU;52;1643;1489;1533;1583;1565;1557;1670;1572;1719;1500;1494;1671;18996
522170;URUANA;52;29;27;35;38;35;31;16;25;21;19;19;18;313
522180;URUTAI;52;0;0;0;0;0;0;0;0;0;0;0;0;0
522185;VALPARAISO DE GOIAS;52;123;112;129;132;129;143;131;147;139;99;149;151;1584
522190;VARJAO;52;0;0;0;0;0;0;0;0;0;0;0;0;0
522200;VIANOPOLIS;52;98;40;101;82;65;90;171;106;161;67;44;92;1117
522205;VICENTINOPOLIS;52;33;36;43;53;35;43;41;37;31;59;43;41;495
522220;VILA BOA;52;0;0;0;0;0;0;0;0;0;0;0;0;0
522230;VILA PROPICIO;52;0;0;0;0;0;0;0;0;0;0;0;0;0
530010;BRASILIA;53;20927;19284;20986;20241;21820;21036;21519;20462;20804;20768;19739;20315;247901
000000;Ignorado ou exterior;00;0;0;0;0;0;0;0;0;0;0;0;0;0
