Municipio;Mes;Leitos_Existentes;Leitos_SUS;UTI_Existente;UTI_SUS
ADAMANTINA;01/2024;206;146;10;8
ADAMANTINA;02/2024;206;146;10;8
ADAMANTINA;03/2024;206;146;10;8
ADAMANTINA;04/2024;206;146;10;8
ADAMANTINA;05/2024;206;146;10;8
ADAMANTINA;06/2024;206;146;10;8
ADAMANTINA;07/2024;206;146;10;8
ADAMANTINA;08/2024;206;146;10;8
ADAMANTINA;09/2024;206;146;10;8
ADAMANTINA;10/2024;206;146;10;8
ADAMANTINA;11/2024;206;146;10;8
ADAMANTINA;12/2024;206;146;10;8
AGUAI;01/2024;24;24;0;0
AGUAI;02/2024;24;24;0;0
AGUAI;03/2024;24;24;0;0
AGUAI;04/2024;24;24;0;0
AGUAI;05/2024;24;24;0;0
AGUAI;06/2024;24;24;0;0
AGUAI;07/2024;24;24;0;0
AGUAI;08/2024;24;24;0;0
AGUAI;09/2024;24;24;0;0
AGUAI;10/2024;24;24;0;0
AGUAI;11/2024;24;24;0;0
AGUAI;12/2024;24;24;0;0
AGUAS DE LINDOIA;01/2024;42;30;0;0
AGUAS DE LINDOIA;02/2024;42;30;0;0
AGUAS DE LINDOIA;03/2024;42;30;0;0
AGUAS DE LINDOIA;04/2024;42;30;0;0
AGUAS DE LINDOIA;05/2024;42;30;0;0
AGUAS DE LINDOIA;06/2024;42;30;0;0
AGUAS DE LINDOIA;07/2024;42;30;0;0
AGUAS DE LINDOIA;08/2024;42;30;0;0
AGUAS DE LINDOIA;09/2024;42;30;0;0
AGUAS DE LINDOIA;10/2024;42;30;0;0
AGUAS DE LINDOIA;11/2024;42;30;0;0
AGUAS DE LINDOIA;12/2024;42;30;0;0
AGUDOS;01/2024;54;38;0;0
AGUDOS;02/2024;54;38;0;0
AGUDOS;03/2024;54;38;0;0
AGUDOS;04/2024;54;38;0;0
AGUDOS;05/2024;54;38;0;0
AGUDOS;06/2024;54;38;0;0
AGUDOS;07/2024;54;38;0;0
AGUDOS;08/2024;54;38;0;0
AGUDOS;09/2024;54;38;0;0
AGUDOS;10/2024;54;38;0;0
AGUDOS;11/2024;54;38;0;0
AGUDOS;12/2024;54;38;0;0
ALTINOPOLIS;01/2024;21;19;0;0
ALTINOPOLIS;02/2024;21;19;0;0
ALTINOPOLIS;03/2024;21;19;0;0
ALTINOPOLIS;04/2024;21;19;0;0
ALTINOPOLIS;05/2024;21;19;0;0
ALTINOPOLIS;06/2024;21;19;0;0
ALTINOPOLIS;07/2024;21;19;0;0
ALTINOPOLIS;08/2024;21;19;0;0
ALTINOPOLIS;09/2024;21;19;0;0
ALTINOPOLIS;10/2024;21;19;0;0
ALTINOPOLIS;11/2024;21;19;0;0
ALTINOPOLIS;12/2024;21;19;0;0
ALTO ALEGRE;01/2024;22;19;0;0
ALTO ALEGRE;02/2024;22;19;0;0
ALTO ALEGRE;03/2024;22;19;0;0
ALTO ALEGRE;04/2024;22;19;0;0
ALTO ALEGRE;05/2024;22;19;0;0
ALTO ALEGRE;06/2024;22;19;0;0
ALTO ALEGRE;07/2024;22;19;0;0
ALTO ALEGRE;08/2024;22;19;0;0
ALTO ALEGRE;09/2024;22;19;0;0
ALTO ALEGRE;10/2024;22;19;0;0
ALTO ALEGRE;11/2024;22;19;0;0
ALTO ALEGRE;12/2024;22;19;0;0
ALVARES MACHADO;01/2024;18;16;0;0
ALVARES MACHADO;02/2024;18;16;0;0
ALVARES MACHADO;03/2024;18;16;0;0
ALVARES MACHADO;04/2024;18;16;0;0
ALVARES MACHADO;05/2024;18;16;0;0
ALVARES MACHADO;06/2024;18;16;0;0
ALVARES MACHADO;07/2024;18;16;0;0
ALVARES MACHADO;08/2024;18;16;0;0
ALVARES MACHADO;09/2024;18;16;0;0
ALVARES MACHADO;10/2024;18;16;0;0
ALVARES MACHADO;11/2024;18;16;0;0
ALVARES MACHADO;12/2024;18;16;0;0
AMERICANA;01/2024;530;177;78;23
AMERICANA;02/2024;530;177;78;23
AMERICANA;03/2024;530;177;78;23
AMERICANA;04/2024;503;150;78;23
AMERICANA;05/2024;477;139;78;23
AMERICANA;06/2024;477;139;78;23
AMERICANA;07/2024;501;163;78;23
AMERICANA;08/2024;501;166;78;23
AMERICANA;09/2024;501;166;78;23
AMERICANA;10/2024;501;166;78;23
AMERICANA;11/2024;501;166;78;23
AMERICANA;12/2024;501;166;78;23
AMERICO BRASILIENSE;01/2024;263;263;10;10
AMERICO BRASILIENSE;02/2024;263;263;10;10
AMERICO BRASILIENSE;03/2024;263;263;10;10
AMERICO BRASILIENSE;04/2024;255;255;10;10
AMERICO BRASILIENSE;05/2024;255;255;10;10
AMERICO BRASILIENSE;06/2024;255;255;10;10
AMERICO BRASILIENSE;07/2024;255;255;10;10
AMERICO BRASILIENSE;08/2024;255;255;10;10
AMERICO BRASILIENSE;09/2024;255;255;10;10
AMERICO BRASILIENSE;10/2024;255;255;10;10
AMERICO BRASILIENSE;11/2024;255;255;10;10
AMERICO BRASILIENSE;12/2024;255;255;10;10
AMPARO;01/2024;384;222;11;7
AMPARO;02/2024;384;222;11;7
AMPARO;03/2024;384;222;11;7
AMPARO;04/2024;384;222;11;7
AMPARO;05/2024;384;222;11;7
AMPARO;06/2024;384;222;11;7
AMPARO;07/2024;384;222;11;7
AMPARO;08/2024;384;222;11;7
AMPARO;09/2024;384;222;11;7
AMPARO;10/2024;384;226;11;7
AMPARO;11/2024;384;226;11;7
AMPARO;12/2024;384;226;11;7
ANDRADINA;01/2024;128;89;10;10
ANDRADINA;02/2024;128;89;10;10
ANDRADINA;03/2024;105;69;10;10
ANDRADINA;04/2024;107;69;10;10
ANDRADINA;05/2024;107;69;10;10
ANDRADINA;06/2024;107;69;10;10
ANDRADINA;07/2024;107;69;10;10
ANDRADINA;08/2024;107;69;10;10
ANDRADINA;09/2024;107;69;10;10
ANDRADINA;10/2024;107;69;10;10
ANDRADINA;11/2024;107;69;10;10
ANDRADINA;12/2024;107;69;10;10
ANGATUBA;01/2024;57;54;0;0
ANGATUBA;02/2024;57;54;0;0
ANGATUBA;03/2024;57;54;0;0
ANGATUBA;04/2024;57;54;0;0
ANGATUBA;05/2024;57;54;0;0
ANGATUBA;06/2024;57;54;0;0
ANGATUBA;07/2024;57;54;0;0
ANGATUBA;08/2024;57;54;0;0
ANGATUBA;09/2024;57;54;0;0
ANGATUBA;10/2024;57;54;0;0
ANGATUBA;11/2024;57;54;0;0
ANGATUBA;12/2024;57;54;0;0
APARECIDA;01/2024;101;78;9;9
APARECIDA;02/2024;101;78;9;9
APARECIDA;03/2024;101;78;9;9
APARECIDA;04/2024;101;78;9;9
APARECIDA;05/2024;101;78;9;9
APARECIDA;06/2024;101;78;9;9
APARECIDA;07/2024;101;78;9;9
APARECIDA;08/2024;101;78;9;9
APARECIDA;09/2024;101;78;9;9
APARECIDA;10/2024;101;78;9;9
APARECIDA;11/2024;101;58;9;9
APARECIDA;12/2024;101;58;9;9
APARECIDA D'OESTE;01/2024;14;13;0;0
APARECIDA D'OESTE;02/2024;14;13;0;0
APARECIDA D'OESTE;03/2024;14;13;0;0
APARECIDA D'OESTE;04/2024;14;13;0;0
APARECIDA D'OESTE;05/2024;14;13;0;0
APARECIDA D'OESTE;06/2024;14;13;0;0
APARECIDA D'OESTE;07/2024;14;13;0;0
APARECIDA D'OESTE;08/2024;14;13;0;0
APARECIDA D'OESTE;09/2024;13;12;0;0
APARECIDA D'OESTE;10/2024;13;12;0;0
APARECIDA D'OESTE;11/2024;13;12;0;0
APARECIDA D'OESTE;12/2024;13;12;0;0
APIAI;01/2024;51;45;0;0
APIAI;02/2024;51;45;0;0
APIAI;03/2024;51;45;0;0
APIAI;04/2024;51;45;0;0
APIAI;05/2024;51;45;0;0
APIAI;06/2024;51;45;0;0
APIAI;07/2024;51;45;0;0
APIAI;08/2024;51;45;0;0
APIAI;09/2024;51;45;0;0
APIAI;10/2024;51;45;0;0
APIAI;11/2024;51;45;0;0
APIAI;12/2024;51;45;0;0
ARACATUBA;01/2024;497;352;73;60
ARACATUBA;02/2024;497;352;73;60
ARACATUBA;03/2024;497;352;73;60
ARACATUBA;04/2024;497;352;73;60
ARACATUBA;05/2024;497;352;73;60
ARACATUBA;06/2024;497;352;73;60
ARACATUBA;07/2024;517;352;93;60
ARACATUBA;08/2024;517;352;93;60
ARACATUBA;09/2024;517;352;93;60
ARACATUBA;10/2024;517;352;93;60
ARACATUBA;11/2024;517;352;93;60
ARACATUBA;12/2024;517;352;93;60
ARACOIABA DA SERRA;01/2024;4;4;0;0
ARACOIABA DA SERRA;02/2024;45;45;0;0
ARACOIABA DA SERRA;03/2024;4;0;0;0
ARACOIABA DA SERRA;04/2024;4;0;0;0
ARACOIABA DA SERRA;05/2024;4;0;0;0
ARACOIABA DA SERRA;06/2024;45;0;0;0
ARACOIABA DA SERRA;07/2024;45;0;0;0
ARACOIABA DA SERRA;08/2024;45;0;0;0
ARACOIABA DA SERRA;09/2024;45;0;0;0
ARACOIABA DA SERRA;10/2024;45;0;0;0
ARACOIABA DA SERRA;11/2024;45;0;0;0
ARACOIABA DA SERRA;12/2024;45;0;0;0
ARANDU;01/2024;6;6;0;0
ARANDU;02/2024;6;6;0;0
ARANDU;03/2024;6;6;0;0
ARANDU;04/2024;6;6;0;0
ARANDU;05/2024;6;6;0;0
ARANDU;06/2024;6;6;0;0
ARANDU;07/2024;6;6;0;0
ARANDU;08/2024;6;6;0;0
ARANDU;09/2024;6;6;0;0
ARANDU;10/2024;6;6;0;0
ARANDU;11/2024;6;6;0;0
ARANDU;12/2024;6;6;0;0
ARARAQUARA;01/2024;559;291;76;34
ARARAQUARA;02/2024;559;291;76;34
ARARAQUARA;03/2024;559;291;76;34
ARARAQUARA;04/2024;637;365;76;34
ARARAQUARA;05/2024;637;365;76;34
ARARAQUARA;06/2024;637;365;76;34
ARARAQUARA;07/2024;637;365;76;34
ARARAQUARA;08/2024;637;365;76;34
ARARAQUARA;09/2024;573;305;76;34
ARARAQUARA;10/2024;573;305;76;34
ARARAQUARA;11/2024;573;305;76;34
ARARAQUARA;12/2024;573;305;76;34
ARARAS;01/2024;460;188;38;21
ARARAS;02/2024;467;188;38;21
ARARAS;03/2024;467;188;38;21
ARARAS;04/2024;464;251;28;21
ARARAS;05/2024;464;251;28;21
ARARAS;06/2024;464;251;28;21
ARARAS;07/2024;464;251;28;21
ARARAS;08/2024;464;251;28;21
ARARAS;09/2024;464;251;28;21
ARARAS;10/2024;464;251;28;21
ARARAS;11/2024;464;251;28;21
ARARAS;12/2024;468;251;42;21
AREALVA;01/2024;32;15;0;0
AREALVA;02/2024;32;15;0;0
AREALVA;03/2024;32;15;0;0
AREALVA;04/2024;32;15;0;0
AREALVA;05/2024;32;15;0;0
AREALVA;06/2024;32;15;0;0
AREALVA;07/2024;32;15;0;0
AREALVA;08/2024;26;15;0;0
AREALVA;09/2024;26;15;0;0
AREALVA;10/2024;26;15;0;0
AREALVA;11/2024;26;15;0;0
AREALVA;12/2024;26;15;0;0
ARTUR NOGUEIRA;01/2024;12;12;0;0
ARTUR NOGUEIRA;02/2024;12;12;0;0
ARTUR NOGUEIRA;03/2024;12;12;0;0
ARTUR NOGUEIRA;04/2024;12;12;0;0
ARTUR NOGUEIRA;05/2024;12;12;0;0
ARTUR NOGUEIRA;06/2024;12;12;0;0
ARTUR NOGUEIRA;07/2024;12;12;0;0
ARTUR NOGUEIRA;08/2024;12;12;0;0
ARTUR NOGUEIRA;09/2024;12;12;0;0
ARTUR NOGUEIRA;10/2024;12;12;0;0
ARTUR NOGUEIRA;11/2024;12;12;0;0
ARTUR NOGUEIRA;12/2024;12;12;0;0
ARUJA;01/2024;36;36;0;0
ARUJA;02/2024;96;36;20;0
ARUJA;03/2024;96;36;20;0
ARUJA;04/2024;96;36;20;0
ARUJA;05/2024;96;36;20;0
ARUJA;06/2024;96;36;20;0
ARUJA;07/2024;96;36;20;0
ARUJA;08/2024;96;36;20;0
ARUJA;09/2024;96;36;20;0
ARUJA;10/2024;36;36;0;0
ARUJA;11/2024;36;36;0;0
ARUJA;12/2024;36;36;0;0
ASSIS;01/2024;324;193;49;32
ASSIS;02/2024;324;193;49;32
ASSIS;03/2024;324;193;49;32
ASSIS;04/2024;324;193;49;32
ASSIS;05/2024;324;193;49;32
ASSIS;06/2024;324;193;49;32
ASSIS;07/2024;324;193;49;32
ASSIS;08/2024;324;193;49;32
ASSIS;09/2024;324;193;49;32
ASSIS;10/2024;324;193;49;32
ASSIS;11/2024;324;193;49;32
ASSIS;12/2024;324;193;49;32
ATIBAIA;01/2024;293;66;27;6
ATIBAIA;02/2024;293;66;27;6
ATIBAIA;03/2024;293;66;27;6
ATIBAIA;04/2024;293;66;27;6
ATIBAIA;05/2024;332;66;27;6
ATIBAIA;06/2024;332;66;27;6
ATIBAIA;07/2024;332;66;27;6
ATIBAIA;08/2024;332;66;27;6
ATIBAIA;09/2024;338;72;27;6
ATIBAIA;10/2024;338;72;27;6
ATIBAIA;11/2024;338;72;27;6
ATIBAIA;12/2024;338;72;27;6
AURIFLAMA;01/2024;44;35;0;0
AURIFLAMA;02/2024;44;35;0;0
AURIFLAMA;03/2024;44;35;0;0
AURIFLAMA;04/2024;44;35;0;0
AURIFLAMA;05/2024;44;35;0;0
AURIFLAMA;06/2024;44;35;0;0
AURIFLAMA;07/2024;44;35;0;0
AURIFLAMA;08/2024;44;35;0;0
AURIFLAMA;09/2024;44;35;0;0
AURIFLAMA;10/2024;44;35;0;0
AURIFLAMA;11/2024;44;35;0;0
AURIFLAMA;12/2024;44;35;0;0
AVARE;01/2024;199;152;20;19
AVARE;02/2024;199;152;20;19
AVARE;03/2024;199;152;20;19
AVARE;04/2024;199;152;20;19
AVARE;05/2024;199;152;20;19
AVARE;06/2024;199;152;20;19
AVARE;07/2024;199;152;20;19
AVARE;08/2024;199;152;20;19
AVARE;09/2024;199;152;20;19
AVARE;10/2024;199;152;20;19
AVARE;11/2024;199;152;20;19
AVARE;12/2024;199;152;20;19
BANANAL;01/2024;15;15;0;0
BANANAL;02/2024;15;15;0;0
BANANAL;03/2024;15;15;0;0
BANANAL;04/2024;15;15;0;0
BANANAL;05/2024;15;15;0;0
BANANAL;06/2024;15;15;0;0
BANANAL;07/2024;15;15;0;0
BANANAL;08/2024;15;15;0;0
BANANAL;09/2024;15;15;0;0
BANANAL;10/2024;15;15;0;0
BANANAL;11/2024;15;15;0;0
BANANAL;12/2024;15;15;0;0
BARIRI;01/2024;65;52;0;0
BARIRI;02/2024;65;52;0;0
BARIRI;03/2024;65;52;0;0
BARIRI;04/2024;65;52;0;0
BARIRI;05/2024;65;52;0;0
BARIRI;06/2024;65;52;0;0
BARIRI;07/2024;65;52;0;0
BARIRI;08/2024;65;52;0;0
BARIRI;09/2024;65;52;0;0
BARIRI;10/2024;65;52;0;0
BARIRI;11/2024;65;52;0;0
BARIRI;12/2024;65;52;0;0
BARRA BONITA;01/2024;58;36;0;0
BARRA BONITA;02/2024;58;36;0;0
BARRA BONITA;03/2024;58;36;0;0
BARRA BONITA;04/2024;58;36;0;0
BARRA BONITA;05/2024;58;36;0;0
BARRA BONITA;06/2024;58;36;0;0
BARRA BONITA;07/2024;58;36;0;0
BARRA BONITA;08/2024;58;36;0;0
BARRA BONITA;09/2024;58;36;0;0
BARRA BONITA;10/2024;58;36;0;0
BARRA BONITA;11/2024;58;36;0;0
BARRA BONITA;12/2024;58;36;0;0
BARRETOS;01/2024;600;482;104;66
BARRETOS;02/2024;600;482;104;66
BARRETOS;03/2024;600;482;104;66
BARRETOS;04/2024;600;492;104;76
BARRETOS;05/2024;600;492;104;76
BARRETOS;06/2024;600;492;104;76
BARRETOS;07/2024;600;492;104;76
BARRETOS;08/2024;600;492;104;76
BARRETOS;09/2024;600;492;104;76
BARRETOS;10/2024;600;492;104;76
BARRETOS;11/2024;600;492;104;76
BARRETOS;12/2024;600;492;104;76
BARUERI;01/2024;607;506;59;39
BARUERI;02/2024;607;506;59;39
BARUERI;03/2024;607;506;59;39
BARUERI;04/2024;607;506;59;39
BARUERI;05/2024;609;508;59;39
BARUERI;06/2024;609;508;59;39
BARUERI;07/2024;609;508;59;39
BARUERI;08/2024;609;508;59;39
BARUERI;09/2024;609;508;59;39
BARUERI;10/2024;667;508;81;39
BARUERI;11/2024;667;508;81;39
BARUERI;12/2024;728;573;81;39
BASTOS;01/2024;30;23;0;0
BASTOS;02/2024;30;23;0;0
BASTOS;03/2024;33;20;0;0
BASTOS;04/2024;33;20;0;0
BASTOS;05/2024;33;20;0;0
BASTOS;06/2024;30;20;0;0
BASTOS;07/2024;30;20;0;0
BASTOS;08/2024;30;20;0;0
BASTOS;09/2024;30;20;0;0
BASTOS;10/2024;30;20;0;0
BASTOS;11/2024;30;20;0;0
BASTOS;12/2024;30;18;0;0
BATATAIS;01/2024;141;108;8;7
BATATAIS;02/2024;141;108;8;7
BATATAIS;03/2024;141;108;8;7
BATATAIS;04/2024;141;108;8;7
BATATAIS;05/2024;141;108;8;7
BATATAIS;06/2024;141;108;8;7
BATATAIS;07/2024;141;108;8;7
BATATAIS;08/2024;141;108;8;7
BATATAIS;09/2024;141;108;8;7
BATATAIS;10/2024;141;108;8;7
BATATAIS;11/2024;141;108;8;7
BATATAIS;12/2024;141;108;8;7
BAURU;01/2024;1458;865;194;86
BAURU;02/2024;1458;865;194;86
BAURU;03/2024;1458;881;194;102
BAURU;04/2024;1458;881;194;102
BAURU;05/2024;1442;853;200;102
BAURU;06/2024;1442;853;200;102
BAURU;07/2024;1416;815;200;102
BAURU;08/2024;1429;815;220;102
BAURU;09/2024;1446;815;220;102
BAURU;10/2024;1446;818;220;102
BAURU;11/2024;1446;818;220;102
BAURU;12/2024;1446;824;220;102
BEBEDOURO;01/2024;188;132;16;0
BEBEDOURO;02/2024;164;118;6;0
BEBEDOURO;03/2024;188;142;16;10
BEBEDOURO;04/2024;188;142;16;10
BEBEDOURO;05/2024;188;142;16;10
BEBEDOURO;06/2024;188;142;16;10
BEBEDOURO;07/2024;190;144;16;10
BEBEDOURO;08/2024;190;144;16;10
BEBEDOURO;09/2024;190;144;16;10
BEBEDOURO;10/2024;190;144;16;10
BEBEDOURO;11/2024;190;144;16;10
BEBEDOURO;12/2024;190;144;16;10
BERNARDINO DE CAMPOS;01/2024;23;23;0;0
BERNARDINO DE CAMPOS;02/2024;23;23;0;0
BERNARDINO DE CAMPOS;03/2024;23;23;0;0
BERNARDINO DE CAMPOS;04/2024;23;23;0;0
BERNARDINO DE CAMPOS;05/2024;23;23;0;0
BERNARDINO DE CAMPOS;06/2024;23;23;0;0
BERNARDINO DE CAMPOS;07/2024;23;23;0;0
BERNARDINO DE CAMPOS;08/2024;23;23;0;0
BERNARDINO DE CAMPOS;09/2024;27;27;0;0
BERNARDINO DE CAMPOS;10/2024;27;27;0;0
BERNARDINO DE CAMPOS;11/2024;27;27;0;0
BERNARDINO DE CAMPOS;12/2024;27;27;0;0
BERTIOGA;01/2024;49;49;0;0
BERTIOGA;02/2024;49;49;0;0
BERTIOGA;03/2024;49;49;0;0
BERTIOGA;04/2024;49;49;0;0
BERTIOGA;05/2024;49;49;0;0
BERTIOGA;06/2024;49;49;0;0
BERTIOGA;07/2024;49;49;0;0
BERTIOGA;08/2024;49;49;0;0
BERTIOGA;09/2024;49;49;0;0
BERTIOGA;10/2024;49;49;0;0
BERTIOGA;11/2024;49;49;0;0
BERTIOGA;12/2024;49;49;0;0
BILAC;01/2024;36;35;0;0
BILAC;02/2024;36;35;0;0
BILAC;03/2024;36;35;0;0
BILAC;04/2024;36;35;0;0
BILAC;05/2024;36;35;0;0
BILAC;06/2024;36;35;0;0
BILAC;07/2024;36;35;0;0
BILAC;08/2024;36;35;0;0
BILAC;09/2024;36;35;0;0
BILAC;10/2024;36;35;0;0
BILAC;11/2024;36;35;0;0
BILAC;12/2024;36;35;0;0
BIRIGUI;01/2024;164;76;15;10
BIRIGUI;02/2024;164;76;15;10
BIRIGUI;03/2024;164;76;15;10
BIRIGUI;04/2024;164;76;15;10
BIRIGUI;05/2024;167;76;16;10
BIRIGUI;06/2024;167;76;16;10
BIRIGUI;07/2024;167;76;16;10
BIRIGUI;08/2024;167;76;16;10
BIRIGUI;09/2024;167;76;16;10
BIRIGUI;10/2024;167;76;16;10
BIRIGUI;11/2024;167;76;16;10
BIRIGUI;12/2024;167;76;16;10
BIRITIBA-MIRIM;02/2024;13;13;0;0
BIRITIBA-MIRIM;03/2024;13;13;0;0
BIRITIBA-MIRIM;04/2024;13;13;0;0
BIRITIBA-MIRIM;05/2024;13;13;0;0
BIRITIBA-MIRIM;06/2024;13;13;0;0
BIRITIBA-MIRIM;07/2024;13;13;0;0
BIRITIBA-MIRIM;08/2024;13;13;0;0
BIRITIBA-MIRIM;09/2024;13;13;0;0
BIRITIBA-MIRIM;10/2024;13;13;0;0
BIRITIBA-MIRIM;11/2024;13;13;0;0
BIRITIBA-MIRIM;12/2024;13;13;0;0
BOA ESPERANCA DO SUL;01/2024;16;15;0;0
BOA ESPERANCA DO SUL;02/2024;16;15;0;0
BOA ESPERANCA DO SUL;03/2024;16;15;0;0
BOA ESPERANCA DO SUL;04/2024;16;15;0;0
BOA ESPERANCA DO SUL;05/2024;16;15;0;0
BOA ESPERANCA DO SUL;06/2024;16;15;0;0
BOA ESPERANCA DO SUL;07/2024;16;15;0;0
BOA ESPERANCA DO SUL;08/2024;16;15;0;0
BOA ESPERANCA DO SUL;09/2024;16;15;0;0
BOA ESPERANCA DO SUL;10/2024;16;15;0;0
BOA ESPERANCA DO SUL;11/2024;16;15;0;0
BOA ESPERANCA DO SUL;12/2024;16;15;0;0
BOCAINA;01/2024;18;18;0;0
BOCAINA;02/2024;18;18;0;0
BOCAINA;03/2024;18;18;0;0
BOCAINA;04/2024;18;18;0;0
BOCAINA;05/2024;18;18;0;0
BOCAINA;06/2024;18;18;0;0
BOCAINA;07/2024;18;18;0;0
BOCAINA;08/2024;18;18;0;0
BOCAINA;09/2024;18;18;0;0
BOCAINA;10/2024;18;18;0;0
BOCAINA;11/2024;18;18;0;0
BOCAINA;12/2024;18;18;0;0
BOITUVA;01/2024;54;39;0;0
BOITUVA;02/2024;53;38;0;0
BOITUVA;03/2024;53;38;0;0
BOITUVA;04/2024;53;38;0;0
BOITUVA;05/2024;53;38;0;0
BOITUVA;06/2024;53;38;0;0
BOITUVA;07/2024;53;38;0;0
BOITUVA;08/2024;53;38;0;0
BOITUVA;09/2024;53;38;0;0
BOITUVA;10/2024;53;38;0;0
BOITUVA;11/2024;53;38;0;0
BOITUVA;12/2024;53;38;0;0
BOM JESUS DOS PERDOES;01/2024;13;13;0;0
BOM JESUS DOS PERDOES;02/2024;13;13;0;0
BOM JESUS DOS PERDOES;03/2024;13;13;0;0
BOM JESUS DOS PERDOES;04/2024;13;13;0;0
BOM JESUS DOS PERDOES;05/2024;13;13;0;0
BOM JESUS DOS PERDOES;06/2024;13;13;0;0
BOM JESUS DOS PERDOES;07/2024;13;13;0;0
BOM JESUS DOS PERDOES;08/2024;13;13;0;0
BOM JESUS DOS PERDOES;09/2024;13;13;0;0
BOM JESUS DOS PERDOES;10/2024;13;13;0;0
BOM JESUS DOS PERDOES;11/2024;13;13;0;0
BOM JESUS DOS PERDOES;12/2024;13;13;0;0
BORBOREMA;01/2024;26;16;0;0
BORBOREMA;02/2024;26;16;0;0
BORBOREMA;03/2024;26;16;0;0
BORBOREMA;04/2024;26;16;0;0
BORBOREMA;05/2024;26;16;0;0
BORBOREMA;06/2024;26;16;0;0
BORBOREMA;07/2024;26;16;0;0
BORBOREMA;08/2024;26;16;0;0
BORBOREMA;09/2024;26;16;0;0
BORBOREMA;10/2024;26;16;0;0
BORBOREMA;11/2024;26;16;0;0
BORBOREMA;12/2024;26;16;0;0
BOTUCATU;01/2024;935;605;91;74
BOTUCATU;02/2024;935;605;91;74
BOTUCATU;03/2024;935;605;91;74
BOTUCATU;04/2024;935;605;91;74
BOTUCATU;05/2024;935;605;91;74
BOTUCATU;06/2024;935;605;91;74
BOTUCATU;07/2024;935;605;91;74
BOTUCATU;08/2024;935;605;91;74
BOTUCATU;09/2024;935;605;91;74
BOTUCATU;10/2024;935;605;91;74
BOTUCATU;11/2024;935;605;91;74
BOTUCATU;12/2024;935;605;91;74
BRAGANCA PAULISTA;01/2024;438;232;74;39
BRAGANCA PAULISTA;02/2024;433;231;74;39
BRAGANCA PAULISTA;03/2024;438;231;74;39
BRAGANCA PAULISTA;04/2024;438;231;74;39
BRAGANCA PAULISTA;05/2024;438;231;74;39
BRAGANCA PAULISTA;06/2024;438;231;74;39
BRAGANCA PAULISTA;07/2024;438;231;74;39
BRAGANCA PAULISTA;08/2024;438;231;74;39
BRAGANCA PAULISTA;09/2024;453;231;89;39
BRAGANCA PAULISTA;10/2024;453;231;89;39
BRAGANCA PAULISTA;11/2024;453;231;89;39
BRAGANCA PAULISTA;12/2024;453;231;89;39
BROTAS;01/2024;42;36;0;0
BROTAS;02/2024;42;36;0;0
BROTAS;03/2024;42;36;0;0
BROTAS;04/2024;42;36;0;0
BROTAS;05/2024;42;36;0;0
BROTAS;06/2024;42;36;0;0
BROTAS;07/2024;42;36;0;0
BROTAS;08/2024;42;36;0;0
BROTAS;09/2024;42;36;0;0
BROTAS;10/2024;42;36;0;0
BROTAS;11/2024;42;36;0;0
BROTAS;12/2024;42;36;0;0
BURITAMA;01/2024;36;27;0;0
BURITAMA;02/2024;36;27;0;0
BURITAMA;03/2024;36;27;0;0
BURITAMA;04/2024;36;27;0;0
BURITAMA;05/2024;36;27;0;0
BURITAMA;06/2024;36;26;0;0
BURITAMA;07/2024;36;26;0;0
BURITAMA;08/2024;36;26;0;0
BURITAMA;09/2024;36;26;0;0
BURITAMA;10/2024;36;26;0;0
BURITAMA;11/2024;36;26;0;0
BURITAMA;12/2024;36;26;0;0
CABREUVA;01/2024;66;15;0;0
CABREUVA;02/2024;66;15;0;0
CABREUVA;03/2024;66;15;0;0
CABREUVA;04/2024;66;15;0;0
CABREUVA;05/2024;66;15;0;0
CABREUVA;06/2024;66;15;0;0
CABREUVA;07/2024;66;15;0;0
CABREUVA;08/2024;66;15;0;0
CABREUVA;09/2024;66;15;0;0
CABREUVA;10/2024;66;15;0;0
CABREUVA;11/2024;66;15;0;0
CABREUVA;12/2024;66;15;0;0
CACAPAVA;01/2024;206;92;10;10
CACAPAVA;02/2024;206;92;10;10
CACAPAVA;03/2024;189;74;10;10
CACAPAVA;04/2024;200;85;10;10
CACAPAVA;05/2024;135;85;10;10
CACAPAVA;06/2024;135;85;10;10
CACAPAVA;07/2024;135;85;10;10
CACAPAVA;08/2024;121;71;10;10
CACAPAVA;09/2024;121;71;10;10
CACAPAVA;10/2024;121;71;10;10
CACAPAVA;11/2024;121;71;10;10
CACAPAVA;12/2024;121;71;10;10
CACHOEIRA PAULISTA;01/2024;32;32;0;0
CACHOEIRA PAULISTA;02/2024;32;32;0;0
CACHOEIRA PAULISTA;03/2024;32;32;0;0
CACHOEIRA PAULISTA;04/2024;32;32;0;0
CACHOEIRA PAULISTA;05/2024;32;32;0;0
CACHOEIRA PAULISTA;06/2024;32;32;0;0
CACHOEIRA PAULISTA;07/2024;32;32;0;0
CACHOEIRA PAULISTA;08/2024;31;31;0;0
CACHOEIRA PAULISTA;09/2024;31;31;0;0
CACHOEIRA PAULISTA;10/2024;31;31;0;0
CACHOEIRA PAULISTA;11/2024;31;31;0;0
CACHOEIRA PAULISTA;12/2024;31;31;0;0
CACONDE;01/2024;50;50;0;0
CACONDE;02/2024;50;50;0;0
CACONDE;03/2024;50;50;0;0
CACONDE;04/2024;50;50;0;0
CACONDE;05/2024;50;50;0;0
CACONDE;06/2024;53;53;0;0
CACONDE;07/2024;53;53;0;0
CACONDE;08/2024;53;53;0;0
CACONDE;09/2024;53;53;0;0
CACONDE;10/2024;53;53;0;0
CACONDE;11/2024;53;53;0;0
CACONDE;12/2024;53;53;0;0
CAFELANDIA;01/2024;45;34;0;0
CAFELANDIA;02/2024;45;34;0;0
CAFELANDIA;03/2024;45;34;0;0
CAFELANDIA;04/2024;45;34;0;0
CAFELANDIA;05/2024;45;34;0;0
CAFELANDIA;06/2024;45;34;0;0
CAFELANDIA;07/2024;45;34;0;0
CAFELANDIA;08/2024;45;34;0;0
CAFELANDIA;09/2024;45;34;0;0
CAFELANDIA;10/2024;45;34;0;0
CAFELANDIA;11/2024;45;34;0;0
CAFELANDIA;12/2024;45;34;0;0
CAIEIRAS;01/2024;143;86;14;6
CAIEIRAS;02/2024;143;86;14;6
CAIEIRAS;03/2024;143;86;14;6
CAIEIRAS;04/2024;151;86;14;6
CAIEIRAS;05/2024;151;86;14;6
CAIEIRAS;06/2024;151;86;14;6
CAIEIRAS;07/2024;151;86;14;6
CAIEIRAS;08/2024;166;101;14;6
CAIEIRAS;09/2024;166;101;14;6
CAIEIRAS;10/2024;166;101;14;6
CAIEIRAS;11/2024;166;101;14;6
CAIEIRAS;12/2024;166;101;14;6
CAJAMAR;01/2024;51;41;10;0
CAJAMAR;02/2024;51;41;10;0
CAJAMAR;03/2024;51;41;10;0
CAJAMAR;04/2024;51;41;10;0
CAJAMAR;05/2024;51;41;10;0
CAJAMAR;06/2024;51;41;10;0
CAJAMAR;07/2024;51;41;10;0
CAJAMAR;08/2024;51;41;10;0
CAJAMAR;09/2024;51;41;10;0
CAJAMAR;10/2024;51;41;10;0
CAJAMAR;11/2024;51;41;10;0
CAJAMAR;12/2024;51;41;10;0
CAJOBI;01/2024;32;21;0;0
CAJOBI;02/2024;32;21;0;0
CAJOBI;03/2024;32;21;0;0
CAJOBI;04/2024;32;21;0;0
CAJOBI;05/2024;32;27;0;0
CAJOBI;06/2024;32;27;0;0
CAJOBI;07/2024;32;27;0;0
CAJOBI;08/2024;32;27;0;0
CAJOBI;09/2024;32;27;0;0
CAJOBI;10/2024;32;27;0;0
CAJOBI;11/2024;32;27;0;0
CAJOBI;12/2024;32;27;0;0
CAJURU;01/2024;73;55;0;0
CAJURU;02/2024;73;55;0;0
CAJURU;03/2024;73;55;0;0
CAJURU;04/2024;73;55;0;0
CAJURU;05/2024;73;55;0;0
CAJURU;06/2024;73;55;0;0
CAJURU;07/2024;73;55;0;0
CAJURU;08/2024;73;55;0;0
CAJURU;09/2024;73;55;0;0
CAJURU;10/2024;73;55;0;0
CAJURU;11/2024;73;55;0;0
CAJURU;12/2024;73;55;0;0
CAMPINAS;01/2024;3437;1591;747;292
CAMPINAS;02/2024;3453;1597;757;292
CAMPINAS;03/2024;3440;1594;744;289
CAMPINAS;04/2024;3440;1595;744;289
CAMPINAS;05/2024;3443;1600;747;289
CAMPINAS;06/2024;3466;1614;749;289
CAMPINAS;07/2024;3497;1614;749;289
CAMPINAS;08/2024;3497;1612;749;289
CAMPINAS;09/2024;3499;1612;751;289
CAMPINAS;10/2024;3499;1612;751;289
CAMPINAS;11/2024;3502;1612;747;289
CAMPINAS;12/2024;3502;1612;747;289
CAMPO LIMPO PAULISTA;01/2024;66;66;10;10
CAMPO LIMPO PAULISTA;02/2024;66;66;10;10
CAMPO LIMPO PAULISTA;03/2024;66;66;10;10
CAMPO LIMPO PAULISTA;04/2024;66;66;10;10
CAMPO LIMPO PAULISTA;05/2024;66;66;10;10
CAMPO LIMPO PAULISTA;06/2024;66;66;10;10
CAMPO LIMPO PAULISTA;07/2024;66;66;10;10
CAMPO LIMPO PAULISTA;08/2024;66;66;10;10
CAMPO LIMPO PAULISTA;09/2024;66;66;10;10
CAMPO LIMPO PAULISTA;10/2024;66;66;10;10
CAMPO LIMPO PAULISTA;11/2024;66;66;10;10
CAMPO LIMPO PAULISTA;12/2024;66;66;10;10
CAMPOS DO JORDAO;01/2024;195;185;0;0
CAMPOS DO JORDAO;02/2024;195;185;0;0
CAMPOS DO JORDAO;03/2024;195;185;0;0
CAMPOS DO JORDAO;04/2024;195;185;0;0
CAMPOS DO JORDAO;05/2024;195;185;0;0
CAMPOS DO JORDAO;06/2024;195;185;0;0
CAMPOS DO JORDAO;07/2024;195;185;0;0
CAMPOS DO JORDAO;08/2024;195;185;0;0
CAMPOS DO JORDAO;09/2024;195;185;0;0
CAMPOS DO JORDAO;10/2024;195;185;0;0
CAMPOS DO JORDAO;11/2024;195;185;0;0
CAMPOS DO JORDAO;12/2024;195;185;0;0
CANDIDO MOTA;01/2024;30;25;0;0
CANDIDO MOTA;02/2024;30;25;0;0
CANDIDO MOTA;03/2024;30;25;0;0
CANDIDO MOTA;04/2024;30;25;0;0
CANDIDO MOTA;05/2024;30;25;0;0
CANDIDO MOTA;06/2024;30;25;0;0
CANDIDO MOTA;07/2024;30;25;0;0
CANDIDO MOTA;08/2024;30;25;0;0
CANDIDO MOTA;09/2024;30;25;0;0
CANDIDO MOTA;10/2024;30;25;0;0
CANDIDO MOTA;11/2024;30;25;0;0
CANDIDO MOTA;12/2024;30;25;0;0
CAPAO BONITO;01/2024;63;55;10;10
CAPAO BONITO;02/2024;63;55;10;10
CAPAO BONITO;03/2024;63;55;10;10
CAPAO BONITO;04/2024;63;55;10;10
CAPAO BONITO;05/2024;63;55;10;10
CAPAO BONITO;06/2024;63;55;10;10
CAPAO BONITO;07/2024;63;55;10;10
CAPAO BONITO;08/2024;63;55;10;10
CAPAO BONITO;09/2024;63;55;10;10
CAPAO BONITO;10/2024;63;55;10;10
CAPAO BONITO;11/2024;63;55;10;10
CAPAO BONITO;12/2024;63;55;10;10
CAPIVARI;01/2024;121;68;17;7
CAPIVARI;02/2024;121;68;17;7
CAPIVARI;03/2024;121;68;17;7
CAPIVARI;04/2024;121;68;17;7
CAPIVARI;05/2024;121;68;17;7
CAPIVARI;06/2024;121;68;17;7
CAPIVARI;07/2024;121;68;17;7
CAPIVARI;08/2024;121;68;17;7
CAPIVARI;09/2024;121;68;17;7
CAPIVARI;10/2024;121;68;17;7
CAPIVARI;11/2024;121;68;17;7
CAPIVARI;12/2024;121;68;17;7
CARAGUATATUBA;01/2024;382;322;70;70
CARAGUATATUBA;02/2024;382;322;70;70
CARAGUATATUBA;03/2024;382;322;70;70
CARAGUATATUBA;04/2024;382;322;70;70
CARAGUATATUBA;05/2024;382;322;70;70
CARAGUATATUBA;06/2024;382;322;70;70
CARAGUATATUBA;07/2024;382;322;70;70
CARAGUATATUBA;08/2024;382;322;70;70
CARAGUATATUBA;09/2024;382;322;70;70
CARAGUATATUBA;10/2024;382;322;70;70
CARAGUATATUBA;11/2024;382;322;70;70
CARAGUATATUBA;12/2024;382;322;70;70
CARAPICUIBA;01/2024;332;275;45;39
CARAPICUIBA;02/2024;332;275;45;39
CARAPICUIBA;03/2024;332;275;45;39
CARAPICUIBA;04/2024;332;275;45;39
CARAPICUIBA;05/2024;332;275;45;39
CARAPICUIBA;06/2024;319;275;53;39
CARAPICUIBA;07/2024;319;275;53;39
CARAPICUIBA;08/2024;316;275;53;39
CARAPICUIBA;09/2024;316;275;53;39
CARAPICUIBA;10/2024;316;275;53;39
CARAPICUIBA;11/2024;316;275;53;39
CARAPICUIBA;12/2024;316;275;53;39
CARDOSO;01/2024;31;10;0;0
CARDOSO;02/2024;31;10;0;0
CARDOSO;03/2024;31;10;0;0
CARDOSO;04/2024;31;10;0;0
CARDOSO;05/2024;31;10;0;0
CARDOSO;06/2024;31;10;0;0
CARDOSO;07/2024;31;10;0;0
CARDOSO;08/2024;31;10;0;0
CARDOSO;09/2024;31;10;0;0
CARDOSO;10/2024;31;10;0;0
CARDOSO;11/2024;31;10;0;0
CARDOSO;12/2024;31;10;0;0
CASA BRANCA;01/2024;401;393;0;0
CASA BRANCA;02/2024;401;393;0;0
CASA BRANCA;03/2024;401;393;0;0
CASA BRANCA;04/2024;401;393;0;0
CASA BRANCA;05/2024;401;393;0;0
CASA BRANCA;06/2024;401;393;0;0
CASA BRANCA;07/2024;401;393;0;0
CASA BRANCA;08/2024;401;393;0;0
CASA BRANCA;09/2024;242;234;0;0
CASA BRANCA;10/2024;242;234;0;0
CASA BRANCA;11/2024;242;234;0;0
CASA BRANCA;12/2024;242;234;0;0
CASTILHO;01/2024;31;30;0;0
CASTILHO;02/2024;31;30;0;0
CASTILHO;03/2024;31;30;0;0
CASTILHO;04/2024;31;30;0;0
CASTILHO;05/2024;31;30;0;0
CASTILHO;06/2024;31;30;0;0
CASTILHO;07/2024;31;30;0;0
CASTILHO;08/2024;31;30;0;0
CASTILHO;09/2024;31;30;0;0
CASTILHO;10/2024;31;30;0;0
CASTILHO;11/2024;31;30;0;0
CASTILHO;12/2024;31;30;0;0
CATANDUVA;01/2024;681;419;66;39
CATANDUVA;02/2024;681;419;66;39
CATANDUVA;03/2024;681;419;66;39
CATANDUVA;04/2024;681;419;66;39
CATANDUVA;05/2024;681;419;66;39
CATANDUVA;06/2024;681;419;64;39
CATANDUVA;07/2024;681;419;64;39
CATANDUVA;08/2024;681;419;64;39
CATANDUVA;09/2024;681;419;64;39
CATANDUVA;10/2024;681;419;64;39
CATANDUVA;11/2024;681;419;64;39
CATANDUVA;12/2024;681;419;64;39
CEDRAL;01/2024;60;0;0;0
CEDRAL;02/2024;60;0;0;0
CEDRAL;03/2024;60;0;0;0
CEDRAL;04/2024;60;0;0;0
CEDRAL;05/2024;60;0;0;0
CEDRAL;06/2024;60;0;0;0
CEDRAL;07/2024;60;0;0;0
CEDRAL;08/2024;60;0;0;0
CEDRAL;09/2024;60;0;0;0
CEDRAL;10/2024;60;0;0;0
CEDRAL;11/2024;60;0;0;0
CEDRAL;12/2024;60;0;0;0
CERQUEIRA CESAR;01/2024;38;35;0;0
CERQUEIRA CESAR;02/2024;38;35;0;0
CERQUEIRA CESAR;03/2024;38;35;0;0
CERQUEIRA CESAR;04/2024;38;35;0;0
CERQUEIRA CESAR;05/2024;38;35;0;0
CERQUEIRA CESAR;06/2024;38;35;0;0
CERQUEIRA CESAR;07/2024;40;37;0;0
CERQUEIRA CESAR;08/2024;40;37;0;0
CERQUEIRA CESAR;09/2024;40;37;0;0
CERQUEIRA CESAR;10/2024;40;37;0;0
CERQUEIRA CESAR;11/2024;40;37;0;0
CERQUEIRA CESAR;12/2024;40;37;0;0
CERQUILHO;01/2024;40;27;0;0
CERQUILHO;02/2024;40;27;0;0
CERQUILHO;03/2024;40;27;0;0
CERQUILHO;04/2024;40;27;0;0
CERQUILHO;05/2024;40;27;0;0
CERQUILHO;06/2024;40;27;0;0
CERQUILHO;07/2024;40;27;0;0
CERQUILHO;08/2024;40;27;0;0
CERQUILHO;09/2024;40;27;0;0
CERQUILHO;10/2024;40;27;0;0
CERQUILHO;11/2024;40;27;0;0
CERQUILHO;12/2024;40;27;0;0
CESARIO LANGE;01/2024;27;23;0;0
CESARIO LANGE;02/2024;27;23;0;0
CESARIO LANGE;03/2024;27;23;0;0
CESARIO LANGE;04/2024;27;23;0;0
CESARIO LANGE;05/2024;27;23;0;0
CESARIO LANGE;06/2024;27;23;0;0
CESARIO LANGE;07/2024;27;23;0;0
CESARIO LANGE;08/2024;27;23;0;0
CESARIO LANGE;09/2024;27;23;0;0
CESARIO LANGE;10/2024;27;23;0;0
CESARIO LANGE;11/2024;27;23;0;0
CESARIO LANGE;12/2024;27;23;0;0
CHARQUEADA;01/2024;33;26;0;0
CHARQUEADA;02/2024;36;26;0;0
CHARQUEADA;03/2024;33;26;0;0
CHARQUEADA;04/2024;33;26;0;0
CHARQUEADA;05/2024;33;26;0;0
CHARQUEADA;06/2024;33;26;0;0
CHARQUEADA;07/2024;33;26;0;0
CHARQUEADA;08/2024;33;26;0;0
CHARQUEADA;09/2024;33;26;0;0
CHARQUEADA;10/2024;33;26;0;0
CHARQUEADA;11/2024;35;26;0;0
CHARQUEADA;12/2024;35;26;0;0
CHAVANTES;01/2024;51;30;0;0
CHAVANTES;02/2024;51;30;0;0
CHAVANTES;03/2024;51;30;0;0
CHAVANTES;04/2024;51;30;0;0
CHAVANTES;05/2024;51;30;0;0
CHAVANTES;06/2024;51;30;0;0
CHAVANTES;07/2024;51;30;0;0
CHAVANTES;08/2024;51;30;0;0
CHAVANTES;09/2024;51;30;0;0
CHAVANTES;10/2024;51;30;0;0
CHAVANTES;11/2024;51;30;0;0
CHAVANTES;12/2024;51;30;0;0
CLEMENTINA;01/2024;24;21;0;0
CLEMENTINA;02/2024;24;21;0;0
CLEMENTINA;03/2024;24;21;0;0
CLEMENTINA;04/2024;24;21;0;0
CLEMENTINA;05/2024;24;21;0;0
CLEMENTINA;06/2024;24;21;0;0
CLEMENTINA;07/2024;24;21;0;0
CLEMENTINA;08/2024;24;21;0;0
CLEMENTINA;09/2024;24;21;0;0
CLEMENTINA;10/2024;24;21;0;0
CLEMENTINA;11/2024;24;21;0;0
CLEMENTINA;12/2024;24;21;0;0
COLINA;01/2024;64;51;10;10
COLINA;02/2024;64;51;10;10
COLINA;03/2024;64;51;10;10
COLINA;04/2024;64;51;10;10
COLINA;05/2024;64;51;10;10
COLINA;06/2024;64;51;10;10
COLINA;07/2024;64;51;10;10
COLINA;08/2024;64;51;10;10
COLINA;09/2024;64;51;10;10
COLINA;10/2024;64;51;10;10
COLINA;11/2024;64;51;10;10
COLINA;12/2024;64;51;10;10
COLOMBIA;01/2024;20;20;0;0
COLOMBIA;02/2024;20;20;0;0
COLOMBIA;03/2024;20;20;0;0
COLOMBIA;04/2024;20;20;0;0
COLOMBIA;05/2024;20;20;0;0
COLOMBIA;06/2024;20;20;0;0
COLOMBIA;07/2024;20;20;0;0
COLOMBIA;08/2024;20;20;0;0
COLOMBIA;09/2024;20;20;0;0
COLOMBIA;10/2024;20;20;0;0
COLOMBIA;11/2024;20;20;0;0
COLOMBIA;12/2024;20;20;0;0
CONCHAL;01/2024;52;40;0;0
CONCHAL;02/2024;52;40;0;0
CONCHAL;03/2024;52;40;0;0
CONCHAL;04/2024;52;40;0;0
CONCHAL;05/2024;52;40;0;0
CONCHAL;06/2024;50;40;0;0
CONCHAL;07/2024;50;40;0;0
CONCHAL;08/2024;50;40;0;0
CONCHAL;09/2024;50;40;0;0
CONCHAL;10/2024;50;40;0;0
CONCHAL;11/2024;50;40;0;0
CONCHAL;12/2024;50;40;0;0
CONCHAS;01/2024;15;14;0;0
CONCHAS;02/2024;15;14;0;0
CONCHAS;03/2024;15;14;0;0
CONCHAS;04/2024;15;14;0;0
CONCHAS;05/2024;15;14;0;0
CONCHAS;06/2024;15;14;0;0
CONCHAS;07/2024;15;14;0;0
CONCHAS;08/2024;15;14;0;0
CONCHAS;09/2024;15;14;0;0
CONCHAS;10/2024;15;14;0;0
CONCHAS;11/2024;15;14;0;0
CONCHAS;12/2024;15;14;0;0
CORONEL MACEDO;01/2024;2;2;0;0
CORONEL MACEDO;02/2024;2;2;0;0
CORONEL MACEDO;03/2024;2;2;0;0
CORONEL MACEDO;04/2024;2;2;0;0
CORONEL MACEDO;05/2024;2;2;0;0
CORONEL MACEDO;06/2024;2;2;0;0
CORONEL MACEDO;07/2024;2;2;0;0
CORONEL MACEDO;08/2024;2;2;0;0
CORONEL MACEDO;09/2024;2;2;0;0
CORONEL MACEDO;10/2024;2;2;0;0
CORONEL MACEDO;11/2024;2;2;0;0
CORONEL MACEDO;12/2024;2;2;0;0
CORUMBATAI;01/2024;2;2;0;0
CORUMBATAI;02/2024;2;2;0;0
CORUMBATAI;03/2024;2;2;0;0
CORUMBATAI;04/2024;2;2;0;0
CORUMBATAI;05/2024;2;2;0;0
CORUMBATAI;06/2024;2;2;0;0
CORUMBATAI;07/2024;2;2;0;0
CORUMBATAI;08/2024;2;2;0;0
CORUMBATAI;09/2024;2;2;0;0
CORUMBATAI;10/2024;2;2;0;0
CORUMBATAI;11/2024;2;2;0;0
CORUMBATAI;12/2024;2;2;0;0
COSMOPOLIS;01/2024;81;43;10;5
COSMOPOLIS;02/2024;81;43;10;5
COSMOPOLIS;03/2024;81;43;10;5
COSMOPOLIS;04/2024;81;43;10;5
COSMOPOLIS;05/2024;81;49;10;5
COSMOPOLIS;06/2024;81;49;10;5
COSMOPOLIS;07/2024;81;49;10;5
COSMOPOLIS;08/2024;81;49;10;5
COSMOPOLIS;09/2024;81;49;10;5
COSMOPOLIS;10/2024;81;49;10;5
COSMOPOLIS;11/2024;81;49;10;5
COSMOPOLIS;12/2024;81;49;10;5
COTIA;01/2024;653;165;92;26
COTIA;02/2024;653;165;92;26
COTIA;03/2024;689;165;93;26
COTIA;04/2024;689;165;93;26
COTIA;05/2024;689;165;93;26
COTIA;06/2024;689;165;93;26
COTIA;07/2024;689;165;93;26
COTIA;08/2024;517;165;93;26
COTIA;09/2024;517;165;93;26
COTIA;10/2024;517;165;93;26
COTIA;11/2024;558;165;93;26
COTIA;12/2024;558;165;93;26
CRAVINHOS;01/2024;15;13;0;0
CRAVINHOS;02/2024;15;13;0;0
CRAVINHOS;03/2024;15;13;0;0
CRAVINHOS;04/2024;15;13;0;0
CRAVINHOS;05/2024;15;13;0;0
CRAVINHOS;06/2024;15;13;0;0
CRAVINHOS;07/2024;15;13;0;0
CRAVINHOS;08/2024;15;13;0;0
CRAVINHOS;09/2024;15;13;0;0
CRAVINHOS;10/2024;15;13;0;0
CRAVINHOS;11/2024;15;13;0;0
CRAVINHOS;12/2024;15;13;0;0
CRUZEIRO;01/2024;135;101;20;18
CRUZEIRO;02/2024;135;101;20;18
CRUZEIRO;03/2024;135;101;20;18
CRUZEIRO;04/2024;135;101;20;18
CRUZEIRO;05/2024;135;101;20;18
CRUZEIRO;06/2024;135;101;20;18
CRUZEIRO;07/2024;135;101;20;18
CRUZEIRO;08/2024;135;101;20;18
CRUZEIRO;09/2024;135;101;20;18
CRUZEIRO;10/2024;135;101;20;18
CRUZEIRO;11/2024;135;101;20;18
CRUZEIRO;12/2024;135;101;20;18
CUBATAO;01/2024;151;151;18;18
CUBATAO;02/2024;151;151;18;18
CUBATAO;03/2024;151;151;18;18
CUBATAO;04/2024;151;151;18;18
CUBATAO;05/2024;151;151;18;18
CUBATAO;06/2024;151;151;18;18
CUBATAO;07/2024;138;138;18;18
CUBATAO;08/2024;138;138;18;18
CUBATAO;09/2024;138;138;18;18
CUBATAO;10/2024;138;138;18;18
CUBATAO;11/2024;159;151;18;18
CUBATAO;12/2024;146;138;18;18
CUNHA;01/2024;40;25;0;0
CUNHA;02/2024;40;25;0;0
CUNHA;03/2024;40;25;0;0
CUNHA;04/2024;40;25;0;0
CUNHA;05/2024;40;25;0;0
CUNHA;06/2024;40;25;0;0
CUNHA;07/2024;40;25;0;0
CUNHA;08/2024;40;25;0;0
CUNHA;09/2024;40;25;0;0
CUNHA;10/2024;40;25;0;0
CUNHA;11/2024;40;25;0;0
CUNHA;12/2024;40;25;0;0
DESCALVADO;01/2024;40;25;0;0
DESCALVADO;02/2024;40;25;0;0
DESCALVADO;03/2024;40;25;0;0
DESCALVADO;04/2024;40;25;0;0
DESCALVADO;05/2024;40;25;0;0
DESCALVADO;06/2024;40;25;0;0
DESCALVADO;07/2024;40;25;0;0
DESCALVADO;08/2024;40;25;0;0
DESCALVADO;09/2024;40;25;0;0
DESCALVADO;10/2024;40;25;0;0
DESCALVADO;11/2024;40;25;0;0
DESCALVADO;12/2024;40;25;0;0
DIADEMA;01/2024;657;597;91;70
DIADEMA;02/2024;657;597;91;70
DIADEMA;03/2024;657;597;91;70
DIADEMA;04/2024;604;544;91;70
DIADEMA;05/2024;626;566;91;70
DIADEMA;06/2024;626;566;91;70
DIADEMA;07/2024;626;566;91;70
DIADEMA;08/2024;633;573;91;70
DIADEMA;09/2024;572;512;91;70
DIADEMA;10/2024;558;498;91;70
DIADEMA;11/2024;558;498;91;70
DIADEMA;12/2024;558;498;91;70
DIVINOLANDIA;01/2024;186;186;0;0
DIVINOLANDIA;02/2024;186;186;0;0
DIVINOLANDIA;03/2024;186;186;0;0
DIVINOLANDIA;04/2024;186;186;0;0
DIVINOLANDIA;05/2024;186;186;0;0
DIVINOLANDIA;06/2024;186;186;0;0
DIVINOLANDIA;07/2024;186;186;0;0
DIVINOLANDIA;08/2024;186;186;0;0
DIVINOLANDIA;09/2024;186;186;0;0
DIVINOLANDIA;10/2024;186;186;0;0
DIVINOLANDIA;11/2024;186;186;0;0
DIVINOLANDIA;12/2024;186;186;0;0
DOIS CORREGOS;01/2024;67;47;0;0
DOIS CORREGOS;02/2024;67;47;0;0
DOIS CORREGOS;03/2024;67;47;0;0
DOIS CORREGOS;04/2024;67;47;0;0
DOIS CORREGOS;05/2024;67;47;0;0
DOIS CORREGOS;06/2024;67;47;0;0
DOIS CORREGOS;07/2024;67;47;0;0
DOIS CORREGOS;08/2024;67;47;0;0
DOIS CORREGOS;09/2024;67;47;0;0
DOIS CORREGOS;10/2024;67;47;0;0
DOIS CORREGOS;11/2024;67;47;0;0
DOIS CORREGOS;12/2024;67;47;0;0
DOURADO;01/2024;18;18;0;0
DOURADO;02/2024;18;18;0;0
DOURADO;03/2024;18;18;0;0
DOURADO;04/2024;12;12;0;0
DOURADO;05/2024;12;12;0;0
DOURADO;06/2024;12;12;0;0
DOURADO;07/2024;12;12;0;0
DOURADO;08/2024;12;12;0;0
DOURADO;09/2024;12;12;0;0
DOURADO;10/2024;12;12;0;0
DOURADO;11/2024;12;12;0;0
DOURADO;12/2024;12;12;0;0
DRACENA;01/2024;163;128;20;20
DRACENA;02/2024;163;128;20;20
DRACENA;03/2024;163;128;20;20
DRACENA;04/2024;163;128;20;20
DRACENA;05/2024;163;128;20;20
DRACENA;06/2024;163;128;20;20
DRACENA;07/2024;163;128;20;20
DRACENA;08/2024;163;128;20;20
DRACENA;09/2024;163;128;20;20
DRACENA;10/2024;163;128;20;20
DRACENA;11/2024;163;128;20;20
DRACENA;12/2024;163;128;20;20
DUARTINA;01/2024;87;77;0;0
DUARTINA;02/2024;87;77;0;0
DUARTINA;03/2024;87;77;0;0
DUARTINA;04/2024;87;77;0;0
DUARTINA;05/2024;87;77;0;0
DUARTINA;06/2024;87;77;0;0
DUARTINA;07/2024;87;77;0;0
DUARTINA;08/2024;87;77;0;0
DUARTINA;09/2024;87;77;0;0
DUARTINA;10/2024;87;77;0;0
DUARTINA;11/2024;87;77;0;0
DUARTINA;12/2024;87;77;0;0
ELDORADO;01/2024;2;2;0;0
ELDORADO;02/2024;2;2;0;0
ELDORADO;03/2024;2;2;0;0
ELDORADO;04/2024;2;2;0;0
ELDORADO;05/2024;2;2;0;0
ELDORADO;06/2024;2;2;0;0
ELDORADO;07/2024;2;2;0;0
ELDORADO;08/2024;2;2;0;0
ELDORADO;09/2024;2;2;0;0
ELDORADO;10/2024;2;2;0;0
ELDORADO;11/2024;2;2;0;0
ELDORADO;12/2024;2;2;0;0
ELIAS FAUSTO;01/2024;6;6;0;0
ELIAS FAUSTO;02/2024;6;6;0;0
ELIAS FAUSTO;03/2024;6;6;0;0
ELIAS FAUSTO;04/2024;6;6;0;0
ELIAS FAUSTO;05/2024;6;6;0;0
ELIAS FAUSTO;06/2024;6;6;0;0
ELIAS FAUSTO;07/2024;6;6;0;0
ELIAS FAUSTO;08/2024;6;6;0;0
ELIAS FAUSTO;09/2024;6;6;0;0
ELIAS FAUSTO;10/2024;6;6;0;0
ELIAS FAUSTO;11/2024;6;6;0;0
ELIAS FAUSTO;12/2024;6;6;0;0
EMBU DAS ARTES;01/2024;249;99;10;10
EMBU DAS ARTES;02/2024;249;99;10;10
EMBU DAS ARTES;03/2024;249;99;10;10
EMBU DAS ARTES;04/2024;249;99;10;10
EMBU DAS ARTES;05/2024;249;99;10;10
EMBU DAS ARTES;06/2024;249;99;10;10
EMBU DAS ARTES;07/2024;249;99;10;10
EMBU DAS ARTES;08/2024;249;99;10;10
EMBU DAS ARTES;09/2024;264;99;10;10
EMBU DAS ARTES;10/2024;264;99;10;10
EMBU DAS ARTES;11/2024;114;99;10;10
EMBU DAS ARTES;12/2024;109;99;10;10
EMBU-GUACU;01/2024;15;15;0;0
EMBU-GUACU;02/2024;15;15;0;0
EMBU-GUACU;03/2024;15;15;0;0
EMBU-GUACU;04/2024;15;15;0;0
EMBU-GUACU;05/2024;15;15;0;0
EMBU-GUACU;06/2024;15;15;0;0
EMBU-GUACU;07/2024;15;15;0;0
EMBU-GUACU;08/2024;15;15;0;0
EMBU-GUACU;09/2024;15;15;0;0
EMBU-GUACU;10/2024;15;15;0;0
EMBU-GUACU;11/2024;15;15;0;0
EMBU-GUACU;12/2024;15;15;0;0
ESPIRITO SANTO DO PINHAL;01/2024;425;346;10;10
ESPIRITO SANTO DO PINHAL;02/2024;425;346;10;10
ESPIRITO SANTO DO PINHAL;03/2024;425;346;10;10
ESPIRITO SANTO DO PINHAL;04/2024;425;346;10;10
ESPIRITO SANTO DO PINHAL;05/2024;425;346;10;10
ESPIRITO SANTO DO PINHAL;06/2024;425;346;10;10
ESPIRITO SANTO DO PINHAL;07/2024;425;346;10;10
ESPIRITO SANTO DO PINHAL;08/2024;425;346;10;10
ESPIRITO SANTO DO PINHAL;09/2024;413;334;10;10
ESPIRITO SANTO DO PINHAL;10/2024;706;627;10;10
ESPIRITO SANTO DO PINHAL;11/2024;706;627;10;10
ESPIRITO SANTO DO PINHAL;12/2024;706;627;10;10
ESTRELA D'OESTE;01/2024;51;45;0;0
ESTRELA D'OESTE;02/2024;51;45;0;0
ESTRELA D'OESTE;03/2024;51;45;0;0
ESTRELA D'OESTE;04/2024;51;45;0;0
ESTRELA D'OESTE;05/2024;51;45;0;0
ESTRELA D'OESTE;06/2024;51;45;0;0
ESTRELA D'OESTE;07/2024;51;45;0;0
ESTRELA D'OESTE;08/2024;51;12;0;0
ESTRELA D'OESTE;09/2024;51;12;0;0
ESTRELA D'OESTE;10/2024;51;12;0;0
ESTRELA D'OESTE;11/2024;51;12;0;0
ESTRELA D'OESTE;12/2024;51;12;0;0
FARTURA;01/2024;20;12;0;0
FARTURA;02/2024;20;12;0;0
FARTURA;03/2024;20;12;0;0
FARTURA;04/2024;20;12;0;0
FARTURA;05/2024;20;12;0;0
FARTURA;06/2024;20;12;0;0
FARTURA;07/2024;20;12;0;0
FARTURA;08/2024;20;12;0;0
FARTURA;09/2024;20;12;0;0
FARTURA;10/2024;20;12;0;0
FARTURA;11/2024;20;12;0;0
FARTURA;12/2024;20;12;0;0
FERNANDOPOLIS;01/2024;140;93;10;9
FERNANDOPOLIS;02/2024;140;93;10;9
FERNANDOPOLIS;03/2024;140;93;10;9
FERNANDOPOLIS;04/2024;140;93;10;9
FERNANDOPOLIS;05/2024;140;93;10;9
FERNANDOPOLIS;06/2024;140;93;10;9
FERNANDOPOLIS;07/2024;140;93;10;9
FERNANDOPOLIS;08/2024;140;93;10;9
FERNANDOPOLIS;09/2024;140;93;10;9
FERNANDOPOLIS;10/2024;140;93;10;9
FERNANDOPOLIS;11/2024;140;93;10;9
FERNANDOPOLIS;12/2024;140;93;10;9
FERRAZ DE VASCONCELOS;01/2024;266;236;43;30
FERRAZ DE VASCONCELOS;02/2024;266;236;43;30
FERRAZ DE VASCONCELOS;03/2024;266;236;43;30
FERRAZ DE VASCONCELOS;04/2024;266;236;43;30
FERRAZ DE VASCONCELOS;05/2024;266;236;43;30
FERRAZ DE VASCONCELOS;06/2024;266;236;43;30
FERRAZ DE VASCONCELOS;07/2024;266;236;43;30
FERRAZ DE VASCONCELOS;08/2024;266;236;43;30
FERRAZ DE VASCONCELOS;09/2024;266;236;43;30
FERRAZ DE VASCONCELOS;10/2024;266;236;43;30
FERRAZ DE VASCONCELOS;11/2024;266;236;43;30
FERRAZ DE VASCONCELOS;12/2024;266;236;43;30
FLORIDA PAULISTA;01/2024;47;30;0;0
FLORIDA PAULISTA;02/2024;47;30;0;0
FLORIDA PAULISTA;03/2024;47;30;0;0
FLORIDA PAULISTA;04/2024;47;30;0;0
FLORIDA PAULISTA;05/2024;47;30;0;0
FLORIDA PAULISTA;06/2024;47;30;0;0
FLORIDA PAULISTA;07/2024;47;30;0;0
FLORIDA PAULISTA;08/2024;47;30;0;0
FLORIDA PAULISTA;09/2024;47;30;0;0
FLORIDA PAULISTA;10/2024;47;30;0;0
FLORIDA PAULISTA;11/2024;47;30;0;0
FLORIDA PAULISTA;12/2024;47;30;0;0
FRANCA;01/2024;644;441;83;57
FRANCA;02/2024;644;441;83;57
FRANCA;03/2024;644;441;83;57
FRANCA;04/2024;644;441;83;57
FRANCA;05/2024;655;441;66;57
FRANCA;06/2024;655;441;66;57
FRANCA;07/2024;655;441;66;57
FRANCA;08/2024;655;441;66;57
FRANCA;09/2024;676;449;66;57
FRANCA;10/2024;682;449;71;57
FRANCA;11/2024;682;449;71;57
FRANCA;12/2024;682;449;71;57
FRANCISCO MORATO;01/2024;235;215;49;29
FRANCISCO MORATO;02/2024;235;215;49;29
FRANCISCO MORATO;03/2024;224;204;49;29
FRANCISCO MORATO;04/2024;224;204;49;29
FRANCISCO MORATO;05/2024;224;204;49;29
FRANCISCO MORATO;06/2024;224;204;49;29
FRANCISCO MORATO;07/2024;224;204;49;29
FRANCISCO MORATO;08/2024;224;204;49;29
FRANCISCO MORATO;09/2024;224;204;49;29
FRANCISCO MORATO;10/2024;224;204;49;29
FRANCISCO MORATO;11/2024;224;204;49;29
FRANCISCO MORATO;12/2024;224;204;49;29
FRANCO DA ROCHA;01/2024;282;203;44;20
FRANCO DA ROCHA;02/2024;282;203;44;20
FRANCO DA ROCHA;03/2024;282;203;44;20
FRANCO DA ROCHA;04/2024;282;203;44;20
FRANCO DA ROCHA;05/2024;282;203;44;20
FRANCO DA ROCHA;06/2024;282;203;44;20
FRANCO DA ROCHA;07/2024;279;200;44;20
FRANCO DA ROCHA;08/2024;279;200;44;20
FRANCO DA ROCHA;09/2024;279;200;44;20
FRANCO DA ROCHA;10/2024;279;200;44;20
FRANCO DA ROCHA;11/2024;279;200;44;20
FRANCO DA ROCHA;12/2024;279;200;44;20
GALIA;01/2024;45;27;0;0
GALIA;02/2024;45;27;0;0
GALIA;03/2024;45;27;0;0
GALIA;04/2024;45;27;0;0
GALIA;05/2024;45;27;0;0
GALIA;06/2024;45;27;0;0
GALIA;07/2024;45;27;0;0
GALIA;08/2024;45;27;0;0
GALIA;09/2024;45;27;0;0
GALIA;10/2024;45;27;0;0
GALIA;11/2024;45;27;0;0
GALIA;12/2024;45;27;0;0
GARCA;01/2024;271;244;10;10
GARCA;02/2024;271;244;10;10
GARCA;03/2024;271;244;10;10
GARCA;04/2024;271;244;10;10
GARCA;05/2024;271;244;10;10
GARCA;06/2024;271;244;10;10
GARCA;07/2024;271;244;10;10
GARCA;08/2024;271;225;10;10
GARCA;09/2024;271;225;10;10
GARCA;10/2024;271;225;10;10
GARCA;11/2024;271;225;10;10
GARCA;12/2024;271;225;10;10
GENERAL SALGADO;01/2024;28;19;0;0
GENERAL SALGADO;02/2024;28;19;0;0
GENERAL SALGADO;03/2024;28;19;0;0
GENERAL SALGADO;04/2024;28;19;0;0
GENERAL SALGADO;05/2024;28;19;0;0
GENERAL SALGADO;06/2024;28;19;0;0
GENERAL SALGADO;07/2024;28;19;0;0
GENERAL SALGADO;08/2024;28;19;0;0
GENERAL SALGADO;09/2024;28;19;0;0
GENERAL SALGADO;10/2024;28;19;0;0
GENERAL SALGADO;11/2024;28;19;0;0
GENERAL SALGADO;12/2024;28;19;0;0
GETULINA;01/2024;38;36;0;0
GETULINA;02/2024;38;36;0;0
GETULINA;03/2024;38;36;0;0
GETULINA;04/2024;38;36;0;0
GETULINA;05/2024;38;36;0;0
GETULINA;06/2024;38;36;0;0
GETULINA;07/2024;38;36;0;0
GETULINA;08/2024;38;36;0;0
GETULINA;09/2024;38;36;0;0
GETULINA;10/2024;38;36;0;0
GETULINA;11/2024;38;36;0;0
GETULINA;12/2024;38;36;0;0
GUAIRA;01/2024;81;63;10;10
GUAIRA;02/2024;81;63;10;10
GUAIRA;03/2024;81;63;10;10
GUAIRA;04/2024;61;48;10;10
GUAIRA;05/2024;61;48;10;10
GUAIRA;06/2024;61;48;10;10
GUAIRA;07/2024;61;48;10;10
GUAIRA;08/2024;61;48;10;10
GUAIRA;09/2024;61;48;10;10
GUAIRA;10/2024;61;48;10;10
GUAIRA;11/2024;61;48;10;10
GUAIRA;12/2024;61;48;10;10
GUAPIARA;07/2024;12;12;0;0
GUAPIARA;08/2024;12;12;0;0
GUAPIARA;09/2024;12;12;0;0
GUAPIARA;10/2024;12;12;0;0
GUAPIARA;11/2024;12;12;0;0
GUAPIARA;12/2024;12;12;0;0
GUARA;01/2024;60;52;0;0
GUARA;02/2024;50;46;0;0
GUARA;03/2024;50;46;0;0
GUARA;04/2024;50;46;0;0
GUARA;05/2024;50;46;0;0
GUARA;06/2024;50;46;0;0
GUARA;07/2024;50;46;0;0
GUARA;08/2024;50;46;0;0
GUARA;09/2024;50;46;0;0
GUARA;10/2024;50;46;0;0
GUARA;11/2024;50;46;0;0
GUARA;12/2024;50;46;0;0
GUARACAI;01/2024;23;15;0;0
GUARACAI;02/2024;23;15;0;0
GUARACAI;03/2024;23;15;0;0
GUARACAI;04/2024;23;15;0;0
GUARACAI;05/2024;23;15;0;0
GUARACAI;06/2024;23;15;0;0
GUARACAI;07/2024;23;15;0;0
GUARACAI;08/2024;23;15;0;0
GUARACAI;09/2024;23;15;0;0
GUARACAI;10/2024;23;15;0;0
GUARACAI;11/2024;23;15;0;0
GUARACAI;12/2024;23;15;0;0
GUARARAPES;01/2024;74;48;0;0
GUARARAPES;02/2024;74;48;0;0
GUARARAPES;03/2024;74;48;0;0
GUARARAPES;04/2024;74;48;0;0
GUARARAPES;05/2024;74;48;0;0
GUARARAPES;06/2024;74;48;0;0
GUARARAPES;07/2024;74;48;0;0
GUARARAPES;08/2024;74;48;0;0
GUARARAPES;09/2024;74;48;0;0
GUARARAPES;10/2024;74;48;0;0
GUARARAPES;11/2024;74;48;0;0
GUARARAPES;12/2024;74;48;0;0
GUARAREMA;01/2024;31;29;0;0
GUARAREMA;02/2024;31;29;0;0
GUARAREMA;03/2024;31;29;0;0
GUARAREMA;04/2024;31;29;0;0
GUARAREMA;05/2024;31;29;0;0
GUARAREMA;06/2024;31;29;0;0
GUARAREMA;07/2024;31;29;0;0
GUARAREMA;08/2024;31;29;0;0
GUARAREMA;09/2024;31;29;0;0
GUARAREMA;10/2024;31;29;0;0
GUARAREMA;11/2024;31;29;0;0
GUARAREMA;12/2024;31;29;0;0
GUARATINGUETA;01/2024;359;203;82;40
GUARATINGUETA;02/2024;359;203;82;40
GUARATINGUETA;03/2024;359;203;82;40
GUARATINGUETA;04/2024;359;203;82;40
GUARATINGUETA;05/2024;359;203;82;40
GUARATINGUETA;06/2024;359;203;82;40
GUARATINGUETA;07/2024;359;203;82;40
GUARATINGUETA;08/2024;359;203;82;40
GUARATINGUETA;09/2024;359;203;82;40
GUARATINGUETA;10/2024;359;203;82;40
GUARATINGUETA;11/2024;359;203;82;40
GUARATINGUETA;12/2024;359;203;82;40
GUARIBA;01/2024;61;53;0;0
GUARIBA;02/2024;61;53;0;0
GUARIBA;03/2024;61;53;0;0
GUARIBA;04/2024;61;53;0;0
GUARIBA;05/2024;61;53;0;0
GUARIBA;06/2024;61;53;0;0
GUARIBA;07/2024;61;53;0;0
GUARIBA;08/2024;61;53;0;0
GUARIBA;09/2024;61;53;0;0
GUARIBA;10/2024;61;53;0;0
GUARIBA;11/2024;61;53;0;0
GUARIBA;12/2024;61;53;0;0
GUARUJA;01/2024;543;369;93;62
GUARUJA;02/2024;543;369;93;62
GUARUJA;03/2024;543;369;93;62
GUARUJA;04/2024;543;369;93;62
GUARUJA;05/2024;560;369;94;62
GUARUJA;06/2024;560;369;94;62
GUARUJA;07/2024;560;369;94;62
GUARUJA;08/2024;562;422;94;62
GUARUJA;09/2024;564;428;100;62
GUARUJA;10/2024;564;428;100;62
GUARUJA;11/2024;539;409;88;62
GUARUJA;12/2024;539;409;88;62
GUARULHOS;01/2024;2275;1609;300;150
GUARULHOS;02/2024;2275;1609;300;150
GUARULHOS;03/2024;2275;1609;300;150
GUARULHOS;04/2024;2275;1609;300;150
GUARULHOS;05/2024;2241;1609;292;150
GUARULHOS;06/2024;2238;1619;292;150
GUARULHOS;07/2024;2249;1619;292;150
GUARULHOS;08/2024;2304;1619;311;150
GUARULHOS;09/2024;2304;1619;311;150
GUARULHOS;10/2024;2282;1597;311;150
GUARULHOS;11/2024;2282;1597;311;150
GUARULHOS;12/2024;2306;1597;311;150
HERCULANDIA;01/2024;58;58;0;0
HERCULANDIA;02/2024;58;58;0;0
HERCULANDIA;03/2024;58;58;0;0
HERCULANDIA;04/2024;58;58;0;0
HERCULANDIA;05/2024;58;58;0;0
HERCULANDIA;06/2024;58;58;0;0
HERCULANDIA;07/2024;58;58;0;0
HERCULANDIA;08/2024;58;58;0;0
HERCULANDIA;09/2024;58;58;0;0
HERCULANDIA;10/2024;58;58;0;0
HERCULANDIA;11/2024;58;58;0;0
HERCULANDIA;12/2024;58;58;0;0
HORTOLANDIA;01/2024;98;66;16;10
HORTOLANDIA;02/2024;98;66;16;10
HORTOLANDIA;03/2024;98;66;16;10
HORTOLANDIA;04/2024;98;66;16;10
HORTOLANDIA;05/2024;98;66;16;10
HORTOLANDIA;06/2024;98;66;16;10
HORTOLANDIA;07/2024;98;66;16;10
HORTOLANDIA;08/2024;98;66;16;10
HORTOLANDIA;09/2024;98;66;16;10
HORTOLANDIA;10/2024;98;66;16;10
HORTOLANDIA;11/2024;98;66;16;10
HORTOLANDIA;12/2024;98;66;16;10
IACANGA;01/2024;30;28;0;0
IACANGA;02/2024;30;28;0;0
IACANGA;03/2024;30;28;0;0
IACANGA;04/2024;30;28;0;0
IACANGA;05/2024;30;28;0;0
IACANGA;06/2024;30;28;0;0
IACANGA;07/2024;30;28;0;0
IACANGA;08/2024;30;28;0;0
IACANGA;09/2024;30;28;0;0
IACANGA;10/2024;30;28;0;0
IACANGA;11/2024;30;28;0;0
IACANGA;12/2024;30;28;0;0
IBATE;01/2024;27;27;0;0
IBATE;02/2024;27;27;0;0
IBATE;03/2024;27;27;0;0
IBATE;04/2024;27;27;0;0
IBATE;05/2024;27;27;0;0
IBATE;06/2024;27;27;0;0
IBATE;07/2024;27;27;0;0
IBATE;08/2024;27;27;0;0
IBATE;09/2024;27;27;0;0
IBATE;10/2024;27;27;0;0
IBATE;11/2024;27;27;0;0
IBATE;12/2024;27;27;0;0
IBIRA;01/2024;27;9;0;0
IBIRA;02/2024;27;9;0;0
IBIRA;03/2024;27;9;0;0
IBIRA;04/2024;27;9;0;0
IBIRA;05/2024;27;9;0;0
IBIRA;06/2024;27;9;0;0
IBIRA;07/2024;27;9;0;0
IBIRA;08/2024;27;9;0;0
IBIRA;09/2024;27;9;0;0
IBIRA;10/2024;27;9;0;0
IBIRA;11/2024;27;9;0;0
IBIRA;12/2024;27;9;0;0
IBITINGA;01/2024;114;58;10;9
IBITINGA;02/2024;114;58;10;9
IBITINGA;03/2024;114;58;10;9
IBITINGA;04/2024;119;58;15;9
IBITINGA;05/2024;119;58;15;9
IBITINGA;06/2024;119;58;15;9
IBITINGA;07/2024;114;58;10;9
IBITINGA;08/2024;114;58;10;9
IBITINGA;09/2024;114;58;10;9
IBITINGA;10/2024;114;66;10;9
IBITINGA;11/2024;114;66;10;9
IBITINGA;12/2024;114;66;10;9
IBIUNA;01/2024;201;70;0;0
IBIUNA;02/2024;201;70;0;0
IBIUNA;03/2024;201;70;0;0
IBIUNA;04/2024;201;70;0;0
IBIUNA;05/2024;201;70;0;0
IBIUNA;06/2024;201;70;0;0
IBIUNA;07/2024;201;70;0;0
IBIUNA;08/2024;201;70;0;0
IBIUNA;09/2024;201;70;0;0
IBIUNA;10/2024;201;70;0;0
IBIUNA;11/2024;201;70;0;0
IBIUNA;12/2024;201;70;0;0
IEPE;01/2024;18;18;0;0
IEPE;02/2024;18;18;0;0
IEPE;03/2024;18;18;0;0
IEPE;04/2024;18;18;0;0
IEPE;05/2024;18;18;0;0
IEPE;06/2024;18;18;0;0
IEPE;07/2024;18;18;0;0
IEPE;08/2024;18;18;0;0
IEPE;09/2024;18;18;0;0
IEPE;10/2024;18;18;0;0
IEPE;11/2024;18;18;0;0
IEPE;12/2024;18;18;0;0
IGARAPAVA;01/2024;44;33;0;0
IGARAPAVA;02/2024;44;33;0;0
IGARAPAVA;03/2024;44;33;0;0
IGARAPAVA;04/2024;44;33;0;0
IGARAPAVA;05/2024;44;33;0;0
IGARAPAVA;06/2024;44;33;0;0
IGARAPAVA;07/2024;44;33;0;0
IGARAPAVA;08/2024;44;33;0;0
IGARAPAVA;09/2024;44;33;0;0
IGARAPAVA;10/2024;44;33;0;0
IGARAPAVA;11/2024;44;33;0;0
IGARAPAVA;12/2024;44;33;0;0
IGARATA;01/2024;8;8;0;0
IGARATA;02/2024;8;8;0;0
IGARATA;03/2024;8;8;0;0
IGARATA;04/2024;8;8;0;0
IGARATA;05/2024;8;8;0;0
IGARATA;06/2024;8;8;0;0
IGARATA;07/2024;8;8;0;0
IGARATA;08/2024;8;8;0;0
IGARATA;09/2024;8;8;0;0
IGARATA;10/2024;8;8;0;0
IGARATA;11/2024;8;8;0;0
IGARATA;12/2024;8;8;0;0
ILHA SOLTEIRA;01/2024;123;85;10;8
ILHA SOLTEIRA;02/2024;123;85;10;8
ILHA SOLTEIRA;03/2024;123;85;10;8
ILHA SOLTEIRA;04/2024;123;85;10;8
ILHA SOLTEIRA;05/2024;123;85;10;8
ILHA SOLTEIRA;06/2024;123;85;10;8
ILHA SOLTEIRA;07/2024;123;85;10;8
ILHA SOLTEIRA;08/2024;123;85;10;8
ILHA SOLTEIRA;09/2024;123;85;10;8
ILHA SOLTEIRA;10/2024;82;76;10;8
ILHA SOLTEIRA;11/2024;82;76;10;8
ILHA SOLTEIRA;12/2024;82;76;10;8
ILHABELA;01/2024;47;47;6;6
ILHABELA;02/2024;47;47;6;6
ILHABELA;03/2024;47;47;6;6
ILHABELA;04/2024;47;47;6;6
ILHABELA;05/2024;47;47;6;6
ILHABELA;06/2024;47;47;6;6
ILHABELA;07/2024;47;47;6;6
ILHABELA;08/2024;47;47;6;6
ILHABELA;09/2024;47;47;6;6
ILHABELA;10/2024;47;47;6;6
ILHABELA;11/2024;47;47;6;6
ILHABELA;12/2024;47;47;6;6
INDAIATUBA;01/2024;505;292;73;36
INDAIATUBA;02/2024;505;292;73;36
INDAIATUBA;03/2024;505;292;73;36
INDAIATUBA;04/2024;505;292;73;36
INDAIATUBA;05/2024;505;292;73;36
INDAIATUBA;06/2024;505;295;73;36
INDAIATUBA;07/2024;505;295;73;36
INDAIATUBA;08/2024;505;295;73;36
INDAIATUBA;09/2024;505;295;73;36
INDAIATUBA;10/2024;505;295;73;36
INDAIATUBA;11/2024;505;295;73;36
INDAIATUBA;12/2024;505;295;73;36
INDIAPORA;01/2024;36;4;0;0
INDIAPORA;02/2024;36;4;0;0
INDIAPORA;03/2024;36;4;0;0
INDIAPORA;04/2024;36;4;0;0
INDIAPORA;05/2024;36;4;0;0
INDIAPORA;06/2024;36;4;0;0
INDIAPORA;07/2024;36;4;0;0
INDIAPORA;08/2024;36;4;0;0
INDIAPORA;09/2024;36;4;0;0
INDIAPORA;10/2024;36;4;0;0
INDIAPORA;11/2024;36;4;0;0
INDIAPORA;12/2024;36;4;0;0
IPAUSSU;01/2024;49;28;0;0
IPAUSSU;02/2024;49;28;0;0
IPAUSSU;03/2024;49;28;0;0
IPAUSSU;04/2024;49;28;0;0
IPAUSSU;05/2024;49;28;0;0
IPAUSSU;06/2024;49;28;0;0
IPAUSSU;07/2024;49;28;0;0
IPAUSSU;08/2024;49;28;0;0
IPAUSSU;09/2024;49;28;0;0
IPAUSSU;10/2024;49;28;0;0
IPAUSSU;11/2024;49;28;0;0
IPAUSSU;12/2024;49;28;0;0
IPERO;01/2024;15;15;0;0
IPERO;02/2024;15;15;0;0
IPERO;03/2024;15;15;0;0
IPERO;04/2024;15;15;0;0
IPERO;05/2024;15;15;0;0
IPERO;06/2024;15;15;0;0
IPERO;07/2024;15;15;0;0
IPERO;08/2024;15;15;0;0
IPERO;09/2024;15;15;0;0
IPERO;10/2024;15;15;0;0
IPERO;11/2024;15;15;0;0
IPERO;12/2024;15;15;0;0
IPUA;01/2024;50;43;0;0
IPUA;02/2024;50;43;0;0
IPUA;03/2024;50;43;0;0
IPUA;04/2024;50;43;0;0
IPUA;05/2024;50;43;0;0
IPUA;06/2024;50;43;0;0
IPUA;07/2024;50;43;0;0
IPUA;08/2024;50;43;0;0
IPUA;09/2024;50;43;0;0
IPUA;10/2024;50;43;0;0
IPUA;11/2024;54;43;0;0
IPUA;12/2024;50;39;0;0
IRACEMAPOLIS;01/2024;3;3;0;0
IRACEMAPOLIS;02/2024;3;3;0;0
IRACEMAPOLIS;03/2024;3;3;0;0
IRACEMAPOLIS;04/2024;3;3;0;0
IRACEMAPOLIS;05/2024;3;3;0;0
IRACEMAPOLIS;06/2024;3;3;0;0
IRACEMAPOLIS;07/2024;3;3;0;0
IRACEMAPOLIS;08/2024;3;3;0;0
IRACEMAPOLIS;09/2024;3;3;0;0
IRACEMAPOLIS;10/2024;3;3;0;0
IRACEMAPOLIS;11/2024;3;3;0;0
IRACEMAPOLIS;12/2024;3;3;0;0
ITABERA;01/2024;19;19;0;0
ITABERA;02/2024;19;19;0;0
ITABERA;03/2024;19;19;0;0
ITABERA;04/2024;19;19;0;0
ITABERA;05/2024;19;19;0;0
ITABERA;06/2024;19;19;0;0
ITABERA;07/2024;19;19;0;0
ITABERA;08/2024;19;19;0;0
ITABERA;09/2024;19;19;0;0
ITABERA;10/2024;19;19;0;0
ITABERA;11/2024;19;19;0;0
ITABERA;12/2024;19;19;0;0
ITAI;01/2024;33;33;0;0
ITAI;02/2024;33;33;0;0
ITAI;03/2024;35;35;0;0
ITAI;04/2024;35;35;0;0
ITAI;05/2024;35;35;0;0
ITAI;06/2024;35;35;0;0
ITAI;07/2024;35;35;0;0
ITAI;08/2024;37;35;0;0
ITAI;09/2024;37;35;0;0
ITAI;10/2024;37;35;0;0
ITAI;11/2024;37;35;0;0
ITAI;12/2024;37;35;0;0
ITAJOBI;01/2024;50;35;0;0
ITAJOBI;02/2024;50;35;0;0
ITAJOBI;03/2024;50;35;0;0
ITAJOBI;04/2024;50;35;0;0
ITAJOBI;05/2024;50;35;0;0
ITAJOBI;06/2024;50;35;0;0
ITAJOBI;07/2024;50;35;0;0
ITAJOBI;08/2024;50;35;0;0
ITAJOBI;09/2024;50;35;0;0
ITAJOBI;10/2024;50;35;0;0
ITAJOBI;11/2024;50;35;0;0
ITAJOBI;12/2024;50;35;0;0
ITANHAEM;01/2024;182;182;27;27
ITANHAEM;02/2024;182;182;27;27
ITANHAEM;03/2024;182;182;27;27
ITANHAEM;04/2024;182;182;27;27
ITANHAEM;05/2024;182;182;27;27
ITANHAEM;06/2024;182;182;27;27
ITANHAEM;07/2024;182;182;27;27
ITANHAEM;08/2024;182;182;27;27
ITANHAEM;09/2024;182;182;27;27
ITANHAEM;10/2024;182;182;27;27
ITANHAEM;11/2024;182;174;30;27
ITANHAEM;12/2024;182;174;30;27
ITAPECERICA DA SERRA;01/2024;645;245;36;34
ITAPECERICA DA SERRA;02/2024;645;245;36;34
ITAPECERICA DA SERRA;03/2024;645;245;36;34
ITAPECERICA DA SERRA;04/2024;645;245;36;34
ITAPECERICA DA SERRA;05/2024;645;245;36;34
ITAPECERICA DA SERRA;06/2024;645;245;36;34
ITAPECERICA DA SERRA;07/2024;645;245;36;34
ITAPECERICA DA SERRA;08/2024;645;245;36;34
ITAPECERICA DA SERRA;09/2024;645;245;36;34
ITAPECERICA DA SERRA;10/2024;645;245;36;34
ITAPECERICA DA SERRA;11/2024;645;245;36;34
ITAPECERICA DA SERRA;12/2024;645;245;36;34
ITAPETININGA;01/2024;221;170;24;18
ITAPETININGA;02/2024;245;194;24;18
ITAPETININGA;03/2024;245;194;24;18
ITAPETININGA;04/2024;245;194;24;18
ITAPETININGA;05/2024;245;194;24;18
ITAPETININGA;06/2024;245;194;24;18
ITAPETININGA;07/2024;245;194;24;18
ITAPETININGA;08/2024;245;194;24;18
ITAPETININGA;09/2024;245;194;24;18
ITAPETININGA;10/2024;245;194;24;18
ITAPETININGA;11/2024;245;194;24;18
ITAPETININGA;12/2024;245;194;24;18
ITAPEVA;01/2024;153;127;32;30
ITAPEVA;02/2024;153;127;32;30
ITAPEVA;03/2024;153;127;32;30
ITAPEVA;04/2024;153;127;32;30
ITAPEVA;05/2024;153;127;32;30
ITAPEVA;06/2024;153;127;32;30
ITAPEVA;07/2024;153;127;32;30
ITAPEVA;08/2024;153;127;32;30
ITAPEVA;09/2024;153;127;32;30
ITAPEVA;10/2024;153;127;32;30
ITAPEVA;11/2024;153;127;32;30
ITAPEVA;12/2024;153;127;32;30
ITAPEVI;01/2024;465;260;88;30
ITAPEVI;02/2024;455;260;78;30
ITAPEVI;03/2024;455;260;78;30
ITAPEVI;04/2024;455;260;78;30
ITAPEVI;05/2024;455;260;78;30
ITAPEVI;06/2024;455;260;78;30
ITAPEVI;07/2024;455;260;78;30
ITAPEVI;08/2024;455;260;78;30
ITAPEVI;09/2024;455;260;78;30
ITAPEVI;10/2024;455;260;78;30
ITAPEVI;11/2024;455;260;78;30
ITAPEVI;12/2024;455;260;78;30
ITAPIRA;01/2024;913;551;20;10
ITAPIRA;02/2024;933;551;20;10
ITAPIRA;03/2024;933;551;20;10
ITAPIRA;04/2024;930;548;20;10
ITAPIRA;05/2024;930;548;20;10
ITAPIRA;06/2024;910;548;20;10
ITAPIRA;07/2024;910;548;20;10
ITAPIRA;08/2024;910;548;20;10
ITAPIRA;09/2024;925;543;20;10
ITAPIRA;10/2024;925;543;20;10
ITAPIRA;11/2024;925;543;20;10
ITAPIRA;12/2024;925;543;20;10
ITAPOLIS;01/2024;90;64;9;9
ITAPOLIS;02/2024;90;64;9;9
ITAPOLIS;03/2024;90;64;9;9
ITAPOLIS;04/2024;90;64;9;9
ITAPOLIS;05/2024;90;64;9;9
ITAPOLIS;06/2024;90;64;9;9
ITAPOLIS;07/2024;90;64;9;9
ITAPOLIS;08/2024;90;64;9;9
ITAPOLIS;09/2024;90;64;9;9
ITAPOLIS;10/2024;90;64;9;9
ITAPOLIS;11/2024;90;64;9;9
ITAPOLIS;12/2024;90;64;9;9
ITAPORANGA;01/2024;42;30;0;0
ITAPORANGA;02/2024;42;30;0;0
ITAPORANGA;03/2024;42;30;0;0
ITAPORANGA;04/2024;42;30;0;0
ITAPORANGA;05/2024;42;30;0;0
ITAPORANGA;06/2024;42;30;0;0
ITAPORANGA;07/2024;42;30;0;0
ITAPORANGA;08/2024;42;30;0;0
ITAPORANGA;09/2024;42;30;0;0
ITAPORANGA;10/2024;42;30;0;0
ITAPORANGA;11/2024;42;30;0;0
ITAPORANGA;12/2024;42;30;0;0
ITAPUI;01/2024;35;35;0;0
ITAPUI;02/2024;35;35;0;0
ITAPUI;03/2024;35;35;0;0
ITAPUI;04/2024;35;35;0;0
ITAPUI;05/2024;35;35;0;0
ITAPUI;06/2024;35;35;0;0
ITAPUI;07/2024;35;35;0;0
ITAPUI;08/2024;35;35;0;0
ITAPUI;09/2024;35;35;0;0
ITAPUI;10/2024;35;35;0;0
ITAPUI;11/2024;35;35;0;0
ITAPUI;12/2024;35;35;0;0
ITAQUAQUECETUBA;01/2024;276;276;30;30
ITAQUAQUECETUBA;02/2024;276;276;30;30
ITAQUAQUECETUBA;03/2024;276;276;30;30
ITAQUAQUECETUBA;04/2024;276;276;30;30
ITAQUAQUECETUBA;05/2024;282;282;30;30
ITAQUAQUECETUBA;06/2024;282;282;30;30
ITAQUAQUECETUBA;07/2024;282;282;30;30
ITAQUAQUECETUBA;08/2024;282;282;30;30
ITAQUAQUECETUBA;09/2024;282;282;30;30
ITAQUAQUECETUBA;10/2024;282;282;30;30
ITAQUAQUECETUBA;11/2024;282;282;30;30
ITAQUAQUECETUBA;12/2024;282;282;30;30
ITARARE;01/2024;80;53;0;0
ITARARE;02/2024;80;53;0;0
ITARARE;03/2024;80;53;0;0
ITARARE;04/2024;80;53;0;0
ITARARE;05/2024;80;53;0;0
ITARARE;06/2024;80;53;0;0
ITARARE;07/2024;80;53;0;0
ITARARE;08/2024;80;53;0;0
ITARARE;09/2024;80;53;0;0
ITARARE;10/2024;80;53;0;0
ITARARE;11/2024;80;53;0;0
ITARARE;12/2024;80;53;0;0
ITATIBA;01/2024;140;74;27;14
ITATIBA;02/2024;140;74;27;14
ITATIBA;03/2024;140;74;27;14
ITATIBA;04/2024;140;74;27;14
ITATIBA;05/2024;140;74;27;14
ITATIBA;06/2024;140;74;27;14
ITATIBA;07/2024;140;74;27;14
ITATIBA;08/2024;140;74;27;14
ITATIBA;09/2024;140;74;27;14
ITATIBA;10/2024;140;74;27;14
ITATIBA;11/2024;140;74;27;14
ITATIBA;12/2024;140;74;27;14
ITATINGA;01/2024;14;7;0;0
ITATINGA;02/2024;14;7;0;0
ITATINGA;03/2024;14;7;0;0
ITATINGA;04/2024;14;7;0;0
ITATINGA;05/2024;14;7;0;0
ITATINGA;06/2024;14;7;0;0
ITATINGA;07/2024;14;7;0;0
ITATINGA;08/2024;14;7;0;0
ITATINGA;09/2024;14;7;0;0
ITATINGA;10/2024;14;7;0;0
ITATINGA;11/2024;14;7;0;0
ITATINGA;12/2024;14;7;0;0
ITIRAPINA;01/2024;13;13;0;0
ITIRAPINA;02/2024;13;13;0;0
ITIRAPINA;03/2024;13;13;0;0
ITIRAPINA;04/2024;13;13;0;0
ITIRAPINA;05/2024;13;13;0;0
ITIRAPINA;06/2024;13;13;0;0
ITIRAPINA;07/2024;13;13;0;0
ITIRAPINA;08/2024;11;11;0;0
ITIRAPINA;09/2024;11;11;0;0
ITIRAPINA;10/2024;11;11;0;0
ITIRAPINA;11/2024;11;11;0;0
ITIRAPINA;12/2024;11;11;0;0
ITU;01/2024;557;395;92;44
ITU;02/2024;557;395;92;44
ITU;03/2024;557;395;92;44
ITU;04/2024;557;395;92;44
ITU;05/2024;557;395;92;44
ITU;06/2024;557;395;92;44
ITU;07/2024;555;395;92;44
ITU;08/2024;555;395;92;44
ITU;09/2024;555;395;92;44
ITU;10/2024;555;395;92;44
ITU;11/2024;555;395;92;44
ITU;12/2024;555;395;92;44
ITUPEVA;01/2024;88;50;0;0
ITUPEVA;02/2024;88;50;0;0
ITUPEVA;03/2024;88;50;0;0
ITUPEVA;04/2024;88;50;0;0
ITUPEVA;05/2024;88;50;0;0
ITUPEVA;06/2024;88;50;0;0
ITUPEVA;07/2024;88;50;0;0
ITUPEVA;08/2024;88;50;0;0
ITUPEVA;09/2024;88;50;0;0
ITUPEVA;10/2024;88;50;0;0
ITUPEVA;11/2024;88;50;0;0
ITUPEVA;12/2024;88;50;0;0
ITUVERAVA;01/2024;132;62;10;9
ITUVERAVA;02/2024;132;62;10;9
ITUVERAVA;03/2024;132;62;10;9
ITUVERAVA;04/2024;132;62;10;9
ITUVERAVA;05/2024;132;70;10;9
ITUVERAVA;06/2024;132;70;10;9
ITUVERAVA;07/2024;132;70;10;9
ITUVERAVA;08/2024;132;70;10;9
ITUVERAVA;09/2024;136;74;10;9
ITUVERAVA;10/2024;136;74;10;9
ITUVERAVA;11/2024;136;70;10;9
ITUVERAVA;12/2024;136;70;10;9
JABORANDI;01/2024;17;17;0;0
JABORANDI;02/2024;17;17;0;0
JABORANDI;03/2024;17;17;0;0
JABORANDI;04/2024;17;17;0;0
JABORANDI;05/2024;17;17;0;0
JABORANDI;06/2024;17;17;0;0
JABORANDI;07/2024;17;17;0;0
JABORANDI;08/2024;17;17;0;0
JABORANDI;09/2024;17;17;0;0
JABORANDI;10/2024;17;17;0;0
JABORANDI;11/2024;17;17;0;0
JABORANDI;12/2024;17;17;0;0
JABOTICABAL;01/2024;248;49;10;3
JABOTICABAL;02/2024;248;49;10;3
JABOTICABAL;03/2024;248;49;10;3
JABOTICABAL;04/2024;248;49;10;3
JABOTICABAL;05/2024;248;49;10;3
JABOTICABAL;06/2024;248;49;10;3
JABOTICABAL;07/2024;248;49;10;3
JABOTICABAL;08/2024;248;49;10;3
JABOTICABAL;09/2024;248;49;10;3
JABOTICABAL;10/2024;248;49;10;3
JABOTICABAL;11/2024;248;49;10;3
JABOTICABAL;12/2024;248;49;10;3
JACAREI;01/2024;451;215;86;40
JACAREI;02/2024;451;215;86;40
JACAREI;03/2024;451;215;86;40
JACAREI;04/2024;436;215;86;40
JACAREI;05/2024;436;215;86;40
JACAREI;06/2024;436;215;86;40
JACAREI;07/2024;436;215;86;40
JACAREI;08/2024;436;215;86;40
JACAREI;09/2024;436;215;86;40
JACAREI;10/2024;436;215;86;40
JACAREI;11/2024;436;215;86;40
JACAREI;12/2024;430;215;95;40
JACI;01/2024;216;168;0;0
JACI;02/2024;216;168;0;0
JACI;03/2024;216;168;0;0
JACI;04/2024;216;168;0;0
JACI;05/2024;216;168;0;0
JACI;06/2024;216;168;0;0
JACI;07/2024;216;168;0;0
JACI;08/2024;216;168;0;0
JACI;09/2024;216;168;0;0
JACI;10/2024;216;168;0;0
JACI;11/2024;216;168;0;0
JACI;12/2024;216;168;0;0
JAGUARIUNA;01/2024;102;99;15;15
JAGUARIUNA;02/2024;102;99;15;15
JAGUARIUNA;03/2024;102;99;15;15
JAGUARIUNA;04/2024;102;99;15;15
JAGUARIUNA;05/2024;102;99;15;15
JAGUARIUNA;06/2024;135;99;15;15
JAGUARIUNA;07/2024;135;99;15;15
JAGUARIUNA;08/2024;135;99;15;15
JAGUARIUNA;09/2024;135;99;18;15
JAGUARIUNA;10/2024;135;99;18;15
JAGUARIUNA;11/2024;135;99;18;15
JAGUARIUNA;12/2024;135;99;18;15
JALES;01/2024;178;126;25;23
JALES;02/2024;178;126;25;23
JALES;03/2024;178;126;25;23
JALES;04/2024;178;126;25;23
JALES;05/2024;178;126;25;23
JALES;06/2024;178;126;25;23
JALES;07/2024;178;126;25;23
JALES;08/2024;178;126;25;23
JALES;09/2024;178;126;25;23
JALES;10/2024;178;126;25;23
JALES;11/2024;178;126;25;23
JALES;12/2024;178;126;25;23
JARINU;01/2024;30;18;0;0
JARINU;02/2024;30;18;0;0
JARINU;03/2024;30;18;0;0
JARINU;04/2024;30;18;0;0
JARINU;05/2024;30;18;0;0
JARINU;06/2024;30;18;0;0
JARINU;07/2024;30;18;0;0
JARINU;08/2024;30;18;0;0
JARINU;09/2024;30;18;0;0
JARINU;10/2024;30;18;0;0
JARINU;11/2024;30;18;0;0
JARINU;12/2024;30;18;0;0
JAU;01/2024;985;638;108;68
JAU;02/2024;985;638;108;68
JAU;03/2024;985;638;108;68
JAU;04/2024;985;638;108;68
JAU;05/2024;985;638;108;68
JAU;06/2024;985;638;108;68
JAU;07/2024;985;638;108;68
JAU;08/2024;985;638;108;68
JAU;09/2024;985;638;108;68
JAU;10/2024;985;638;108;68
JAU;11/2024;985;638;108;68
JAU;12/2024;985;638;108;68
JOANOPOLIS;01/2024;11;11;0;0
JOANOPOLIS;02/2024;11;11;0;0
JOANOPOLIS;03/2024;11;11;0;0
JOANOPOLIS;04/2024;11;11;0;0
JOANOPOLIS;05/2024;11;11;0;0
JOANOPOLIS;06/2024;11;11;0;0
JOANOPOLIS;07/2024;12;12;0;0
JOANOPOLIS;08/2024;12;12;0;0
JOANOPOLIS;09/2024;12;12;0;0
JOANOPOLIS;10/2024;12;12;0;0
JOANOPOLIS;11/2024;12;12;0;0
JOANOPOLIS;12/2024;12;12;0;0
JOSE BONIFACIO;01/2024;67;37;0;0
JOSE BONIFACIO;02/2024;67;37;0;0
JOSE BONIFACIO;03/2024;67;37;0;0
JOSE BONIFACIO;04/2024;67;37;0;0
JOSE BONIFACIO;05/2024;67;37;0;0
JOSE BONIFACIO;06/2024;67;37;0;0
JOSE BONIFACIO;07/2024;67;37;0;0
JOSE BONIFACIO;08/2024;67;37;0;0
JOSE BONIFACIO;09/2024;67;37;0;0
JOSE BONIFACIO;10/2024;67;43;0;0
JOSE BONIFACIO;11/2024;67;43;0;0
JOSE BONIFACIO;12/2024;67;43;0;0
JUNDIAI;01/2024;1047;540;200;95
JUNDIAI;02/2024;1211;540;240;95
JUNDIAI;03/2024;1211;540;240;95
JUNDIAI;04/2024;1215;546;244;101
JUNDIAI;05/2024;1209;550;247;101
JUNDIAI;06/2024;1209;550;247;101
JUNDIAI;07/2024;1209;550;247;101
JUNDIAI;08/2024;1209;550;247;101
JUNDIAI;09/2024;1205;546;247;101
JUNDIAI;10/2024;1205;546;247;101
JUNDIAI;11/2024;1205;546;247;101
JUNDIAI;12/2024;1198;539;247;101
JUNQUEIROPOLIS;01/2024;46;25;0;0
JUNQUEIROPOLIS;02/2024;46;25;0;0
JUNQUEIROPOLIS;03/2024;46;25;0;0
JUNQUEIROPOLIS;04/2024;46;25;0;0
JUNQUEIROPOLIS;05/2024;46;25;0;0
JUNQUEIROPOLIS;06/2024;46;25;0;0
JUNQUEIROPOLIS;07/2024;46;25;0;0
JUNQUEIROPOLIS;08/2024;46;25;0;0
JUNQUEIROPOLIS;09/2024;46;25;0;0
JUNQUEIROPOLIS;10/2024;46;25;0;0
JUNQUEIROPOLIS;11/2024;46;25;0;0
JUNQUEIROPOLIS;12/2024;46;25;0;0
JUQUITIBA;01/2024;1;1;0;0
JUQUITIBA;02/2024;1;1;0;0
JUQUITIBA;03/2024;1;1;0;0
JUQUITIBA;04/2024;1;1;0;0
JUQUITIBA;05/2024;1;1;0;0
JUQUITIBA;06/2024;1;1;0;0
JUQUITIBA;07/2024;1;1;0;0
JUQUITIBA;08/2024;1;1;0;0
JUQUITIBA;09/2024;1;1;0;0
JUQUITIBA;10/2024;1;1;0;0
JUQUITIBA;11/2024;1;1;0;0
JUQUITIBA;12/2024;1;1;0;0
LARANJAL PAULISTA;01/2024;48;30;0;0
LARANJAL PAULISTA;02/2024;48;30;0;0
LARANJAL PAULISTA;03/2024;48;30;0;0
LARANJAL PAULISTA;04/2024;48;30;0;0
LARANJAL PAULISTA;05/2024;48;30;0;0
LARANJAL PAULISTA;06/2024;48;30;0;0
LARANJAL PAULISTA;07/2024;48;30;0;0
LARANJAL PAULISTA;08/2024;48;30;0;0
LARANJAL PAULISTA;09/2024;48;30;0;0
LARANJAL PAULISTA;10/2024;48;30;0;0
LARANJAL PAULISTA;11/2024;48;30;0;0
LARANJAL PAULISTA;12/2024;48;30;0;0
LEME;01/2024;145;85;10;8
LEME;02/2024;145;85;10;8
LEME;03/2024;145;85;10;8
LEME;04/2024;145;85;10;8
LEME;05/2024;145;85;10;8
LEME;06/2024;145;85;10;8
LEME;07/2024;145;85;10;8
LEME;08/2024;145;85;10;8
LEME;09/2024;145;85;10;8
LEME;10/2024;145;85;10;8
LEME;11/2024;145;85;10;8
LEME;12/2024;145;85;10;8
LENCOIS PAULISTA;01/2024;96;50;10;6
LENCOIS PAULISTA;02/2024;96;50;10;6
LENCOIS PAULISTA;03/2024;96;50;10;6
LENCOIS PAULISTA;04/2024;96;49;10;6
LENCOIS PAULISTA;05/2024;96;49;10;6
LENCOIS PAULISTA;06/2024;96;49;10;6
LENCOIS PAULISTA;07/2024;96;49;10;6
LENCOIS PAULISTA;08/2024;96;49;10;6
LENCOIS PAULISTA;09/2024;96;49;10;6
LENCOIS PAULISTA;10/2024;96;49;10;6
LENCOIS PAULISTA;11/2024;96;49;10;6
LENCOIS PAULISTA;12/2024;96;49;10;6
LIMEIRA;01/2024;495;239;102;55
LIMEIRA;02/2024;495;239;102;55
LIMEIRA;03/2024;495;239;102;55
LIMEIRA;04/2024;495;239;102;55
LIMEIRA;05/2024;499;239;106;55
LIMEIRA;06/2024;547;239;105;55
LIMEIRA;07/2024;547;239;105;55
LIMEIRA;08/2024;547;239;105;55
LIMEIRA;09/2024;547;239;105;55
LIMEIRA;10/2024;547;239;105;55
LIMEIRA;11/2024;547;239;105;55
LIMEIRA;12/2024;519;239;105;55
LINS;01/2024;399;295;28;16
LINS;02/2024;382;295;28;16
LINS;03/2024;383;296;28;16
LINS;04/2024;383;296;28;16
LINS;05/2024;383;296;28;16
LINS;06/2024;399;295;28;16
LINS;07/2024;397;295;26;16
LINS;08/2024;397;295;26;16
LINS;09/2024;397;295;26;16
LINS;10/2024;397;295;26;16
LINS;11/2024;380;295;26;16
LINS;12/2024;380;295;26;16
LORENA;01/2024;206;128;33;22
LORENA;02/2024;206;128;33;22
LORENA;03/2024;206;128;33;22
LORENA;04/2024;206;128;33;22
LORENA;05/2024;206;128;33;22
LORENA;06/2024;206;128;33;22
LORENA;07/2024;206;128;33;22
LORENA;08/2024;206;128;33;22
LORENA;09/2024;206;128;33;22
LORENA;10/2024;206;128;33;22
LORENA;11/2024;206;128;33;22
LORENA;12/2024;206;128;33;22
LOUVEIRA;01/2024;40;28;8;0
LOUVEIRA;02/2024;40;28;8;0
LOUVEIRA;03/2024;40;28;8;0
LOUVEIRA;04/2024;40;28;8;0
LOUVEIRA;05/2024;40;28;8;0
LOUVEIRA;06/2024;46;34;8;0
LOUVEIRA;07/2024;51;39;8;0
LOUVEIRA;08/2024;51;39;8;0
LOUVEIRA;09/2024;51;39;8;0
LOUVEIRA;10/2024;51;39;8;0
LOUVEIRA;11/2024;51;39;8;0
LOUVEIRA;12/2024;51;39;8;0
LUCELIA;01/2024;36;30;0;0
LUCELIA;02/2024;36;30;0;0
LUCELIA;03/2024;36;30;0;0
LUCELIA;04/2024;36;30;0;0
LUCELIA;05/2024;36;30;0;0
LUCELIA;06/2024;36;30;0;0
LUCELIA;07/2024;36;30;0;0
LUCELIA;08/2024;36;30;0;0
LUCELIA;09/2024;36;30;0;0
LUCELIA;10/2024;36;30;0;0
LUCELIA;11/2024;36;30;0;0
LUCELIA;12/2024;36;30;0;0
MACATUBA;01/2024;31;18;0;0
MACATUBA;02/2024;31;18;0;0
MACATUBA;03/2024;31;18;0;0
MACATUBA;04/2024;31;18;0;0
MACATUBA;05/2024;31;18;0;0
MACATUBA;06/2024;31;18;0;0
MACATUBA;07/2024;31;18;0;0
MACATUBA;08/2024;31;18;0;0
MACATUBA;09/2024;31;18;0;0
MACATUBA;10/2024;31;18;0;0
MACATUBA;11/2024;31;18;0;0
MACATUBA;12/2024;31;18;0;0
MACAUBAL;01/2024;15;10;0;0
MACAUBAL;02/2024;15;10;0;0
MACAUBAL;03/2024;15;10;0;0
MACAUBAL;04/2024;15;10;0;0
MACAUBAL;05/2024;15;10;0;0
MACAUBAL;06/2024;15;10;0;0
MACAUBAL;07/2024;15;10;0;0
MACAUBAL;08/2024;15;10;0;0
MACAUBAL;09/2024;15;10;0;0
MACAUBAL;10/2024;15;10;0;0
MACAUBAL;11/2024;15;10;0;0
MACAUBAL;12/2024;15;10;0;0
MAIRIPORA;01/2024;46;46;0;0
MAIRIPORA;02/2024;46;46;0;0
MAIRIPORA;03/2024;46;46;0;0
MAIRIPORA;04/2024;46;46;0;0
MAIRIPORA;05/2024;46;46;0;0
MAIRIPORA;06/2024;46;46;0;0
MAIRIPORA;07/2024;46;46;0;0
MAIRIPORA;08/2024;46;46;0;0
MAIRIPORA;09/2024;46;46;0;0
MAIRIPORA;10/2024;46;46;0;0
MAIRIPORA;11/2024;46;46;0;0
MAIRIPORA;12/2024;46;46;0;0
MARACAI;01/2024;26;22;0;0
MARACAI;02/2024;26;22;0;0
MARACAI;03/2024;26;22;0;0
MARACAI;04/2024;26;22;0;0
MARACAI;05/2024;26;22;0;0
MARACAI;06/2024;26;22;0;0
MARACAI;07/2024;26;22;0;0
MARACAI;08/2024;26;22;0;0
MARACAI;09/2024;26;22;0;0
MARACAI;10/2024;26;22;0;0
MARACAI;11/2024;26;22;0;0
MARACAI;12/2024;26;22;0;0
MARILIA;01/2024;1018;706;153;120
MARILIA;02/2024;1014;702;151;118
MARILIA;03/2024;1016;704;151;118
MARILIA;04/2024;1016;704;151;118
MARILIA;05/2024;1016;704;151;118
MARILIA;06/2024;1047;716;157;118
MARILIA;07/2024;1047;716;157;118
MARILIA;08/2024;1047;716;157;118
MARILIA;09/2024;1047;716;157;118
MARILIA;10/2024;1047;716;157;118
MARILIA;11/2024;1047;718;157;120
MARILIA;12/2024;1047;718;157;120
MARTINOPOLIS;01/2024;45;40;0;0
MARTINOPOLIS;02/2024;45;40;0;0
MARTINOPOLIS;03/2024;45;40;0;0
MARTINOPOLIS;04/2024;45;40;0;0
MARTINOPOLIS;05/2024;45;40;0;0
MARTINOPOLIS;06/2024;45;40;0;0
MARTINOPOLIS;07/2024;45;40;0;0
MARTINOPOLIS;08/2024;38;34;0;0
MARTINOPOLIS;09/2024;38;34;0;0
MARTINOPOLIS;10/2024;38;34;0;0
MARTINOPOLIS;11/2024;38;34;0;0
MARTINOPOLIS;12/2024;38;34;0;0
MATAO;01/2024;194;122;35;27
MATAO;02/2024;194;122;35;27
MATAO;03/2024;194;122;35;27
MATAO;04/2024;194;122;35;27
MATAO;05/2024;194;122;35;27
MATAO;06/2024;194;122;35;27
MATAO;07/2024;194;122;35;27
MATAO;08/2024;194;122;35;27
MATAO;09/2024;194;122;35;27
MATAO;10/2024;194;122;35;27
MATAO;11/2024;194;122;35;27
MATAO;12/2024;194;122;35;27
MAUA;01/2024;549;231;89;39
MAUA;02/2024;549;231;89;39
MAUA;03/2024;549;231;89;39
MAUA;04/2024;549;231;89;39
MAUA;05/2024;549;231;89;39
MAUA;06/2024;549;231;89;39
MAUA;07/2024;524;231;90;39
MAUA;08/2024;524;231;90;39
MAUA;09/2024;524;231;90;39
MAUA;10/2024;524;231;90;39
MAUA;11/2024;524;231;90;39
MAUA;12/2024;524;231;90;39
MIGUELOPOLIS;01/2024;72;51;0;0
MIGUELOPOLIS;02/2024;72;51;0;0
MIGUELOPOLIS;03/2024;72;51;0;0
MIGUELOPOLIS;04/2024;72;51;0;0
MIGUELOPOLIS;05/2024;72;51;0;0
MIGUELOPOLIS;06/2024;72;51;0;0
MIGUELOPOLIS;07/2024;72;51;0;0
MIGUELOPOLIS;08/2024;72;51;0;0
MIGUELOPOLIS;09/2024;72;51;0;0
MIGUELOPOLIS;10/2024;72;51;0;0
MIGUELOPOLIS;11/2024;72;51;0;0
MIGUELOPOLIS;12/2024;72;51;0;0
MINEIROS DO TIETE;01/2024;11;11;0;0
MINEIROS DO TIETE;02/2024;11;11;0;0
MINEIROS DO TIETE;03/2024;11;11;0;0
MINEIROS DO TIETE;04/2024;11;11;0;0
MINEIROS DO TIETE;05/2024;11;11;0;0
MINEIROS DO TIETE;06/2024;11;11;0;0
MINEIROS DO TIETE;07/2024;11;11;0;0
MINEIROS DO TIETE;08/2024;11;11;0;0
MINEIROS DO TIETE;09/2024;11;11;0;0
MINEIROS DO TIETE;10/2024;11;11;0;0
MINEIROS DO TIETE;11/2024;11;11;0;0
MINEIROS DO TIETE;12/2024;11;11;0;0
MIRANDOPOLIS;01/2024;100;100;10;10
MIRANDOPOLIS;02/2024;100;100;10;10
MIRANDOPOLIS;03/2024;100;100;10;10
MIRANDOPOLIS;04/2024;100;100;10;10
MIRANDOPOLIS;05/2024;100;100;10;10
MIRANDOPOLIS;06/2024;100;100;10;10
MIRANDOPOLIS;07/2024;100;100;10;10
MIRANDOPOLIS;08/2024;100;100;10;10
MIRANDOPOLIS;09/2024;100;100;10;10
MIRANDOPOLIS;10/2024;100;100;10;10
MIRANDOPOLIS;11/2024;100;100;10;10
MIRANDOPOLIS;12/2024;100;100;10;10
MIRANTE DO PARANAPANEMA;01/2024;23;23;0;0
MIRANTE DO PARANAPANEMA;02/2024;23;23;0;0
MIRANTE DO PARANAPANEMA;03/2024;23;23;0;0
MIRANTE DO PARANAPANEMA;04/2024;23;23;0;0
MIRANTE DO PARANAPANEMA;05/2024;23;23;0;0
MIRANTE DO PARANAPANEMA;06/2024;23;23;0;0
MIRANTE DO PARANAPANEMA;07/2024;23;23;0;0
MIRANTE DO PARANAPANEMA;08/2024;23;23;0;0
MIRANTE DO PARANAPANEMA;09/2024;23;23;0;0
MIRANTE DO PARANAPANEMA;10/2024;23;23;0;0
MIRANTE DO PARANAPANEMA;11/2024;23;23;0;0
MIRANTE DO PARANAPANEMA;12/2024;23;23;0;0
MIRASSOL;01/2024;79;28;0;0
MIRASSOL;02/2024;79;28;0;0
MIRASSOL;03/2024;79;28;0;0
MIRASSOL;04/2024;79;28;0;0
MIRASSOL;05/2024;79;28;0;0
MIRASSOL;06/2024;79;28;0;0
MIRASSOL;07/2024;79;28;0;0
MIRASSOL;08/2024;79;28;0;0
MIRASSOL;09/2024;79;28;0;0
MIRASSOL;10/2024;79;28;0;0
MIRASSOL;11/2024;79;28;0;0
MIRASSOL;12/2024;79;28;0;0
MOCOCA;01/2024;145;96;20;18
MOCOCA;02/2024;145;96;20;18
MOCOCA;03/2024;145;96;20;18
MOCOCA;04/2024;145;96;20;18
MOCOCA;05/2024;145;96;20;18
MOCOCA;06/2024;145;96;20;18
MOCOCA;07/2024;145;96;20;18
MOCOCA;08/2024;145;96;20;18
MOCOCA;09/2024;145;96;20;18
MOCOCA;10/2024;145;96;20;18
MOCOCA;11/2024;145;96;20;18
MOCOCA;12/2024;145;96;20;18
MOGI DAS CRUZES;01/2024;1060;691;192;92
MOGI DAS CRUZES;02/2024;1060;713;170;92
MOGI DAS CRUZES;03/2024;1060;713;170;92
MOGI DAS CRUZES;04/2024;1070;721;170;92
MOGI DAS CRUZES;05/2024;1070;721;170;92
MOGI DAS CRUZES;06/2024;1070;721;170;92
MOGI DAS CRUZES;07/2024;1070;721;170;92
MOGI DAS CRUZES;08/2024;1065;724;160;92
MOGI DAS CRUZES;09/2024;1055;714;160;92
MOGI DAS CRUZES;10/2024;1055;714;160;92
MOGI DAS CRUZES;11/2024;1055;714;160;92
MOGI DAS CRUZES;12/2024;1055;714;160;92
MOGI GUACU;01/2024;401;194;44;33
MOGI GUACU;02/2024;401;194;44;33
MOGI GUACU;03/2024;401;194;44;33
MOGI GUACU;04/2024;401;194;44;33
MOGI GUACU;05/2024;401;194;44;33
MOGI GUACU;06/2024;401;194;44;33
MOGI GUACU;07/2024;401;194;44;33
MOGI GUACU;08/2024;401;194;44;33
MOGI GUACU;09/2024;385;194;44;33
MOGI GUACU;10/2024;385;194;44;33
MOGI GUACU;11/2024;385;194;44;33
MOGI GUACU;12/2024;385;194;44;33
MOJI MIRIM;01/2024;209;133;32;20
MOJI MIRIM;02/2024;209;133;32;20
MOJI MIRIM;03/2024;209;133;32;20
MOJI MIRIM;04/2024;209;133;32;20
MOJI MIRIM;05/2024;209;133;32;20
MOJI MIRIM;06/2024;207;133;30;20
MOJI MIRIM;07/2024;207;133;30;20
MOJI MIRIM;08/2024;207;133;30;20
MOJI MIRIM;09/2024;207;133;30;20
MOJI MIRIM;10/2024;207;133;30;20
MOJI MIRIM;11/2024;207;133;30;20
MOJI MIRIM;12/2024;207;133;30;20
MONGAGUA;01/2024;36;36;0;0
MONGAGUA;02/2024;36;36;0;0
MONGAGUA;03/2024;36;36;0;0
MONGAGUA;04/2024;36;36;0;0
MONGAGUA;05/2024;36;36;0;0
MONGAGUA;06/2024;36;36;0;0
MONGAGUA;07/2024;36;36;0;0
MONGAGUA;08/2024;36;36;0;0
MONGAGUA;09/2024;36;36;0;0
MONGAGUA;10/2024;36;36;0;0
MONGAGUA;11/2024;36;36;0;0
MONGAGUA;12/2024;36;36;0;0
MONTE ALTO;01/2024;124;66;26;16
MONTE ALTO;02/2024;124;66;26;16
MONTE ALTO;03/2024;124;66;26;16
MONTE ALTO;04/2024;124;66;26;16
MONTE ALTO;05/2024;124;66;26;16
MONTE ALTO;06/2024;124;66;26;16
MONTE ALTO;07/2024;124;66;26;16
MONTE ALTO;08/2024;124;66;26;16
MONTE ALTO;09/2024;124;66;26;16
MONTE ALTO;10/2024;124;66;26;16
MONTE ALTO;11/2024;124;66;26;16
MONTE ALTO;12/2024;124;66;26;16
MONTE APRAZIVEL;01/2024;80;30;0;0
MONTE APRAZIVEL;02/2024;80;30;0;0
MONTE APRAZIVEL;03/2024;80;30;0;0
MONTE APRAZIVEL;04/2024;80;30;0;0
MONTE APRAZIVEL;05/2024;80;30;0;0
MONTE APRAZIVEL;06/2024;80;30;0;0
MONTE APRAZIVEL;07/2024;80;30;0;0
MONTE APRAZIVEL;08/2024;80;30;0;0
MONTE APRAZIVEL;09/2024;80;30;0;0
MONTE APRAZIVEL;10/2024;80;30;0;0
MONTE APRAZIVEL;11/2024;80;30;0;0
MONTE APRAZIVEL;12/2024;80;30;0;0
MONTE AZUL PAULISTA;01/2024;70;51;0;0
MONTE AZUL PAULISTA;02/2024;70;51;0;0
MONTE AZUL PAULISTA;03/2024;70;51;0;0
MONTE AZUL PAULISTA;04/2024;70;51;0;0
MONTE AZUL PAULISTA;05/2024;70;51;0;0
MONTE AZUL PAULISTA;06/2024;70;51;0;0
MONTE AZUL PAULISTA;07/2024;70;51;0;0
MONTE AZUL PAULISTA;08/2024;70;51;0;0
MONTE AZUL PAULISTA;09/2024;70;51;0;0
MONTE AZUL PAULISTA;10/2024;70;51;0;0
MONTE AZUL PAULISTA;11/2024;70;51;0;0
MONTE AZUL PAULISTA;12/2024;70;51;0;0
MONTE MOR;01/2024;35;26;0;0
MONTE MOR;02/2024;35;26;0;0
MONTE MOR;03/2024;35;26;0;0
MONTE MOR;04/2024;35;26;0;0
MONTE MOR;05/2024;35;26;0;0
MONTE MOR;06/2024;35;26;0;0
MONTE MOR;07/2024;35;26;0;0
MONTE MOR;08/2024;35;26;0;0
MONTE MOR;09/2024;35;26;0;0
MONTE MOR;10/2024;35;26;0;0
MONTE MOR;11/2024;35;26;0;0
MONTE MOR;12/2024;35;26;0;0
MORRO AGUDO;01/2024;61;47;11;10
MORRO AGUDO;02/2024;61;47;11;10
MORRO AGUDO;03/2024;61;47;11;10
MORRO AGUDO;04/2024;61;47;11;10
MORRO AGUDO;05/2024;61;47;11;10
MORRO AGUDO;06/2024;61;47;11;10
MORRO AGUDO;07/2024;61;47;11;10
MORRO AGUDO;08/2024;61;47;11;10
MORRO AGUDO;09/2024;61;47;11;10
MORRO AGUDO;10/2024;61;47;11;10
MORRO AGUDO;11/2024;61;47;11;10
MORRO AGUDO;12/2024;61;47;11;10
MORUNGABA;01/2024;12;12;0;0
MORUNGABA;02/2024;12;12;0;0
MORUNGABA;03/2024;12;12;0;0
MORUNGABA;04/2024;12;12;0;0
MORUNGABA;05/2024;12;12;0;0
MORUNGABA;06/2024;12;12;0;0
MORUNGABA;07/2024;12;12;0;0
MORUNGABA;08/2024;12;12;0;0
MORUNGABA;09/2024;12;12;0;0
MORUNGABA;10/2024;12;12;0;0
MORUNGABA;11/2024;12;12;0;0
MORUNGABA;12/2024;12;12;0;0
NAZARE PAULISTA;01/2024;20;20;0;0
NAZARE PAULISTA;02/2024;20;20;0;0
NAZARE PAULISTA;03/2024;20;20;0;0
NAZARE PAULISTA;04/2024;20;20;0;0
NAZARE PAULISTA;05/2024;24;24;0;0
NAZARE PAULISTA;06/2024;24;24;0;0
NAZARE PAULISTA;07/2024;24;24;0;0
NAZARE PAULISTA;08/2024;24;24;0;0
NAZARE PAULISTA;09/2024;22;22;0;0
NAZARE PAULISTA;10/2024;22;22;0;0
NAZARE PAULISTA;11/2024;22;22;0;0
NAZARE PAULISTA;12/2024;22;22;0;0
NEVES PAULISTA;01/2024;21;10;0;0
NEVES PAULISTA;02/2024;21;10;0;0
NEVES PAULISTA;03/2024;21;10;0;0
NEVES PAULISTA;04/2024;21;10;0;0
NEVES PAULISTA;05/2024;21;10;0;0
NEVES PAULISTA;06/2024;21;10;0;0
NEVES PAULISTA;07/2024;21;10;0;0
NEVES PAULISTA;08/2024;21;10;0;0
NEVES PAULISTA;09/2024;21;10;0;0
NEVES PAULISTA;10/2024;21;10;0;0
NEVES PAULISTA;11/2024;21;10;0;0
NEVES PAULISTA;12/2024;21;10;0;0
NHANDEARA;01/2024;129;35;0;0
NHANDEARA;02/2024;129;35;0;0
NHANDEARA;03/2024;129;35;0;0
NHANDEARA;04/2024;129;35;0;0
NHANDEARA;05/2024;129;35;0;0
NHANDEARA;06/2024;129;35;0;0
NHANDEARA;07/2024;129;35;0;0
NHANDEARA;08/2024;129;35;0;0
NHANDEARA;09/2024;129;35;0;0
NHANDEARA;10/2024;129;35;0;0
NHANDEARA;11/2024;129;35;0;0
NHANDEARA;12/2024;129;35;0;0
NOVA EUROPA;01/2024;18;13;0;0
NOVA EUROPA;02/2024;18;13;0;0
NOVA EUROPA;03/2024;18;13;0;0
NOVA EUROPA;04/2024;16;12;0;0
NOVA EUROPA;05/2024;16;12;0;0
NOVA EUROPA;06/2024;16;12;0;0
NOVA EUROPA;07/2024;16;12;0;0
NOVA EUROPA;08/2024;16;12;0;0
NOVA EUROPA;09/2024;16;12;0;0
NOVA EUROPA;10/2024;16;12;0;0
NOVA EUROPA;11/2024;16;12;0;0
NOVA EUROPA;12/2024;16;12;0;0
NOVA GRANADA;01/2024;62;19;0;0
NOVA GRANADA;02/2024;62;19;0;0
NOVA GRANADA;03/2024;62;19;0;0
NOVA GRANADA;04/2024;62;19;0;0
NOVA GRANADA;05/2024;62;19;0;0
NOVA GRANADA;06/2024;62;19;0;0
NOVA GRANADA;07/2024;62;19;0;0
NOVA GRANADA;08/2024;62;19;0;0
NOVA GRANADA;09/2024;62;19;0;0
NOVA GRANADA;10/2024;62;19;0;0
NOVA GRANADA;11/2024;62;31;0;0
NOVA GRANADA;12/2024;62;31;0;0
NOVA ODESSA;01/2024;35;35;0;0
NOVA ODESSA;02/2024;35;35;0;0
NOVA ODESSA;03/2024;35;35;0;0
NOVA ODESSA;04/2024;35;35;0;0
NOVA ODESSA;05/2024;35;35;0;0
NOVA ODESSA;06/2024;40;35;5;0
NOVA ODESSA;07/2024;40;35;5;0
NOVA ODESSA;08/2024;40;35;5;0
NOVA ODESSA;09/2024;40;35;5;0
NOVA ODESSA;10/2024;40;35;5;0
NOVA ODESSA;11/2024;40;35;5;0
NOVA ODESSA;12/2024;40;35;5;0
NOVO HORIZONTE;01/2024;83;49;10;8
NOVO HORIZONTE;02/2024;83;49;10;8
NOVO HORIZONTE;03/2024;83;49;10;8
NOVO HORIZONTE;04/2024;83;49;10;8
NOVO HORIZONTE;05/2024;83;49;10;8
NOVO HORIZONTE;06/2024;83;49;10;8
NOVO HORIZONTE;07/2024;83;49;10;8
NOVO HORIZONTE;08/2024;83;49;10;8
NOVO HORIZONTE;09/2024;83;49;10;8
NOVO HORIZONTE;10/2024;83;49;10;8
NOVO HORIZONTE;11/2024;83;49;10;8
NOVO HORIZONTE;12/2024;83;49;10;8
OLIMPIA;01/2024;83;50;7;5
OLIMPIA;02/2024;83;50;7;5
OLIMPIA;03/2024;83;50;7;5
OLIMPIA;04/2024;83;50;7;5
OLIMPIA;05/2024;83;50;7;5
OLIMPIA;06/2024;83;50;7;5
OLIMPIA;07/2024;83;50;7;5
OLIMPIA;08/2024;83;50;7;5
OLIMPIA;09/2024;83;50;7;5
OLIMPIA;10/2024;83;50;7;5
OLIMPIA;11/2024;83;50;7;5
OLIMPIA;12/2024;83;50;7;5
ORLANDIA;01/2024;98;60;0;0
ORLANDIA;02/2024;98;60;0;0
ORLANDIA;03/2024;98;60;0;0
ORLANDIA;04/2024;98;60;0;0
ORLANDIA;05/2024;98;60;0;0
ORLANDIA;06/2024;98;60;0;0
ORLANDIA;07/2024;98;60;0;0
ORLANDIA;08/2024;98;60;0;0
ORLANDIA;09/2024;98;60;0;0
ORLANDIA;10/2024;98;60;0;0
ORLANDIA;11/2024;98;60;0;0
ORLANDIA;12/2024;98;60;0;0
OSASCO;01/2024;1165;736;185;86
OSASCO;02/2024;1172;743;185;86
OSASCO;03/2024;1172;743;185;86
OSASCO;04/2024;1172;743;185;86
OSASCO;05/2024;1172;743;185;86
OSASCO;06/2024;1172;743;185;86
OSASCO;07/2024;1168;743;181;86
OSASCO;08/2024;1168;743;181;86
OSASCO;09/2024;1168;743;181;86
OSASCO;10/2024;1168;743;181;86
OSASCO;11/2024;1168;743;181;86
OSASCO;12/2024;1168;743;181;86
OSVALDO CRUZ;01/2024;72;58;0;0
OSVALDO CRUZ;02/2024;72;58;0;0
OSVALDO CRUZ;03/2024;72;58;0;0
OSVALDO CRUZ;04/2024;72;58;0;0
OSVALDO CRUZ;05/2024;72;58;0;0
OSVALDO CRUZ;06/2024;72;58;0;0
OSVALDO CRUZ;07/2024;72;58;0;0
OSVALDO CRUZ;08/2024;72;58;0;0
OSVALDO CRUZ;09/2024;72;58;0;0
OSVALDO CRUZ;10/2024;72;58;0;0
OSVALDO CRUZ;11/2024;72;58;0;0
OSVALDO CRUZ;12/2024;72;58;0;0
OURINHOS;01/2024;219;129;48;28
OURINHOS;02/2024;219;129;48;28
OURINHOS;03/2024;219;129;48;28
OURINHOS;04/2024;223;129;48;28
OURINHOS;05/2024;223;129;48;28
OURINHOS;06/2024;223;133;48;28
OURINHOS;07/2024;223;133;48;28
OURINHOS;08/2024;223;133;48;28
OURINHOS;09/2024;223;133;48;28
OURINHOS;10/2024;223;133;48;28
OURINHOS;11/2024;223;133;48;28
OURINHOS;12/2024;223;133;48;28
OUROESTE;01/2024;33;28;0;0
OUROESTE;02/2024;33;28;0;0
OUROESTE;03/2024;33;28;0;0
OUROESTE;04/2024;33;28;0;0
OUROESTE;05/2024;33;28;0;0
OUROESTE;06/2024;33;28;0;0
OUROESTE;07/2024;33;28;0;0
OUROESTE;08/2024;33;28;0;0
OUROESTE;09/2024;33;28;0;0
OUROESTE;10/2024;33;28;0;0
OUROESTE;11/2024;33;28;0;0
OUROESTE;12/2024;33;28;0;0
PALMEIRA D'OESTE;01/2024;20;12;0;0
PALMEIRA D'OESTE;02/2024;20;12;0;0
PALMEIRA D'OESTE;03/2024;20;12;0;0
PALMEIRA D'OESTE;04/2024;20;12;0;0
PALMEIRA D'OESTE;05/2024;20;12;0;0
PALMEIRA D'OESTE;06/2024;20;12;0;0
PALMEIRA D'OESTE;07/2024;20;12;0;0
PALMEIRA D'OESTE;08/2024;20;12;0;0
PALMEIRA D'OESTE;09/2024;20;12;0;0
PALMEIRA D'OESTE;10/2024;20;12;0;0
PALMEIRA D'OESTE;11/2024;20;12;0;0
PALMEIRA D'OESTE;12/2024;20;12;0;0
PALMITAL;01/2024;43;29;0;0
PALMITAL;02/2024;43;29;0;0
PALMITAL;03/2024;43;29;0;0
PALMITAL;04/2024;43;29;0;0
PALMITAL;05/2024;43;29;0;0
PALMITAL;06/2024;43;29;0;0
PALMITAL;07/2024;43;29;0;0
PALMITAL;08/2024;43;29;0;0
PALMITAL;09/2024;43;29;0;0
PALMITAL;10/2024;43;29;0;0
PALMITAL;11/2024;43;29;0;0
PALMITAL;12/2024;43;29;0;0
PARAGUACU PAULISTA;01/2024;113;89;17;16
PARAGUACU PAULISTA;02/2024;113;89;17;16
PARAGUACU PAULISTA;03/2024;113;89;17;16
PARAGUACU PAULISTA;04/2024;113;89;17;16
PARAGUACU PAULISTA;05/2024;113;89;17;16
PARAGUACU PAULISTA;06/2024;113;89;17;16
PARAGUACU PAULISTA;07/2024;113;89;17;16
PARAGUACU PAULISTA;08/2024;113;89;17;16
PARAGUACU PAULISTA;09/2024;113;89;17;16
PARAGUACU PAULISTA;10/2024;113;89;17;16
PARAGUACU PAULISTA;11/2024;113;89;17;16
PARAGUACU PAULISTA;12/2024;113;89;17;16
PARANAPANEMA;01/2024;21;21;0;0
PARANAPANEMA;02/2024;21;21;0;0
PARANAPANEMA;03/2024;21;21;0;0
PARANAPANEMA;04/2024;21;21;0;0
PARANAPANEMA;05/2024;21;21;0;0
PARANAPANEMA;06/2024;21;21;0;0
PARANAPANEMA;07/2024;21;21;0;0
PARANAPANEMA;08/2024;21;21;0;0
PARANAPANEMA;09/2024;21;21;0;0
PARANAPANEMA;10/2024;21;21;0;0
PARANAPANEMA;11/2024;21;21;0;0
PARANAPANEMA;12/2024;21;21;0;0
PARAPUA;01/2024;32;26;0;0
PARAPUA;02/2024;32;26;0;0
PARAPUA;03/2024;32;26;0;0
PARAPUA;04/2024;32;26;0;0
PARAPUA;05/2024;32;26;0;0
PARAPUA;06/2024;32;26;0;0
PARAPUA;07/2024;32;26;0;0
PARAPUA;08/2024;32;26;0;0
PARAPUA;09/2024;32;26;0;0
PARAPUA;10/2024;32;26;0;0
PARAPUA;11/2024;32;26;0;0
PARAPUA;12/2024;32;26;0;0
PARIQUERA-ACU;01/2024;191;191;26;26
PARIQUERA-ACU;02/2024;191;191;26;26
PARIQUERA-ACU;03/2024;176;176;26;26
PARIQUERA-ACU;04/2024;176;176;26;26
PARIQUERA-ACU;05/2024;176;176;26;26
PARIQUERA-ACU;06/2024;176;176;26;26
PARIQUERA-ACU;07/2024;176;176;26;26
PARIQUERA-ACU;08/2024;176;176;26;26
PARIQUERA-ACU;09/2024;176;176;26;26
PARIQUERA-ACU;10/2024;176;176;26;26
PARIQUERA-ACU;11/2024;176;176;26;26
PARIQUERA-ACU;12/2024;176;176;26;26
PATROCINIO PAULISTA;01/2024;35;23;0;0
PATROCINIO PAULISTA;02/2024;35;23;0;0
PATROCINIO PAULISTA;03/2024;35;23;0;0
PATROCINIO PAULISTA;04/2024;35;23;0;0
PATROCINIO PAULISTA;05/2024;35;23;0;0
PATROCINIO PAULISTA;06/2024;35;23;0;0
PATROCINIO PAULISTA;07/2024;35;23;0;0
PATROCINIO PAULISTA;08/2024;35;23;0;0
PATROCINIO PAULISTA;09/2024;35;23;0;0
PATROCINIO PAULISTA;10/2024;35;23;0;0
PATROCINIO PAULISTA;11/2024;35;23;0;0
PATROCINIO PAULISTA;12/2024;35;23;0;0
PAULINIA;01/2024;110;106;14;14
PAULINIA;02/2024;110;106;14;14
PAULINIA;03/2024;110;106;14;14
PAULINIA;04/2024;110;106;14;14
PAULINIA;05/2024;110;106;14;14
PAULINIA;06/2024;110;106;14;14
PAULINIA;07/2024;110;106;14;14
PAULINIA;08/2024;110;106;14;14
PAULINIA;09/2024;110;106;14;14
PAULINIA;10/2024;110;106;14;14
PAULINIA;11/2024;110;106;14;14
PAULINIA;12/2024;110;106;14;14
PAULO DE FARIA;01/2024;24;18;0;0
PAULO DE FARIA;02/2024;24;18;0;0
PAULO DE FARIA;03/2024;24;18;0;0
PAULO DE FARIA;04/2024;24;18;0;0
PAULO DE FARIA;05/2024;24;18;0;0
PAULO DE FARIA;06/2024;24;18;0;0
PAULO DE FARIA;07/2024;24;18;0;0
PAULO DE FARIA;08/2024;24;18;0;0
PAULO DE FARIA;09/2024;24;18;0;0
PAULO DE FARIA;10/2024;24;18;0;0
PAULO DE FARIA;11/2024;24;18;0;0
PAULO DE FARIA;12/2024;24;18;0;0
PEDERNEIRAS;01/2024;73;64;11;10
PEDERNEIRAS;02/2024;73;64;11;10
PEDERNEIRAS;03/2024;73;64;11;10
PEDERNEIRAS;04/2024;73;64;11;10
PEDERNEIRAS;05/2024;73;64;11;10
PEDERNEIRAS;06/2024;73;64;11;10
PEDERNEIRAS;07/2024;73;64;11;10
PEDERNEIRAS;08/2024;73;64;11;10
PEDERNEIRAS;09/2024;73;64;11;10
PEDERNEIRAS;10/2024;73;64;11;10
PEDERNEIRAS;11/2024;73;64;11;10
PEDERNEIRAS;12/2024;73;64;11;10
PEDREGULHO;01/2024;64;55;0;0
PEDREGULHO;02/2024;64;55;0;0
PEDREGULHO;03/2024;64;55;0;0
PEDREGULHO;04/2024;64;55;0;0
PEDREGULHO;05/2024;64;55;0;0
PEDREGULHO;06/2024;64;55;0;0
PEDREGULHO;07/2024;64;55;0;0
PEDREGULHO;08/2024;64;55;0;0
PEDREGULHO;09/2024;64;55;0;0
PEDREGULHO;10/2024;64;55;0;0
PEDREGULHO;11/2024;64;55;0;0
PEDREGULHO;12/2024;64;55;0;0
PEDREIRA;01/2024;95;85;10;10
PEDREIRA;02/2024;95;85;10;10
PEDREIRA;03/2024;95;85;10;10
PEDREIRA;04/2024;95;85;10;10
PEDREIRA;05/2024;95;85;10;10
PEDREIRA;06/2024;95;85;10;10
PEDREIRA;07/2024;95;85;10;10
PEDREIRA;08/2024;95;85;10;10
PEDREIRA;09/2024;87;87;10;10
PEDREIRA;10/2024;87;87;10;10
PEDREIRA;11/2024;87;87;10;10
PEDREIRA;12/2024;87;87;10;10
PEDRO DE TOLEDO;01/2024;3;3;0;0
PEDRO DE TOLEDO;02/2024;3;3;0;0
PEDRO DE TOLEDO;03/2024;3;3;0;0
PEDRO DE TOLEDO;04/2024;3;3;0;0
PEDRO DE TOLEDO;05/2024;3;3;0;0
PEDRO DE TOLEDO;06/2024;3;3;0;0
PEDRO DE TOLEDO;07/2024;3;3;0;0
PEDRO DE TOLEDO;08/2024;3;3;0;0
PEDRO DE TOLEDO;09/2024;3;3;0;0
PEDRO DE TOLEDO;10/2024;3;3;0;0
PEDRO DE TOLEDO;11/2024;3;3;0;0
PEDRO DE TOLEDO;12/2024;3;3;0;0
PENAPOLIS;01/2024;150;132;10;10
PENAPOLIS;02/2024;150;132;10;10
PENAPOLIS;03/2024;150;132;10;10
PENAPOLIS;04/2024;150;132;10;10
PENAPOLIS;05/2024;150;132;10;10
PENAPOLIS;06/2024;150;132;10;10
PENAPOLIS;07/2024;150;132;10;10
PENAPOLIS;08/2024;150;132;10;10
PENAPOLIS;09/2024;150;132;10;10
PENAPOLIS;10/2024;150;132;10;10
PENAPOLIS;11/2024;150;132;10;10
PENAPOLIS;12/2024;150;132;10;10
PEREIRA BARRETO;01/2024;56;50;0;0
PEREIRA BARRETO;02/2024;56;50;0;0
PEREIRA BARRETO;03/2024;56;50;0;0
PEREIRA BARRETO;04/2024;56;50;0;0
PEREIRA BARRETO;05/2024;56;50;0;0
PEREIRA BARRETO;06/2024;56;50;0;0
PEREIRA BARRETO;07/2024;56;50;0;0
PEREIRA BARRETO;08/2024;56;50;0;0
PEREIRA BARRETO;09/2024;56;50;0;0
PEREIRA BARRETO;10/2024;56;50;0;0
PEREIRA BARRETO;11/2024;56;50;0;0
PEREIRA BARRETO;12/2024;56;50;0;0
PERUIBE;01/2024;18;18;0;0
PERUIBE;02/2024;18;18;0;0
PERUIBE;03/2024;18;18;0;0
PERUIBE;04/2024;18;18;0;0
PERUIBE;05/2024;18;18;0;0
PERUIBE;06/2024;18;18;0;0
PERUIBE;07/2024;18;18;0;0
PERUIBE;08/2024;18;18;0;0
PERUIBE;09/2024;18;18;0;0
PERUIBE;10/2024;18;18;0;0
PERUIBE;11/2024;18;18;0;0
PERUIBE;12/2024;18;18;0;0
PIEDADE;01/2024;73;59;0;0
PIEDADE;02/2024;73;59;0;0
PIEDADE;03/2024;73;59;0;0
PIEDADE;04/2024;73;59;0;0
PIEDADE;05/2024;73;59;0;0
PIEDADE;06/2024;73;59;0;0
PIEDADE;07/2024;73;59;0;0
PIEDADE;08/2024;73;59;0;0
PIEDADE;09/2024;73;59;0;0
PIEDADE;10/2024;73;59;0;0
PIEDADE;11/2024;73;59;0;0
PIEDADE;12/2024;73;59;0;0
PILAR DO SUL;01/2024;35;27;0;0
PILAR DO SUL;02/2024;35;27;0;0
PILAR DO SUL;03/2024;35;27;0;0
PILAR DO SUL;04/2024;35;27;0;0
PILAR DO SUL;05/2024;35;27;0;0
PILAR DO SUL;06/2024;35;27;0;0
PILAR DO SUL;07/2024;35;27;0;0
PILAR DO SUL;08/2024;35;27;0;0
PILAR DO SUL;09/2024;35;27;0;0
PILAR DO SUL;10/2024;35;27;0;0
PILAR DO SUL;11/2024;35;27;0;0
PILAR DO SUL;12/2024;35;27;0;0
PINDAMONHANGABA;01/2024;319;163;51;27
PINDAMONHANGABA;02/2024;319;163;51;27
PINDAMONHANGABA;03/2024;319;163;51;27
PINDAMONHANGABA;04/2024;319;163;51;27
PINDAMONHANGABA;05/2024;319;163;51;27
PINDAMONHANGABA;06/2024;319;163;51;27
PINDAMONHANGABA;07/2024;319;163;51;27
PINDAMONHANGABA;08/2024;319;163;51;27
PINDAMONHANGABA;09/2024;319;163;51;27
PINDAMONHANGABA;10/2024;319;163;51;27
PINDAMONHANGABA;11/2024;319;163;51;27
PINDAMONHANGABA;12/2024;319;163;51;27
PIRACAIA;01/2024;28;28;0;0
PIRACAIA;02/2024;28;28;0;0
PIRACAIA;03/2024;28;28;0;0
PIRACAIA;04/2024;28;28;0;0
PIRACAIA;05/2024;28;28;0;0
PIRACAIA;06/2024;28;28;0;0
PIRACAIA;07/2024;28;28;0;0
PIRACAIA;08/2024;28;28;0;0
PIRACAIA;09/2024;28;28;0;0
PIRACAIA;10/2024;28;28;0;0
PIRACAIA;11/2024;28;28;0;0
PIRACAIA;12/2024;28;28;0;0
PIRACICABA;01/2024;886;465;146;84
PIRACICABA;02/2024;886;465;146;84
PIRACICABA;03/2024;886;465;146;84
PIRACICABA;04/2024;886;465;146;84
PIRACICABA;05/2024;886;465;146;84
PIRACICABA;06/2024;886;465;146;84
PIRACICABA;07/2024;925;476;156;84
PIRACICABA;08/2024;925;476;156;84
PIRACICABA;09/2024;925;476;156;84
PIRACICABA;10/2024;934;476;156;84
PIRACICABA;11/2024;934;476;156;84
PIRACICABA;12/2024;934;476;156;84
PIRAJU;01/2024;68;49;0;0
PIRAJU;02/2024;68;49;0;0
PIRAJU;03/2024;68;49;0;0
PIRAJU;04/2024;68;49;0;0
PIRAJU;05/2024;68;49;0;0
PIRAJU;06/2024;68;49;0;0
PIRAJU;07/2024;68;49;0;0
PIRAJU;08/2024;68;49;0;0
PIRAJU;09/2024;68;49;0;0
PIRAJU;10/2024;68;49;0;0
PIRAJU;11/2024;68;49;0;0
PIRAJU;12/2024;68;49;0;0
PIRAJUI;01/2024;290;85;0;0
PIRAJUI;02/2024;290;85;0;0
PIRAJUI;03/2024;290;85;0;0
PIRAJUI;04/2024;290;85;0;0
PIRAJUI;05/2024;290;85;0;0
PIRAJUI;06/2024;290;85;0;0
PIRAJUI;07/2024;290;85;0;0
PIRAJUI;08/2024;290;85;0;0
PIRAJUI;09/2024;290;85;0;0
PIRAJUI;10/2024;290;85;0;0
PIRAJUI;11/2024;290;85;0;0
PIRAJUI;12/2024;290;85;0;0
PIRANGI;01/2024;47;22;0;0
PIRANGI;02/2024;47;22;0;0
PIRANGI;03/2024;47;22;0;0
PIRANGI;04/2024;47;22;0;0
PIRANGI;05/2024;47;22;0;0
PIRANGI;06/2024;47;22;0;0
PIRANGI;07/2024;47;22;0;0
PIRANGI;08/2024;47;22;0;0
PIRANGI;09/2024;47;22;0;0
PIRANGI;10/2024;47;22;0;0
PIRANGI;11/2024;47;22;0;0
PIRANGI;12/2024;47;22;0;0
PIRASSUNUNGA;01/2024;186;65;10;6
PIRASSUNUNGA;02/2024;186;65;10;6
PIRASSUNUNGA;03/2024;186;65;10;6
PIRASSUNUNGA;04/2024;186;65;10;6
PIRASSUNUNGA;05/2024;186;65;10;6
PIRASSUNUNGA;06/2024;186;65;10;6
PIRASSUNUNGA;07/2024;186;65;10;6
PIRASSUNUNGA;08/2024;186;65;10;6
PIRASSUNUNGA;09/2024;186;65;10;6
PIRASSUNUNGA;10/2024;186;65;10;6
PIRASSUNUNGA;11/2024;186;65;10;6
PIRASSUNUNGA;12/2024;186;65;10;6
PIRATININGA;01/2024;23;21;0;0
PIRATININGA;02/2024;23;21;0;0
PIRATININGA;03/2024;23;21;0;0
PIRATININGA;04/2024;23;21;0;0
PIRATININGA;05/2024;23;21;0;0
PIRATININGA;06/2024;25;21;0;0
PIRATININGA;07/2024;25;21;0;0
PIRATININGA;08/2024;25;21;0;0
PIRATININGA;09/2024;25;21;0;0
PIRATININGA;10/2024;25;21;0;0
PIRATININGA;11/2024;25;21;0;0
PIRATININGA;12/2024;25;21;0;0
PITANGUEIRAS;01/2024;56;32;0;0
PITANGUEIRAS;02/2024;56;32;0;0
PITANGUEIRAS;03/2024;56;32;0;0
PITANGUEIRAS;04/2024;56;32;0;0
PITANGUEIRAS;05/2024;56;32;0;0
PITANGUEIRAS;06/2024;56;32;0;0
PITANGUEIRAS;07/2024;56;32;0;0
PITANGUEIRAS;08/2024;56;32;0;0
PITANGUEIRAS;09/2024;56;32;0;0
PITANGUEIRAS;10/2024;56;32;0;0
PITANGUEIRAS;11/2024;56;32;0;0
PITANGUEIRAS;12/2024;56;32;0;0
POMPEIA;01/2024;26;19;0;0
POMPEIA;02/2024;26;19;0;0
POMPEIA;03/2024;26;19;0;0
POMPEIA;04/2024;26;19;0;0
POMPEIA;05/2024;26;19;0;0
POMPEIA;06/2024;26;19;0;0
POMPEIA;07/2024;26;19;0;0
POMPEIA;08/2024;26;19;0;0
POMPEIA;09/2024;26;19;0;0
POMPEIA;10/2024;26;19;0;0
POMPEIA;11/2024;26;19;0;0
POMPEIA;12/2024;26;19;0;0
PONTAL;01/2024;38;30;0;0
PONTAL;02/2024;38;30;0;0
PONTAL;03/2024;38;30;0;0
PONTAL;04/2024;38;30;0;0
PONTAL;05/2024;38;30;0;0
PONTAL;06/2024;38;30;0;0
PONTAL;07/2024;38;30;0;0
PONTAL;08/2024;38;30;0;0
PONTAL;09/2024;38;30;0;0
PONTAL;10/2024;38;30;0;0
PONTAL;11/2024;38;30;0;0
PONTAL;12/2024;38;30;0;0
POPULINA;01/2024;18;6;0;0
POPULINA;02/2024;18;6;0;0
POPULINA;03/2024;18;6;0;0
POPULINA;04/2024;18;6;0;0
POPULINA;05/2024;18;6;0;0
POPULINA;06/2024;18;6;0;0
POPULINA;07/2024;18;6;0;0
POPULINA;08/2024;18;6;0;0
POPULINA;09/2024;18;6;0;0
POPULINA;10/2024;18;6;0;0
POPULINA;11/2024;18;6;0;0
POPULINA;12/2024;18;6;0;0
PORTO FELIZ;01/2024;73;45;10;0
PORTO FELIZ;02/2024;73;45;10;0
PORTO FELIZ;03/2024;73;45;10;0
PORTO FELIZ;04/2024;73;45;10;0
PORTO FELIZ;05/2024;73;45;10;0
PORTO FELIZ;06/2024;93;72;10;0
PORTO FELIZ;07/2024;93;72;10;0
PORTO FELIZ;08/2024;93;72;10;0
PORTO FELIZ;09/2024;93;72;10;0
PORTO FELIZ;10/2024;93;72;10;0
PORTO FELIZ;11/2024;93;72;10;0
PORTO FELIZ;12/2024;93;72;10;0
PORTO FERREIRA;01/2024;61;37;6;4
PORTO FERREIRA;02/2024;61;37;6;4
PORTO FERREIRA;03/2024;61;37;6;4
PORTO FERREIRA;04/2024;61;37;6;4
PORTO FERREIRA;05/2024;61;37;6;4
PORTO FERREIRA;06/2024;61;37;6;4
PORTO FERREIRA;07/2024;61;37;6;4
PORTO FERREIRA;08/2024;61;37;6;4
PORTO FERREIRA;09/2024;61;37;6;4
PORTO FERREIRA;10/2024;61;37;6;4
PORTO FERREIRA;11/2024;61;37;6;4
PORTO FERREIRA;12/2024;61;37;6;4
POTIRENDABA;01/2024;32;28;0;0
POTIRENDABA;02/2024;32;28;0;0
POTIRENDABA;03/2024;32;28;0;0
POTIRENDABA;04/2024;32;28;0;0
POTIRENDABA;05/2024;32;28;0;0
POTIRENDABA;06/2024;32;28;0;0
POTIRENDABA;07/2024;32;28;0;0
POTIRENDABA;08/2024;32;28;0;0
POTIRENDABA;09/2024;32;28;0;0
POTIRENDABA;10/2024;32;28;0;0
POTIRENDABA;11/2024;32;28;0;0
POTIRENDABA;12/2024;32;28;0;0
PRAIA GRANDE;01/2024;471;257;95;50
PRAIA GRANDE;02/2024;471;257;95;50
PRAIA GRANDE;03/2024;471;257;95;50
PRAIA GRANDE;04/2024;471;257;95;50
PRAIA GRANDE;05/2024;471;257;95;50
PRAIA GRANDE;06/2024;471;257;95;50
PRAIA GRANDE;07/2024;471;257;95;50
PRAIA GRANDE;08/2024;471;257;95;50
PRAIA GRANDE;09/2024;471;257;95;50
PRAIA GRANDE;10/2024;471;257;95;50
PRAIA GRANDE;11/2024;471;257;95;50
PRAIA GRANDE;12/2024;471;257;95;50
PRESIDENTE BERNARDES;01/2024;51;40;0;0
PRESIDENTE BERNARDES;02/2024;51;40;0;0
PRESIDENTE BERNARDES;03/2024;51;40;0;0
PRESIDENTE BERNARDES;04/2024;51;40;0;0
PRESIDENTE BERNARDES;05/2024;51;40;0;0
PRESIDENTE BERNARDES;06/2024;51;40;0;0
PRESIDENTE BERNARDES;07/2024;51;41;0;0
PRESIDENTE BERNARDES;08/2024;51;41;0;0
PRESIDENTE BERNARDES;09/2024;51;41;0;0
PRESIDENTE BERNARDES;10/2024;51;41;0;0
PRESIDENTE BERNARDES;11/2024;51;41;0;0
PRESIDENTE BERNARDES;12/2024;51;41;0;0
PRESIDENTE EPITACIO;01/2024;78;68;0;0
PRESIDENTE EPITACIO;02/2024;78;68;0;0
PRESIDENTE EPITACIO;03/2024;78;68;0;0
PRESIDENTE EPITACIO;04/2024;78;68;0;0
PRESIDENTE EPITACIO;05/2024;78;68;0;0
PRESIDENTE EPITACIO;06/2024;78;68;0;0
PRESIDENTE EPITACIO;07/2024;78;68;0;0
PRESIDENTE EPITACIO;08/2024;78;68;0;0
PRESIDENTE EPITACIO;09/2024;78;68;0;0
PRESIDENTE EPITACIO;10/2024;78;68;0;0
PRESIDENTE EPITACIO;11/2024;78;68;0;0
PRESIDENTE EPITACIO;12/2024;78;68;0;0
PRESIDENTE PRUDENTE;01/2024;1266;833;132;74
PRESIDENTE PRUDENTE;02/2024;1266;833;132;74
PRESIDENTE PRUDENTE;03/2024;1285;833;139;74
PRESIDENTE PRUDENTE;04/2024;1285;833;139;74
PRESIDENTE PRUDENTE;05/2024;1285;833;139;74
PRESIDENTE PRUDENTE;06/2024;1285;833;139;74
PRESIDENTE PRUDENTE;07/2024;1285;833;139;74
PRESIDENTE PRUDENTE;08/2024;1285;833;139;74
PRESIDENTE PRUDENTE;09/2024;1285;833;139;74
PRESIDENTE PRUDENTE;10/2024;1285;833;139;74
PRESIDENTE PRUDENTE;11/2024;1285;833;139;74
PRESIDENTE PRUDENTE;12/2024;1285;833;139;74
PRESIDENTE VENCESLAU;01/2024;112;72;10;10
PRESIDENTE VENCESLAU;02/2024;112;72;10;10
PRESIDENTE VENCESLAU;03/2024;112;72;10;10
PRESIDENTE VENCESLAU;04/2024;112;72;10;10
PRESIDENTE VENCESLAU;05/2024;112;72;10;10
PRESIDENTE VENCESLAU;06/2024;112;72;10;10
PRESIDENTE VENCESLAU;07/2024;112;72;10;10
PRESIDENTE VENCESLAU;08/2024;112;72;10;10
PRESIDENTE VENCESLAU;09/2024;112;72;10;10
PRESIDENTE VENCESLAU;10/2024;112;72;10;10
PRESIDENTE VENCESLAU;11/2024;112;72;10;10
PRESIDENTE VENCESLAU;12/2024;112;72;10;10
PROMISSAO;01/2024;74;74;10;10
PROMISSAO;02/2024;74;74;10;10
PROMISSAO;03/2024;74;74;10;10
PROMISSAO;04/2024;73;73;10;10
PROMISSAO;05/2024;73;73;10;10
PROMISSAO;06/2024;73;73;10;10
PROMISSAO;07/2024;73;73;10;10
PROMISSAO;08/2024;73;73;10;10
PROMISSAO;09/2024;74;74;10;10
PROMISSAO;10/2024;74;74;10;10
PROMISSAO;11/2024;74;74;10;10
PROMISSAO;12/2024;74;74;10;10
QUELUZ;01/2024;19;19;0;0
QUELUZ;02/2024;19;19;0;0
QUELUZ;03/2024;19;19;0;0
QUELUZ;04/2024;19;19;0;0
QUELUZ;05/2024;19;19;0;0
QUELUZ;06/2024;19;19;0;0
QUELUZ;07/2024;19;19;0;0
QUELUZ;08/2024;19;19;0;0
QUELUZ;09/2024;19;19;0;0
QUELUZ;10/2024;19;19;0;0
QUELUZ;11/2024;19;19;0;0
QUELUZ;12/2024;19;19;0;0
RANCHARIA;01/2024;115;81;10;10
RANCHARIA;02/2024;115;81;10;10
RANCHARIA;03/2024;115;81;10;10
RANCHARIA;04/2024;115;81;10;10
RANCHARIA;05/2024;115;81;10;10
RANCHARIA;06/2024;115;81;10;10
RANCHARIA;07/2024;115;81;10;10
RANCHARIA;08/2024;115;81;10;10
RANCHARIA;09/2024;115;81;10;10
RANCHARIA;10/2024;115;81;10;10
RANCHARIA;11/2024;115;81;10;10
RANCHARIA;12/2024;115;81;10;10
REGENTE FEIJO;01/2024;42;33;0;0
REGENTE FEIJO;02/2024;42;33;0;0
REGENTE FEIJO;03/2024;42;33;0;0
REGENTE FEIJO;04/2024;45;36;0;0
REGENTE FEIJO;05/2024;45;36;0;0
REGENTE FEIJO;06/2024;45;36;0;0
REGENTE FEIJO;07/2024;45;36;0;0
REGENTE FEIJO;08/2024;45;36;0;0
REGENTE FEIJO;09/2024;45;36;0;0
REGENTE FEIJO;10/2024;45;36;0;0
REGENTE FEIJO;11/2024;45;36;0;0
REGENTE FEIJO;12/2024;45;36;0;0
REGISTRO;01/2024;282;225;40;30
REGISTRO;02/2024;282;225;40;30
REGISTRO;03/2024;282;225;40;30
REGISTRO;04/2024;282;225;40;30
REGISTRO;05/2024;282;225;40;30
REGISTRO;06/2024;282;225;40;30
REGISTRO;07/2024;282;225;40;30
REGISTRO;08/2024;282;225;40;30
REGISTRO;09/2024;298;239;40;30
REGISTRO;10/2024;268;209;40;30
REGISTRO;11/2024;268;209;40;30
REGISTRO;12/2024;268;209;40;30
RIBEIRAO BONITO;01/2024;13;10;0;0
RIBEIRAO BONITO;02/2024;13;10;0;0
RIBEIRAO BONITO;03/2024;13;10;0;0
RIBEIRAO BONITO;04/2024;13;10;0;0
RIBEIRAO BONITO;05/2024;13;10;0;0
RIBEIRAO BONITO;06/2024;13;10;0;0
RIBEIRAO BONITO;07/2024;13;10;0;0
RIBEIRAO BONITO;08/2024;13;10;0;0
RIBEIRAO BONITO;09/2024;13;10;0;0
RIBEIRAO BONITO;10/2024;13;10;0;0
RIBEIRAO BONITO;11/2024;13;10;0;0
RIBEIRAO BONITO;12/2024;13;10;0;0
RIBEIRAO BRANCO;01/2024;28;28;0;0
RIBEIRAO BRANCO;02/2024;28;28;0;0
RIBEIRAO BRANCO;03/2024;28;28;0;0
RIBEIRAO BRANCO;04/2024;28;28;0;0
RIBEIRAO BRANCO;05/2024;28;28;0;0
RIBEIRAO BRANCO;06/2024;28;28;0;0
RIBEIRAO BRANCO;07/2024;28;28;0;0
RIBEIRAO BRANCO;08/2024;28;28;0;0
RIBEIRAO BRANCO;09/2024;28;28;0;0
RIBEIRAO BRANCO;10/2024;28;28;0;0
RIBEIRAO BRANCO;11/2024;28;28;0;0
RIBEIRAO BRANCO;12/2024;28;28;0;0
RIBEIRAO PIRES;01/2024;168;43;11;0
RIBEIRAO PIRES;02/2024;168;43;11;0
RIBEIRAO PIRES;03/2024;168;43;11;0
RIBEIRAO PIRES;04/2024;168;43;11;0
RIBEIRAO PIRES;05/2024;168;43;11;0
RIBEIRAO PIRES;06/2024;168;43;11;0
RIBEIRAO PIRES;07/2024;168;43;11;0
RIBEIRAO PIRES;08/2024;168;43;11;0
RIBEIRAO PIRES;09/2024;168;43;11;0
RIBEIRAO PIRES;10/2024;168;43;11;0
RIBEIRAO PIRES;11/2024;168;43;11;0
RIBEIRAO PIRES;12/2024;168;43;11;0
RIBEIRAO PRETO;01/2024;2648;1655;377;170
RIBEIRAO PRETO;02/2024;2627;1655;369;170
RIBEIRAO PRETO;03/2024;2627;1669;369;184
RIBEIRAO PRETO;04/2024;2627;1669;369;184
RIBEIRAO PRETO;05/2024;2627;1669;369;184
RIBEIRAO PRETO;06/2024;2627;1669;369;184
RIBEIRAO PRETO;07/2024;2626;1668;369;184
RIBEIRAO PRETO;08/2024;2683;1667;378;184
RIBEIRAO PRETO;09/2024;2683;1667;378;184
RIBEIRAO PRETO;10/2024;2684;1691;378;184
RIBEIRAO PRETO;11/2024;2652;1686;388;184
RIBEIRAO PRETO;12/2024;2652;1686;388;184
RINOPOLIS;01/2024;24;23;0;0
RINOPOLIS;02/2024;24;23;0;0
RINOPOLIS;03/2024;24;23;0;0
RINOPOLIS;04/2024;24;23;0;0
RINOPOLIS;05/2024;24;23;0;0
RINOPOLIS;06/2024;24;23;0;0
RINOPOLIS;07/2024;24;23;0;0
RINOPOLIS;08/2024;24;23;0;0
RINOPOLIS;09/2024;24;23;0;0
RINOPOLIS;10/2024;24;23;0;0
RINOPOLIS;11/2024;24;23;0;0
RINOPOLIS;12/2024;24;23;0;0
RIO CLARO;01/2024;438;225;49;17
RIO CLARO;02/2024;438;225;49;17
RIO CLARO;03/2024;438;225;49;17
RIO CLARO;04/2024;448;235;49;17
RIO CLARO;05/2024;448;235;49;17
RIO CLARO;06/2024;448;235;49;17
RIO CLARO;07/2024;448;235;49;17
RIO CLARO;08/2024;448;235;49;17
RIO CLARO;09/2024;448;235;49;17
RIO CLARO;10/2024;448;235;49;17
RIO CLARO;11/2024;448;235;49;17
RIO CLARO;12/2024;448;235;49;17
RIO DAS PEDRAS;01/2024;72;64;0;0
RIO DAS PEDRAS;02/2024;72;64;0;0
RIO DAS PEDRAS;03/2024;72;64;0;0
RIO DAS PEDRAS;04/2024;72;64;0;0
RIO DAS PEDRAS;05/2024;72;64;0;0
RIO DAS PEDRAS;06/2024;72;64;0;0
RIO DAS PEDRAS;07/2024;72;64;0;0
RIO DAS PEDRAS;08/2024;72;64;0;0
RIO DAS PEDRAS;09/2024;72;64;0;0
RIO DAS PEDRAS;10/2024;72;64;0;0
RIO DAS PEDRAS;11/2024;72;64;0;0
RIO DAS PEDRAS;12/2024;72;64;0;0
RIOLANDIA;01/2024;36;25;0;0
RIOLANDIA;02/2024;36;25;0;0
RIOLANDIA;03/2024;36;25;0;0
RIOLANDIA;04/2024;36;25;0;0
RIOLANDIA;05/2024;36;25;0;0
RIOLANDIA;06/2024;36;25;0;0
RIOLANDIA;07/2024;36;25;0;0
RIOLANDIA;08/2024;36;25;0;0
RIOLANDIA;09/2024;36;25;0;0
RIOLANDIA;10/2024;36;25;0;0
RIOLANDIA;11/2024;36;25;0;0
RIOLANDIA;12/2024;36;25;0;0
ROSANA;01/2024;82;82;0;0
ROSANA;02/2024;82;82;0;0
ROSANA;03/2024;82;82;0;0
ROSANA;04/2024;72;72;0;0
ROSANA;05/2024;72;72;0;0
ROSANA;06/2024;72;72;0;0
ROSANA;07/2024;72;72;0;0
ROSANA;08/2024;72;72;0;0
ROSANA;09/2024;72;72;0;0
ROSANA;10/2024;72;72;0;0
ROSANA;11/2024;72;72;0;0
ROSANA;12/2024;72;72;0;0
ROSEIRA;01/2024;14;14;0;0
ROSEIRA;02/2024;14;14;0;0
ROSEIRA;03/2024;14;14;0;0
ROSEIRA;04/2024;14;14;0;0
ROSEIRA;05/2024;14;14;0;0
ROSEIRA;06/2024;14;14;0;0
ROSEIRA;07/2024;14;14;0;0
ROSEIRA;08/2024;14;14;0;0
ROSEIRA;09/2024;14;14;0;0
ROSEIRA;10/2024;14;14;0;0
ROSEIRA;11/2024;14;14;0;0
ROSEIRA;12/2024;14;14;0;0
SALES OLIVEIRA;01/2024;30;20;0;0
SALES OLIVEIRA;02/2024;30;20;0;0
SALES OLIVEIRA;03/2024;30;20;0;0
SALES OLIVEIRA;04/2024;30;20;0;0
SALES OLIVEIRA;05/2024;30;20;0;0
SALES OLIVEIRA;06/2024;30;20;0;0
SALES OLIVEIRA;07/2024;30;20;0;0
SALES OLIVEIRA;08/2024;30;20;0;0
SALES OLIVEIRA;09/2024;30;20;0;0
SALES OLIVEIRA;10/2024;30;20;0;0
SALES OLIVEIRA;11/2024;30;20;0;0
SALES OLIVEIRA;12/2024;30;20;0;0
SALESOPOLIS;01/2024;11;11;0;0
SALESOPOLIS;02/2024;11;11;0;0
SALESOPOLIS;03/2024;11;11;0;0
SALESOPOLIS;04/2024;11;11;0;0
SALESOPOLIS;05/2024;11;11;0;0
SALESOPOLIS;06/2024;11;11;0;0
SALESOPOLIS;07/2024;11;11;0;0
SALESOPOLIS;08/2024;11;11;0;0
SALESOPOLIS;09/2024;11;11;0;0
SALESOPOLIS;10/2024;11;11;0;0
SALESOPOLIS;11/2024;11;11;0;0
SALESOPOLIS;12/2024;11;11;0;0
SALTO;01/2024;126;126;10;10
SALTO;02/2024;126;126;10;10
SALTO;03/2024;126;126;10;10
SALTO;04/2024;126;126;10;10
SALTO;05/2024;126;126;10;10
SALTO;06/2024;126;126;10;10
SALTO;07/2024;126;126;10;10
SALTO;08/2024;126;126;10;10
SALTO;09/2024;126;126;10;10
SALTO;10/2024;126;126;10;10
SALTO;11/2024;126;126;10;10
SALTO;12/2024;126;126;10;10
SALTO DE PIRAPORA;01/2024;52;43;0;0
SALTO DE PIRAPORA;02/2024;52;43;0;0
SALTO DE PIRAPORA;03/2024;52;43;0;0
SALTO DE PIRAPORA;04/2024;52;43;0;0
SALTO DE PIRAPORA;05/2024;52;43;0;0
SALTO DE PIRAPORA;06/2024;52;43;0;0
SALTO DE PIRAPORA;07/2024;52;43;0;0
SALTO DE PIRAPORA;08/2024;56;47;0;0
SALTO DE PIRAPORA;09/2024;56;47;0;0
SALTO DE PIRAPORA;10/2024;56;47;0;0
SALTO DE PIRAPORA;11/2024;56;47;0;0
SALTO DE PIRAPORA;12/2024;56;47;0;0
SALTO GRANDE;01/2024;34;22;0;0
SALTO GRANDE;02/2024;34;22;0;0
SALTO GRANDE;03/2024;34;22;0;0
SALTO GRANDE;04/2024;34;22;0;0
SALTO GRANDE;05/2024;34;22;0;0
SALTO GRANDE;06/2024;34;22;0;0
SALTO GRANDE;07/2024;34;22;0;0
SALTO GRANDE;08/2024;34;22;0;0
SALTO GRANDE;09/2024;34;22;0;0
SALTO GRANDE;10/2024;34;22;0;0
SALTO GRANDE;11/2024;34;22;0;0
SALTO GRANDE;12/2024;34;22;0;0
SANTA ADELIA;01/2024;19;11;0;0
SANTA ADELIA;02/2024;23;17;0;0
SANTA ADELIA;03/2024;23;17;0;0
SANTA ADELIA;04/2024;23;17;0;0
SANTA ADELIA;05/2024;23;17;0;0
SANTA ADELIA;06/2024;23;17;0;0
SANTA ADELIA;07/2024;23;19;0;0
SANTA ADELIA;08/2024;23;19;0;0
SANTA ADELIA;09/2024;23;19;0;0
SANTA ADELIA;10/2024;23;19;0;0
SANTA ADELIA;11/2024;23;19;0;0
SANTA ADELIA;12/2024;23;19;0;0
SANTA BARBARA D'OESTE;01/2024;170;103;24;18
SANTA BARBARA D'OESTE;02/2024;170;103;24;18
SANTA BARBARA D'OESTE;03/2024;170;103;24;18
SANTA BARBARA D'OESTE;04/2024;170;103;24;18
SANTA BARBARA D'OESTE;05/2024;170;103;24;18
SANTA BARBARA D'OESTE;06/2024;170;103;24;18
SANTA BARBARA D'OESTE;07/2024;177;110;24;18
SANTA BARBARA D'OESTE;08/2024;177;110;24;18
SANTA BARBARA D'OESTE;09/2024;177;110;24;18
SANTA BARBARA D'OESTE;10/2024;177;110;24;18
SANTA BARBARA D'OESTE;11/2024;177;110;24;18
SANTA BARBARA D'OESTE;12/2024;177;110;24;18
SANTA CRUZ DAS PALMEIRAS;01/2024;35;25;0;0
SANTA CRUZ DAS PALMEIRAS;02/2024;35;25;0;0
SANTA CRUZ DAS PALMEIRAS;03/2024;35;25;0;0
SANTA CRUZ DAS PALMEIRAS;04/2024;35;25;0;0
SANTA CRUZ DAS PALMEIRAS;05/2024;35;25;0;0
SANTA CRUZ DAS PALMEIRAS;06/2024;35;25;0;0
SANTA CRUZ DAS PALMEIRAS;07/2024;35;25;0;0
SANTA CRUZ DAS PALMEIRAS;08/2024;35;25;0;0
SANTA CRUZ DAS PALMEIRAS;09/2024;35;25;0;0
SANTA CRUZ DAS PALMEIRAS;10/2024;35;25;0;0
SANTA CRUZ DAS PALMEIRAS;11/2024;35;25;0;0
SANTA CRUZ DAS PALMEIRAS;12/2024;34;25;0;0
SANTA CRUZ DO RIO PARDO;01/2024;123;72;20;10
SANTA CRUZ DO RIO PARDO;02/2024;123;72;20;10
SANTA CRUZ DO RIO PARDO;03/2024;123;82;20;20
SANTA CRUZ DO RIO PARDO;04/2024;123;82;20;20
SANTA CRUZ DO RIO PARDO;05/2024;123;82;20;20
SANTA CRUZ DO RIO PARDO;06/2024;123;82;20;20
SANTA CRUZ DO RIO PARDO;07/2024;123;82;20;20
SANTA CRUZ DO RIO PARDO;08/2024;123;82;20;20
SANTA CRUZ DO RIO PARDO;09/2024;123;82;20;20
SANTA CRUZ DO RIO PARDO;10/2024;123;82;20;20
SANTA CRUZ DO RIO PARDO;11/2024;123;82;20;20
SANTA CRUZ DO RIO PARDO;12/2024;123;82;20;20
SANTA FE DO SUL;01/2024;91;67;10;9
SANTA FE DO SUL;02/2024;91;67;10;9
SANTA FE DO SUL;03/2024;91;67;10;9
SANTA FE DO SUL;04/2024;91;67;10;9
SANTA FE DO SUL;05/2024;91;67;10;9
SANTA FE DO SUL;06/2024;91;67;10;9
SANTA FE DO SUL;07/2024;91;67;10;9
SANTA FE DO SUL;08/2024;91;67;10;9
SANTA FE DO SUL;09/2024;91;67;10;9
SANTA FE DO SUL;10/2024;91;67;10;9
SANTA FE DO SUL;11/2024;91;67;10;9
SANTA FE DO SUL;12/2024;91;67;10;9
SANTA ISABEL;01/2024;76;64;7;6
SANTA ISABEL;02/2024;76;64;7;6
SANTA ISABEL;03/2024;76;64;7;6
SANTA ISABEL;04/2024;76;64;7;6
SANTA ISABEL;05/2024;76;64;7;6
SANTA ISABEL;06/2024;76;64;7;6
SANTA ISABEL;07/2024;76;64;7;6
SANTA ISABEL;08/2024;76;64;7;6
SANTA ISABEL;09/2024;76;64;7;6
SANTA ISABEL;10/2024;76;64;7;6
SANTA ISABEL;11/2024;76;64;7;6
SANTA ISABEL;12/2024;76;64;7;6
SANTA LUCIA;01/2024;8;0;0;0
SANTA LUCIA;02/2024;8;0;0;0
SANTA LUCIA;03/2024;8;0;0;0
SANTA LUCIA;04/2024;8;0;0;0
SANTA LUCIA;05/2024;8;0;0;0
SANTA LUCIA;06/2024;8;0;0;0
SANTA LUCIA;07/2024;8;0;0;0
SANTA LUCIA;08/2024;8;0;0;0
SANTA LUCIA;09/2024;8;0;0;0
SANTA LUCIA;10/2024;8;0;0;0
SANTA LUCIA;11/2024;8;0;0;0
SANTA LUCIA;12/2024;8;0;0;0
SANTA MARIA DA SERRA;01/2024;6;6;0;0
SANTA MARIA DA SERRA;02/2024;6;6;0;0
SANTA MARIA DA SERRA;03/2024;6;6;0;0
SANTA MARIA DA SERRA;04/2024;6;6;0;0
SANTA MARIA DA SERRA;05/2024;6;6;0;0
SANTA MARIA DA SERRA;06/2024;6;6;0;0
SANTA MARIA DA SERRA;07/2024;6;6;0;0
SANTA MARIA DA SERRA;08/2024;6;6;0;0
SANTA MARIA DA SERRA;09/2024;6;6;0;0
SANTA MARIA DA SERRA;10/2024;6;6;0;0
SANTA MARIA DA SERRA;11/2024;6;6;0;0
SANTA MARIA DA SERRA;12/2024;6;6;0;0
SANTA RITA DO PASSA QUATRO;01/2024;265;253;0;0
SANTA RITA DO PASSA QUATRO;02/2024;265;253;0;0
SANTA RITA DO PASSA QUATRO;03/2024;265;253;0;0
SANTA RITA DO PASSA QUATRO;04/2024;265;253;0;0
SANTA RITA DO PASSA QUATRO;05/2024;265;253;0;0
SANTA RITA DO PASSA QUATRO;06/2024;265;253;0;0
SANTA RITA DO PASSA QUATRO;07/2024;265;253;0;0
SANTA RITA DO PASSA QUATRO;08/2024;256;244;0;0
SANTA RITA DO PASSA QUATRO;09/2024;251;239;0;0
SANTA RITA DO PASSA QUATRO;10/2024;251;239;0;0
SANTA RITA DO PASSA QUATRO;11/2024;251;239;0;0
SANTA RITA DO PASSA QUATRO;12/2024;251;239;0;0
SANTA ROSA DE VITERBO;01/2024;32;19;0;0
SANTA ROSA DE VITERBO;02/2024;32;19;0;0
SANTA ROSA DE VITERBO;03/2024;32;19;0;0
SANTA ROSA DE VITERBO;04/2024;32;19;0;0
SANTA ROSA DE VITERBO;05/2024;32;19;0;0
SANTA ROSA DE VITERBO;06/2024;32;19;0;0
SANTA ROSA DE VITERBO;07/2024;32;19;0;0
SANTA ROSA DE VITERBO;08/2024;32;19;0;0
SANTA ROSA DE VITERBO;09/2024;32;19;0;0
SANTA ROSA DE VITERBO;10/2024;32;19;0;0
SANTA ROSA DE VITERBO;11/2024;32;19;0;0
SANTA ROSA DE VITERBO;12/2024;32;19;0;0
SANTANA DE PARNAIBA;01/2024;68;66;0;0
SANTANA DE PARNAIBA;02/2024;68;66;0;0
SANTANA DE PARNAIBA;03/2024;68;66;0;0
SANTANA DE PARNAIBA;04/2024;68;66;0;0
SANTANA DE PARNAIBA;05/2024;68;66;0;0
SANTANA DE PARNAIBA;06/2024;68;66;0;0
SANTANA DE PARNAIBA;07/2024;68;66;0;0
SANTANA DE PARNAIBA;08/2024;68;66;0;0
SANTANA DE PARNAIBA;09/2024;68;66;0;0
SANTANA DE PARNAIBA;10/2024;68;66;0;0
SANTANA DE PARNAIBA;11/2024;68;66;0;0
SANTANA DE PARNAIBA;12/2024;68;66;0;0
SANTO ANASTACIO;01/2024;56;37;0;0
SANTO ANASTACIO;02/2024;56;37;0;0
SANTO ANASTACIO;03/2024;56;37;0;0
SANTO ANASTACIO;04/2024;56;37;0;0
SANTO ANASTACIO;05/2024;56;37;0;0
SANTO ANASTACIO;06/2024;56;37;0;0
SANTO ANASTACIO;07/2024;56;37;0;0
SANTO ANASTACIO;08/2024;56;37;0;0
SANTO ANASTACIO;09/2024;56;37;0;0
SANTO ANASTACIO;10/2024;56;37;0;0
SANTO ANASTACIO;11/2024;56;37;0;0
SANTO ANASTACIO;12/2024;56;37;0;0
SANTO ANDRE;01/2024;1819;758;435;164
SANTO ANDRE;02/2024;1819;758;435;164
SANTO ANDRE;03/2024;1819;758;435;164
SANTO ANDRE;04/2024;1819;758;435;164
SANTO ANDRE;05/2024;1819;758;435;164
SANTO ANDRE;06/2024;1761;758;377;164
SANTO ANDRE;07/2024;1761;758;377;164
SANTO ANDRE;08/2024;1763;758;377;164
SANTO ANDRE;09/2024;1770;758;377;164
SANTO ANDRE;10/2024;1770;758;377;164
SANTO ANDRE;11/2024;1753;743;377;164
SANTO ANDRE;12/2024;1753;743;377;164
SANTO ANTONIO DA ALEGRIA;01/2024;9;9;0;0
SANTO ANTONIO DA ALEGRIA;02/2024;9;9;0;0
SANTO ANTONIO DA ALEGRIA;03/2024;9;9;0;0
SANTO ANTONIO DA ALEGRIA;04/2024;9;9;0;0
SANTO ANTONIO DA ALEGRIA;05/2024;9;9;0;0
SANTO ANTONIO DA ALEGRIA;06/2024;9;9;0;0
SANTO ANTONIO DA ALEGRIA;07/2024;9;9;0;0
SANTO ANTONIO DA ALEGRIA;08/2024;9;9;0;0
SANTO ANTONIO DA ALEGRIA;09/2024;9;9;0;0
SANTO ANTONIO DA ALEGRIA;10/2024;9;9;0;0
SANTO ANTONIO DA ALEGRIA;11/2024;9;9;0;0
SANTO ANTONIO DA ALEGRIA;12/2024;9;9;0;0
SANTOS;01/2024;1907;857;346;148
SANTOS;02/2024;1984;850;375;148
SANTOS;03/2024;1908;857;346;148
SANTOS;04/2024;1917;819;346;148
SANTOS;05/2024;1917;849;346;148
SANTOS;06/2024;1917;849;346;148
SANTOS;07/2024;1917;849;346;148
SANTOS;08/2024;1917;849;346;148
SANTOS;09/2024;1917;849;346;148
SANTOS;10/2024;1917;849;346;148
SANTOS;11/2024;1917;849;346;148
SANTOS;12/2024;1917;849;346;148
SAO BENTO DO SAPUCAI;01/2024;40;26;0;0
SAO BENTO DO SAPUCAI;02/2024;40;26;0;0
SAO BENTO DO SAPUCAI;03/2024;40;26;0;0
SAO BENTO DO SAPUCAI;04/2024;40;26;0;0
SAO BENTO DO SAPUCAI;05/2024;40;26;0;0
SAO BENTO DO SAPUCAI;06/2024;40;26;0;0
SAO BENTO DO SAPUCAI;07/2024;40;26;0;0
SAO BENTO DO SAPUCAI;08/2024;40;26;0;0
SAO BENTO DO SAPUCAI;09/2024;40;26;0;0
SAO BENTO DO SAPUCAI;10/2024;40;26;0;0
SAO BENTO DO SAPUCAI;11/2024;40;26;0;0
SAO BENTO DO SAPUCAI;12/2024;40;26;0;0
SAO BERNARDO DO CAMPO;01/2024;2075;891;324;133
SAO BERNARDO DO CAMPO;02/2024;2075;891;324;133
SAO BERNARDO DO CAMPO;03/2024;1955;769;324;133
SAO BERNARDO DO CAMPO;04/2024;1945;766;324;138
SAO BERNARDO DO CAMPO;05/2024;1945;766;324;138
SAO BERNARDO DO CAMPO;06/2024;1971;792;324;138
SAO BERNARDO DO CAMPO;07/2024;1985;797;324;138
SAO BERNARDO DO CAMPO;08/2024;1985;797;324;138
SAO BERNARDO DO CAMPO;09/2024;1985;807;324;138
SAO BERNARDO DO CAMPO;10/2024;2017;807;324;138
SAO BERNARDO DO CAMPO;11/2024;2017;807;324;138
SAO BERNARDO DO CAMPO;12/2024;1991;781;324;138
SAO CAETANO DO SUL;01/2024;1017;224;212;44
SAO CAETANO DO SUL;02/2024;1017;224;212;44
SAO CAETANO DO SUL;03/2024;1017;224;212;44
SAO CAETANO DO SUL;04/2024;1017;224;212;44
SAO CAETANO DO SUL;05/2024;1017;224;212;44
SAO CAETANO DO SUL;06/2024;1018;224;213;44
SAO CAETANO DO SUL;07/2024;1019;225;213;44
SAO CAETANO DO SUL;08/2024;1019;225;213;44
SAO CAETANO DO SUL;09/2024;1034;240;213;44
SAO CAETANO DO SUL;10/2024;1034;240;213;44
SAO CAETANO DO SUL;11/2024;1034;240;213;44
SAO CAETANO DO SUL;12/2024;1034;240;213;44
SAO CARLOS;01/2024;512;231;83;50
SAO CARLOS;02/2024;518;235;93;50
SAO CARLOS;03/2024;518;235;93;50
SAO CARLOS;04/2024;518;235;93;50
SAO CARLOS;05/2024;518;245;93;60
SAO CARLOS;06/2024;518;245;93;60
SAO CARLOS;07/2024;518;245;93;60
SAO CARLOS;08/2024;518;245;93;60
SAO CARLOS;09/2024;482;259;96;60
SAO CARLOS;10/2024;482;259;96;60
SAO CARLOS;11/2024;490;269;96;60
SAO CARLOS;12/2024;490;269;96;60
SAO JOAO DA BOA VISTA;01/2024;225;112;28;18
SAO JOAO DA BOA VISTA;02/2024;225;112;28;18
SAO JOAO DA BOA VISTA;03/2024;225;112;28;18
SAO JOAO DA BOA VISTA;04/2024;225;112;28;18
SAO JOAO DA BOA VISTA;05/2024;225;112;28;18
SAO JOAO DA BOA VISTA;06/2024;225;112;28;18
SAO JOAO DA BOA VISTA;07/2024;225;112;28;18
SAO JOAO DA BOA VISTA;08/2024;213;105;30;18
SAO JOAO DA BOA VISTA;09/2024;213;105;30;18
SAO JOAO DA BOA VISTA;10/2024;213;105;30;18
SAO JOAO DA BOA VISTA;11/2024;213;105;30;18
SAO JOAO DA BOA VISTA;12/2024;213;105;30;18
SAO JOAQUIM DA BARRA;01/2024;114;71;10;8
SAO JOAQUIM DA BARRA;02/2024;114;71;10;8
SAO JOAQUIM DA BARRA;03/2024;114;71;10;8
SAO JOAQUIM DA BARRA;04/2024;114;71;10;8
SAO JOAQUIM DA BARRA;05/2024;106;79;10;8
SAO JOAQUIM DA BARRA;06/2024;113;76;10;8
SAO JOAQUIM DA BARRA;07/2024;113;76;10;8
SAO JOAQUIM DA BARRA;08/2024;113;76;10;8
SAO JOAQUIM DA BARRA;09/2024;113;76;10;8
SAO JOAQUIM DA BARRA;10/2024;105;78;10;8
SAO JOAQUIM DA BARRA;11/2024;105;78;10;8
SAO JOAQUIM DA BARRA;12/2024;105;78;10;8
SAO JOSE DO RIO PARDO;01/2024;150;86;9;7
SAO JOSE DO RIO PARDO;02/2024;150;86;9;7
SAO JOSE DO RIO PARDO;03/2024;150;86;9;7
SAO JOSE DO RIO PARDO;04/2024;150;86;9;7
SAO JOSE DO RIO PARDO;05/2024;150;86;9;7
SAO JOSE DO RIO PARDO;06/2024;150;86;9;7
SAO JOSE DO RIO PARDO;07/2024;150;86;9;7
SAO JOSE DO RIO PARDO;08/2024;150;86;9;7
SAO JOSE DO RIO PARDO;09/2024;150;86;9;7
SAO JOSE DO RIO PARDO;10/2024;150;86;9;7
SAO JOSE DO RIO PARDO;11/2024;150;86;9;7
SAO JOSE DO RIO PARDO;12/2024;150;86;9;7
SAO JOSE DO RIO PRETO;01/2024;2606;1324;410;247
SAO JOSE DO RIO PRETO;02/2024;2594;1324;410;247
SAO JOSE DO RIO PRETO;03/2024;2594;1324;410;247
SAO JOSE DO RIO PRETO;04/2024;2589;1324;405;247
SAO JOSE DO RIO PRETO;05/2024;2589;1302;405;225
SAO JOSE DO RIO PRETO;06/2024;2644;1357;405;225
SAO JOSE DO RIO PRETO;07/2024;2644;1357;405;225
SAO JOSE DO RIO PRETO;08/2024;2644;1362;405;230
SAO JOSE DO RIO PRETO;09/2024;2644;1362;405;230
SAO JOSE DO RIO PRETO;10/2024;2644;1372;405;240
SAO JOSE DO RIO PRETO;11/2024;2644;1372;405;240
SAO JOSE DO RIO PRETO;12/2024;2644;1372;405;240
SAO JOSE DOS CAMPOS;01/2024;1925;901;345;151
SAO JOSE DOS CAMPOS;02/2024;1856;901;326;151
SAO JOSE DOS CAMPOS;03/2024;1856;901;326;151
SAO JOSE DOS CAMPOS;04/2024;1867;907;326;151
SAO JOSE DOS CAMPOS;05/2024;1869;909;326;151
SAO JOSE DOS CAMPOS;06/2024;1864;909;326;151
SAO JOSE DOS CAMPOS;07/2024;1849;909;326;151
SAO JOSE DOS CAMPOS;08/2024;1849;909;326;151
SAO JOSE DOS CAMPOS;09/2024;1849;909;326;151
SAO JOSE DOS CAMPOS;10/2024;1847;919;326;161
SAO JOSE DOS CAMPOS;11/2024;1879;919;330;161
SAO JOSE DOS CAMPOS;12/2024;1879;919;330;161
SAO LUIS DO PARAITINGA;01/2024;25;16;0;0
SAO LUIS DO PARAITINGA;02/2024;25;16;0;0
SAO LUIS DO PARAITINGA;03/2024;25;16;0;0
SAO LUIS DO PARAITINGA;04/2024;25;16;0;0
SAO LUIS DO PARAITINGA;05/2024;25;16;0;0
SAO LUIS DO PARAITINGA;06/2024;25;16;0;0
SAO LUIS DO PARAITINGA;07/2024;25;16;0;0
SAO LUIS DO PARAITINGA;08/2024;25;16;0;0
SAO LUIS DO PARAITINGA;09/2024;25;16;0;0
SAO LUIS DO PARAITINGA;10/2024;25;16;0;0
SAO LUIS DO PARAITINGA;11/2024;25;16;0;0
SAO LUIS DO PARAITINGA;12/2024;25;16;0;0
SAO MANUEL;01/2024;70;44;10;0
SAO MANUEL;02/2024;70;44;10;0
SAO MANUEL;03/2024;70;44;10;0
SAO MANUEL;04/2024;70;51;10;7
SAO MANUEL;05/2024;70;51;10;7
SAO MANUEL;06/2024;70;51;10;7
SAO MANUEL;07/2024;70;51;10;7
SAO MANUEL;08/2024;70;51;10;7
SAO MANUEL;09/2024;70;51;10;7
SAO MANUEL;10/2024;70;51;10;7
SAO MANUEL;11/2024;70;51;10;7
SAO MANUEL;12/2024;70;51;10;7
SAO MIGUEL ARCANJO;01/2024;80;80;0;0
SAO MIGUEL ARCANJO;02/2024;80;80;0;0
SAO MIGUEL ARCANJO;03/2024;80;80;0;0
SAO MIGUEL ARCANJO;04/2024;79;79;0;0
SAO MIGUEL ARCANJO;05/2024;80;80;0;0
SAO MIGUEL ARCANJO;06/2024;80;80;0;0
SAO MIGUEL ARCANJO;07/2024;80;80;0;0
SAO MIGUEL ARCANJO;08/2024;80;80;0;0
SAO MIGUEL ARCANJO;09/2024;80;80;0;0
SAO MIGUEL ARCANJO;10/2024;80;80;0;0
SAO MIGUEL ARCANJO;11/2024;80;80;0;0
SAO MIGUEL ARCANJO;12/2024;80;80;0;0
SAO PAULO;01/2024;36622;17733;6186;2254
SAO PAULO;02/2024;36651;17792;6190;2254
SAO PAULO;03/2024;36520;17600;6142;2254
SAO PAULO;04/2024;36676;17631;6166;2276
SAO PAULO;05/2024;36861;17775;6200;2276
SAO PAULO;06/2024;36877;17772;6217;2276
SAO PAULO;07/2024;36932;17770;6243;2276
SAO PAULO;08/2024;36985;17803;6272;2276
SAO PAULO;09/2024;36980;17824;6254;2266
SAO PAULO;10/2024;36952;17824;6240;2266
SAO PAULO;11/2024;36973;17824;6259;2266
SAO PAULO;12/2024;36864;17824;6331;2266
SAO PEDRO;01/2024;73;61;10;10
SAO PEDRO;02/2024;73;61;10;10
SAO PEDRO;03/2024;73;61;10;10
SAO PEDRO;04/2024;73;61;10;10
SAO PEDRO;05/2024;75;61;12;10
SAO PEDRO;06/2024;75;61;12;10
SAO PEDRO;07/2024;75;61;12;10
SAO PEDRO;08/2024;75;61;12;10
SAO PEDRO;09/2024;75;61;12;10
SAO PEDRO;10/2024;75;61;12;10
SAO PEDRO;11/2024;75;61;12;10
SAO PEDRO;12/2024;75;61;12;10
SAO ROQUE;01/2024;186;70;35;8
SAO ROQUE;02/2024;186;70;35;8
SAO ROQUE;03/2024;186;70;35;8
SAO ROQUE;04/2024;186;70;35;8
SAO ROQUE;05/2024;170;70;30;8
SAO ROQUE;06/2024;170;70;30;8
SAO ROQUE;07/2024;170;70;30;8
SAO ROQUE;08/2024;170;70;30;8
SAO ROQUE;09/2024;170;70;30;8
SAO ROQUE;10/2024;170;70;30;8
SAO ROQUE;11/2024;170;70;30;8
SAO ROQUE;12/2024;170;70;30;8
SAO SEBASTIAO;01/2024;104;103;8;7
SAO SEBASTIAO;02/2024;100;99;8;7
SAO SEBASTIAO;03/2024;100;99;8;7
SAO SEBASTIAO;04/2024;100;99;8;7
SAO SEBASTIAO;05/2024;100;99;8;7
SAO SEBASTIAO;06/2024;100;99;8;7
SAO SEBASTIAO;07/2024;100;99;8;7
SAO SEBASTIAO;08/2024;113;112;8;7
SAO SEBASTIAO;09/2024;113;112;8;7
SAO SEBASTIAO;10/2024;113;112;8;7
SAO SEBASTIAO;11/2024;117;116;8;7
SAO SEBASTIAO;12/2024;118;117;8;7
SAO SEBASTIAO DA GRAMA;01/2024;30;26;0;0
SAO SEBASTIAO DA GRAMA;02/2024;30;26;0;0
SAO SEBASTIAO DA GRAMA;03/2024;30;26;0;0
SAO SEBASTIAO DA GRAMA;04/2024;30;26;0;0
SAO SEBASTIAO DA GRAMA;05/2024;30;26;0;0
SAO SEBASTIAO DA GRAMA;06/2024;30;26;0;0
SAO SEBASTIAO DA GRAMA;07/2024;30;26;0;0
SAO SEBASTIAO DA GRAMA;08/2024;30;26;0;0
SAO SEBASTIAO DA GRAMA;09/2024;30;26;0;0
SAO SEBASTIAO DA GRAMA;10/2024;30;26;0;0
SAO SEBASTIAO DA GRAMA;11/2024;30;26;0;0
SAO SEBASTIAO DA GRAMA;12/2024;30;26;0;0
SAO SIMAO;01/2024;40;36;0;0
SAO SIMAO;02/2024;40;36;0;0
SAO SIMAO;03/2024;40;36;0;0
SAO SIMAO;04/2024;40;36;0;0
SAO SIMAO;05/2024;40;36;0;0
SAO SIMAO;06/2024;40;36;0;0
SAO SIMAO;07/2024;40;36;0;0
SAO SIMAO;08/2024;40;36;0;0
SAO SIMAO;09/2024;40;36;0;0
SAO SIMAO;10/2024;40;36;0;0
SAO SIMAO;11/2024;40;36;0;0
SAO SIMAO;12/2024;40;36;0;0
SAO VICENTE;01/2024;312;188;35;15
SAO VICENTE;02/2024;312;188;35;15
SAO VICENTE;03/2024;312;182;35;9
SAO VICENTE;04/2024;321;191;35;9
SAO VICENTE;05/2024;312;182;35;9
SAO VICENTE;06/2024;312;182;35;9
SAO VICENTE;07/2024;312;182;35;9
SAO VICENTE;08/2024;312;182;35;9
SAO VICENTE;09/2024;312;182;35;9
SAO VICENTE;10/2024;312;191;35;9
SAO VICENTE;11/2024;312;200;35;18
SAO VICENTE;12/2024;312;200;35;18
SERRA NEGRA;01/2024;49;33;0;0
SERRA NEGRA;02/2024;49;33;0;0
SERRA NEGRA;03/2024;49;33;0;0
SERRA NEGRA;04/2024;49;33;0;0
SERRA NEGRA;05/2024;49;33;0;0
SERRA NEGRA;06/2024;49;33;0;0
SERRA NEGRA;07/2024;49;33;0;0
SERRA NEGRA;08/2024;49;33;0;0
SERRA NEGRA;09/2024;49;33;0;0
SERRA NEGRA;10/2024;49;33;0;0
SERRA NEGRA;11/2024;49;33;0;0
SERRA NEGRA;12/2024;49;33;0;0
SERRANA;01/2024;98;96;10;10
SERRANA;02/2024;98;96;10;10
SERRANA;03/2024;98;96;10;10
SERRANA;04/2024;98;96;10;10
SERRANA;05/2024;98;96;10;10
SERRANA;06/2024;98;96;10;10
SERRANA;07/2024;98;96;10;10
SERRANA;08/2024;98;96;10;10
SERRANA;09/2024;98;96;10;10
SERRANA;10/2024;98;96;10;10
SERRANA;11/2024;98;96;10;10
SERRANA;12/2024;98;96;10;10
SERTAOZINHO;01/2024;160;81;25;14
SERTAOZINHO;02/2024;160;81;25;14
SERTAOZINHO;03/2024;160;81;25;14
SERTAOZINHO;04/2024;160;81;25;14
SERTAOZINHO;05/2024;160;81;25;14
SERTAOZINHO;06/2024;160;81;25;14
SERTAOZINHO;07/2024;160;81;25;14
SERTAOZINHO;08/2024;160;81;25;14
SERTAOZINHO;09/2024;160;81;25;14
SERTAOZINHO;10/2024;160;81;25;14
SERTAOZINHO;11/2024;160;81;25;14
SERTAOZINHO;12/2024;160;81;25;14
SILVEIRAS;01/2024;2;2;0;0
SILVEIRAS;02/2024;2;2;0;0
SILVEIRAS;03/2024;2;2;0;0
SILVEIRAS;04/2024;2;2;0;0
SILVEIRAS;05/2024;2;2;0;0
SILVEIRAS;06/2024;2;2;0;0
SILVEIRAS;07/2024;2;2;0;0
SILVEIRAS;08/2024;2;2;0;0
SILVEIRAS;09/2024;2;2;0;0
SILVEIRAS;10/2024;2;2;0;0
SILVEIRAS;11/2024;2;2;0;0
SILVEIRAS;12/2024;2;2;0;0
SOCORRO;01/2024;77;70;7;7
SOCORRO;02/2024;77;70;7;7
SOCORRO;03/2024;77;70;7;7
SOCORRO;04/2024;77;70;7;7
SOCORRO;05/2024;77;70;7;7
SOCORRO;06/2024;77;70;7;7
SOCORRO;07/2024;77;70;7;7
SOCORRO;08/2024;77;70;7;7
SOCORRO;09/2024;77;70;7;7
SOCORRO;10/2024;77;70;7;7
SOCORRO;11/2024;77;70;7;7
SOCORRO;12/2024;77;70;7;7
SOROCABA;01/2024;2009;1070;430;171
SOROCABA;02/2024;2009;1070;430;171
SOROCABA;03/2024;2009;1070;430;171
SOROCABA;04/2024;2002;1067;430;171
SOROCABA;05/2024;2002;1067;430;171
SOROCABA;06/2024;2018;1067;430;171
SOROCABA;07/2024;2018;1067;430;171
SOROCABA;08/2024;2029;1077;437;175
SOROCABA;09/2024;2014;1077;416;175
SOROCABA;10/2024;2014;1077;416;175
SOROCABA;11/2024;2044;1077;416;175
SOROCABA;12/2024;2044;1077;416;175
SUD MENNUCCI;01/2024;22;20;0;0
SUD MENNUCCI;02/2024;22;20;0;0
SUD MENNUCCI;03/2024;22;20;0;0
SUD MENNUCCI;04/2024;22;20;0;0
SUD MENNUCCI;05/2024;22;20;0;0
SUD MENNUCCI;06/2024;22;20;0;0
SUD MENNUCCI;07/2024;22;20;0;0
SUD MENNUCCI;08/2024;22;20;0;0
SUD MENNUCCI;09/2024;22;20;0;0
SUD MENNUCCI;10/2024;22;20;0;0
SUD MENNUCCI;11/2024;22;20;0;0
SUD MENNUCCI;12/2024;22;20;0;0
SUMARE;01/2024;211;211;36;36
SUMARE;02/2024;211;211;36;36
SUMARE;03/2024;211;211;36;36
SUMARE;04/2024;211;211;36;36
SUMARE;05/2024;211;211;36;36
SUMARE;06/2024;211;211;36;36
SUMARE;07/2024;211;211;36;36
SUMARE;08/2024;211;211;36;36
SUMARE;09/2024;211;211;36;36
SUMARE;10/2024;211;211;36;36
SUMARE;11/2024;211;211;36;36
SUMARE;12/2024;211;211;36;36
SUZANO;01/2024;434;220;69;18
SUZANO;02/2024;434;220;69;18
SUZANO;03/2024;457;243;69;18
SUZANO;04/2024;457;243;69;18
SUZANO;05/2024;457;243;69;18
SUZANO;06/2024;472;258;69;18
SUZANO;07/2024;472;258;69;18
SUZANO;08/2024;472;258;69;18
SUZANO;09/2024;415;209;69;18
SUZANO;10/2024;415;209;69;18
SUZANO;11/2024;415;209;69;18
SUZANO;12/2024;415;209;69;18
TABAPUA;01/2024;30;11;0;0
TABAPUA;02/2024;30;11;0;0
TABAPUA;03/2024;30;11;0;0
TABAPUA;04/2024;30;11;0;0
TABAPUA;05/2024;30;11;0;0
TABAPUA;06/2024;30;11;0;0
TABAPUA;07/2024;30;11;0;0
TABAPUA;08/2024;30;11;0;0
TABAPUA;09/2024;30;11;0;0
TABAPUA;10/2024;30;11;0;0
TABAPUA;11/2024;30;11;0;0
TABAPUA;12/2024;30;11;0;0
TABATINGA;01/2024;36;23;0;0
TABATINGA;02/2024;36;23;0;0
TABATINGA;03/2024;36;23;0;0
TABATINGA;04/2024;35;23;0;0
TABATINGA;05/2024;35;23;0;0
TABATINGA;06/2024;35;23;0;0
TABATINGA;07/2024;35;22;0;0
TABATINGA;08/2024;35;22;0;0
TABATINGA;09/2024;35;22;0;0
TABATINGA;10/2024;35;22;0;0
TABATINGA;11/2024;35;22;0;0
TABATINGA;12/2024;35;22;0;0
TABOAO DA SERRA;01/2024;523;354;43;35
TABOAO DA SERRA;02/2024;522;353;43;35
TABOAO DA SERRA;03/2024;577;408;43;35
TABOAO DA SERRA;04/2024;562;393;43;35
TABOAO DA SERRA;05/2024;562;393;43;35
TABOAO DA SERRA;06/2024;562;393;43;35
TABOAO DA SERRA;07/2024;562;393;43;35
TABOAO DA SERRA;08/2024;562;393;43;35
TABOAO DA SERRA;09/2024;562;393;43;35
TABOAO DA SERRA;10/2024;562;393;43;35
TABOAO DA SERRA;11/2024;562;393;43;35
TABOAO DA SERRA;12/2024;501;393;35;35
TAGUAI;01/2024;30;25;0;0
TAGUAI;02/2024;30;25;0;0
TAGUAI;03/2024;30;25;0;0
TAGUAI;04/2024;30;25;0;0
TAGUAI;05/2024;30;25;0;0
TAGUAI;06/2024;30;25;0;0
TAGUAI;07/2024;30;25;0;0
TAGUAI;08/2024;30;25;0;0
TAGUAI;09/2024;30;25;0;0
TAGUAI;10/2024;30;25;0;0
TAGUAI;11/2024;30;25;0;0
TAGUAI;12/2024;30;25;0;0
TAIUVA;01/2024;4;4;0;0
TAIUVA;02/2024;4;4;0;0
TAIUVA;03/2024;4;4;0;0
TAIUVA;04/2024;4;4;0;0
TAIUVA;05/2024;4;4;0;0
TAIUVA;06/2024;4;4;0;0
TAIUVA;07/2024;4;4;0;0
TAIUVA;08/2024;4;4;0;0
TAIUVA;09/2024;4;4;0;0
TAIUVA;10/2024;4;4;0;0
TAIUVA;11/2024;4;4;0;0
TAIUVA;12/2024;4;4;0;0
TAMBAU;01/2024;36;28;0;0
TAMBAU;02/2024;36;28;0;0
TAMBAU;03/2024;36;28;0;0
TAMBAU;04/2024;36;28;0;0
TAMBAU;05/2024;36;28;0;0
TAMBAU;06/2024;36;28;0;0
TAMBAU;07/2024;36;28;0;0
TAMBAU;08/2024;36;28;0;0
TAMBAU;09/2024;36;28;0;0
TAMBAU;10/2024;36;28;0;0
TAMBAU;11/2024;36;28;0;0
TAMBAU;12/2024;36;28;0;0
TANABI;01/2024;72;30;0;0
TANABI;02/2024;72;30;0;0
TANABI;03/2024;72;30;0;0
TANABI;04/2024;72;30;0;0
TANABI;05/2024;72;30;0;0
TANABI;06/2024;72;30;0;0
TANABI;07/2024;72;30;0;0
TANABI;08/2024;72;30;0;0
TANABI;09/2024;72;30;0;0
TANABI;10/2024;72;30;0;0
TANABI;11/2024;72;30;0;0
TANABI;12/2024;72;30;0;0
TAPIRATIBA;01/2024;25;24;0;0
TAPIRATIBA;02/2024;25;24;0;0
TAPIRATIBA;03/2024;25;24;0;0
TAPIRATIBA;04/2024;25;24;0;0
TAPIRATIBA;05/2024;25;24;0;0
TAPIRATIBA;06/2024;25;24;0;0
TAPIRATIBA;07/2024;25;24;0;0
TAPIRATIBA;08/2024;25;24;0;0
TAPIRATIBA;09/2024;25;24;0;0
TAPIRATIBA;10/2024;25;24;0;0
TAPIRATIBA;11/2024;25;24;0;0
TAPIRATIBA;12/2024;25;24;0;0
TAQUARITINGA;01/2024;138;88;13;10
TAQUARITINGA;02/2024;138;88;13;10
TAQUARITINGA;03/2024;138;88;13;10
TAQUARITINGA;04/2024;138;88;13;10
TAQUARITINGA;05/2024;138;88;13;10
TAQUARITINGA;06/2024;138;88;13;10
TAQUARITINGA;07/2024;138;88;13;10
TAQUARITINGA;08/2024;138;88;13;10
TAQUARITINGA;09/2024;138;88;13;10
TAQUARITINGA;10/2024;138;88;13;10
TAQUARITINGA;11/2024;138;88;13;10
TAQUARITINGA;12/2024;138;88;13;10
TAQUARITUBA;01/2024;50;35;0;0
TAQUARITUBA;02/2024;50;35;0;0
TAQUARITUBA;03/2024;50;35;0;0
TAQUARITUBA;04/2024;50;35;0;0
TAQUARITUBA;05/2024;50;35;0;0
TAQUARITUBA;06/2024;50;35;0;0
TAQUARITUBA;07/2024;50;35;0;0
TAQUARITUBA;08/2024;50;35;0;0
TAQUARITUBA;09/2024;50;35;0;0
TAQUARITUBA;10/2024;50;35;0;0
TAQUARITUBA;11/2024;50;35;0;0
TAQUARITUBA;12/2024;50;35;0;0
TATUI;01/2024;153;91;19;8
TATUI;02/2024;153;91;19;8
TATUI;03/2024;153;91;19;8
TATUI;04/2024;153;91;19;8
TATUI;05/2024;153;91;19;8
TATUI;06/2024;153;91;19;8
TATUI;07/2024;153;91;19;8
TATUI;08/2024;153;91;19;8
TATUI;09/2024;153;91;19;8
TATUI;10/2024;153;91;19;8
TATUI;11/2024;153;91;19;8
TATUI;12/2024;163;91;23;8
TAUBATE;01/2024;553;419;79;73
TAUBATE;02/2024;553;419;79;73
TAUBATE;03/2024;553;419;79;73
TAUBATE;04/2024;553;419;79;73
TAUBATE;05/2024;553;419;79;73
TAUBATE;06/2024;553;419;79;73
TAUBATE;07/2024;553;419;79;73
TAUBATE;08/2024;553;419;79;73
TAUBATE;09/2024;553;419;79;73
TAUBATE;10/2024;553;419;79;73
TAUBATE;11/2024;553;419;79;73
TAUBATE;12/2024;553;419;79;73
TEODORO SAMPAIO;01/2024;58;52;0;0
TEODORO SAMPAIO;02/2024;58;52;0;0
TEODORO SAMPAIO;03/2024;58;52;0;0
TEODORO SAMPAIO;04/2024;58;52;0;0
TEODORO SAMPAIO;05/2024;58;52;0;0
TEODORO SAMPAIO;06/2024;58;52;0;0
TEODORO SAMPAIO;07/2024;58;52;0;0
TEODORO SAMPAIO;08/2024;58;52;0;0
TEODORO SAMPAIO;09/2024;58;52;0;0
TEODORO SAMPAIO;10/2024;58;52;0;0
TEODORO SAMPAIO;11/2024;58;52;0;0
TEODORO SAMPAIO;12/2024;58;52;0;0
TERRA ROXA;01/2024;34;30;0;0
TERRA ROXA;02/2024;34;30;0;0
TERRA ROXA;03/2024;34;30;0;0
TERRA ROXA;04/2024;34;30;0;0
TERRA ROXA;05/2024;34;30;0;0
TERRA ROXA;06/2024;34;30;0;0
TERRA ROXA;07/2024;34;30;0;0
TERRA ROXA;08/2024;34;30;0;0
TERRA ROXA;09/2024;34;30;0;0
TERRA ROXA;10/2024;34;30;0;0
TERRA ROXA;11/2024;34;30;0;0
TERRA ROXA;12/2024;34;30;0;0
TIETE;01/2024;56;34;0;0
TIETE;02/2024;56;34;0;0
TIETE;03/2024;56;34;0;0
TIETE;04/2024;56;34;0;0
TIETE;05/2024;56;34;0;0
TIETE;06/2024;56;34;0;0
TIETE;07/2024;56;34;0;0
TIETE;08/2024;56;34;0;0
TIETE;09/2024;56;34;0;0
TIETE;10/2024;56;34;0;0
TIETE;11/2024;56;34;0;0
TIETE;12/2024;56;34;0;0
TORRINHA;01/2024;20;13;0;0
TORRINHA;02/2024;20;13;0;0
TORRINHA;03/2024;20;13;0;0
TORRINHA;04/2024;20;13;0;0
TORRINHA;05/2024;20;13;0;0
TORRINHA;06/2024;20;13;0;0
TORRINHA;07/2024;20;13;0;0
TORRINHA;08/2024;20;13;0;0
TORRINHA;09/2024;20;13;0;0
TORRINHA;10/2024;20;13;0;0
TORRINHA;11/2024;20;13;0;0
TORRINHA;12/2024;20;13;0;0
TREMEMBE;01/2024;10;0;0;0
TREMEMBE;02/2024;10;0;0;0
TREMEMBE;03/2024;10;0;0;0
TREMEMBE;04/2024;10;0;0;0
TREMEMBE;05/2024;10;0;0;0
TREMEMBE;06/2024;10;0;0;0
TREMEMBE;07/2024;10;0;0;0
TREMEMBE;08/2024;10;0;0;0
TREMEMBE;09/2024;10;0;0;0
TREMEMBE;10/2024;10;0;0;0
TREMEMBE;11/2024;10;0;0;0
TREMEMBE;12/2024;10;0;0;0
TUPA;01/2024;368;352;32;32
TUPA;02/2024;368;352;32;32
TUPA;03/2024;368;352;32;32
TUPA;04/2024;368;352;32;32
TUPA;05/2024;368;352;32;32
TUPA;06/2024;368;352;32;32
TUPA;07/2024;368;352;32;32
TUPA;08/2024;368;352;32;32
TUPA;09/2024;368;352;32;32
TUPA;10/2024;368;352;32;32
TUPA;11/2024;368;352;32;32
TUPA;12/2024;368;352;32;32
TUPI PAULISTA;01/2024;48;30;0;0
TUPI PAULISTA;02/2024;48;30;0;0
TUPI PAULISTA;03/2024;48;30;0;0
TUPI PAULISTA;04/2024;48;30;0;0
TUPI PAULISTA;05/2024;48;30;0;0
TUPI PAULISTA;06/2024;48;30;0;0
TUPI PAULISTA;07/2024;48;30;0;0
TUPI PAULISTA;08/2024;48;30;0;0
TUPI PAULISTA;09/2024;48;30;0;0
TUPI PAULISTA;10/2024;48;30;0;0
TUPI PAULISTA;11/2024;48;30;0;0
TUPI PAULISTA;12/2024;48;30;0;0
UBATUBA;01/2024;94;92;0;0
UBATUBA;02/2024;94;92;0;0
UBATUBA;03/2024;92;82;0;0
UBATUBA;04/2024;92;82;0;0
UBATUBA;05/2024;92;82;0;0
UBATUBA;06/2024;92;82;0;0
UBATUBA;07/2024;92;82;0;0
UBATUBA;08/2024;92;82;0;0
UBATUBA;09/2024;92;82;0;0
UBATUBA;10/2024;92;82;0;0
UBATUBA;11/2024;92;82;0;0
UBATUBA;12/2024;92;82;0;0
URANIA;01/2024;26;24;0;0
URANIA;02/2024;26;24;0;0
URANIA;03/2024;26;24;0;0
URANIA;04/2024;26;24;0;0
URANIA;05/2024;26;24;0;0
URANIA;06/2024;26;24;0;0
URANIA;07/2024;26;24;0;0
URANIA;08/2024;26;24;0;0
URANIA;09/2024;26;24;0;0
URANIA;10/2024;26;24;0;0
URANIA;11/2024;26;24;0;0
URANIA;12/2024;26;24;0;0
URUPES;01/2024;20;10;0;0
URUPES;02/2024;20;10;0;0
URUPES;03/2024;20;10;0;0
URUPES;04/2024;20;10;0;0
URUPES;05/2024;20;10;0;0
URUPES;06/2024;20;10;0;0
URUPES;07/2024;20;10;0;0
URUPES;08/2024;20;10;0;0
URUPES;09/2024;20;10;0;0
URUPES;10/2024;20;10;0;0
URUPES;11/2024;20;10;0;0
URUPES;12/2024;20;10;0;0
VALINHOS;01/2024;223;67;79;11
VALINHOS;02/2024;223;67;79;11
VALINHOS;03/2024;223;67;79;11
VALINHOS;04/2024;223;67;79;11
VALINHOS;05/2024;223;67;79;11
VALINHOS;06/2024;223;67;79;11
VALINHOS;07/2024;223;67;79;11
VALINHOS;08/2024;223;67;79;11
VALINHOS;09/2024;223;67;79;11
VALINHOS;10/2024;223;67;79;11
VALINHOS;11/2024;223;67;79;11
VALINHOS;12/2024;223;67;79;11
VALPARAISO;01/2024;55;31;0;0
VALPARAISO;02/2024;55;31;0;0
VALPARAISO;03/2024;55;31;0;0
VALPARAISO;04/2024;55;31;0;0
VALPARAISO;05/2024;55;31;0;0
VALPARAISO;06/2024;55;31;0;0
VALPARAISO;07/2024;55;31;0;0
VALPARAISO;08/2024;55;31;0;0
VALPARAISO;09/2024;55;31;0;0
VALPARAISO;10/2024;55;31;0;0
VALPARAISO;11/2024;52;32;0;0
VALPARAISO;12/2024;52;32;0;0
VARGEM GRANDE DO SUL;01/2024;50;31;0;0
VARGEM GRANDE DO SUL;02/2024;50;31;0;0
VARGEM GRANDE DO SUL;03/2024;50;31;0;0
VARGEM GRANDE DO SUL;04/2024;50;31;0;0
VARGEM GRANDE DO SUL;05/2024;50;31;0;0
VARGEM GRANDE DO SUL;06/2024;50;31;0;0
VARGEM GRANDE DO SUL;07/2024;50;31;0;0
VARGEM GRANDE DO SUL;08/2024;50;31;0;0
VARGEM GRANDE DO SUL;09/2024;50;31;0;0
VARGEM GRANDE DO SUL;10/2024;50;31;0;0
VARGEM GRANDE DO SUL;11/2024;50;31;0;0
VARGEM GRANDE DO SUL;12/2024;50;31;0;0
VARGEM GRANDE PAULISTA;06/2024;40;0;0;0
VARGEM GRANDE PAULISTA;07/2024;40;0;0;0
VARGEM GRANDE PAULISTA;08/2024;40;0;0;0
VARGEM GRANDE PAULISTA;09/2024;40;0;0;0
VARGEM GRANDE PAULISTA;10/2024;40;0;0;0
VARGEM GRANDE PAULISTA;11/2024;40;0;0;0
VARGEM GRANDE PAULISTA;12/2024;40;0;0;0
VARZEA PAULISTA;01/2024;34;32;0;0
VARZEA PAULISTA;02/2024;34;32;0;0
VARZEA PAULISTA;03/2024;34;32;0;0
VARZEA PAULISTA;04/2024;34;32;0;0
VARZEA PAULISTA;05/2024;34;32;0;0
VARZEA PAULISTA;06/2024;34;32;0;0
VARZEA PAULISTA;07/2024;34;32;0;0
VARZEA PAULISTA;08/2024;34;32;0;0
VARZEA PAULISTA;09/2024;34;32;0;0
VARZEA PAULISTA;10/2024;34;32;0;0
VARZEA PAULISTA;11/2024;34;32;0;0
VARZEA PAULISTA;12/2024;34;32;0;0
VINHEDO;01/2024;103;62;18;0
VINHEDO;02/2024;103;62;18;0
VINHEDO;03/2024;103;62;18;0
VINHEDO;04/2024;103;62;18;0
VINHEDO;05/2024;103;62;18;0
VINHEDO;06/2024;103;62;18;0
VINHEDO;07/2024;103;62;18;0
VINHEDO;08/2024;103;62;18;0
VINHEDO;09/2024;103;62;18;0
VINHEDO;10/2024;103;62;18;0
VINHEDO;11/2024;103;62;18;0
VINHEDO;12/2024;103;62;18;0
VIRADOURO;01/2024;48;30;0;0
VIRADOURO;02/2024;48;30;0;0
VIRADOURO;03/2024;48;30;0;0
VIRADOURO;04/2024;48;30;0;0
VIRADOURO;05/2024;48;30;0;0
VIRADOURO;06/2024;48;30;0;0
VIRADOURO;07/2024;48;30;0;0
VIRADOURO;08/2024;48;30;0;0
VIRADOURO;09/2024;48;30;0;0
VIRADOURO;10/2024;48;30;0;0
VIRADOURO;11/2024;48;30;0;0
VIRADOURO;12/2024;48;30;0;0
VOTORANTIM;01/2024;122;74;16;10
VOTORANTIM;02/2024;122;74;16;10
VOTORANTIM;03/2024;122;74;16;10
VOTORANTIM;04/2024;122;74;16;10
VOTORANTIM;05/2024;122;74;16;10
VOTORANTIM;06/2024;122;74;16;10
VOTORANTIM;07/2024;130;74;14;10
VOTORANTIM;08/2024;130;74;14;10
VOTORANTIM;09/2024;130;74;14;10
VOTORANTIM;10/2024;130;74;14;10
VOTORANTIM;11/2024;130;74;14;10
VOTORANTIM;12/2024;130;74;14;10
VOTUPORANGA;01/2024;249;141;32;21
VOTUPORANGA;02/2024;249;141;32;21
VOTUPORANGA;03/2024;249;141;32;21
VOTUPORANGA;04/2024;249;141;32;21
VOTUPORANGA;05/2024;249;141;32;21
VOTUPORANGA;06/2024;249;141;32;21
VOTUPORANGA;07/2024;249;141;32;21
VOTUPORANGA;08/2024;246;141;32;21
VOTUPORANGA;09/2024;246;141;32;21
VOTUPORANGA;10/2024;246;141;32;21
VOTUPORANGA;11/2024;246;141;32;21
VOTUPORANGA;12/2024;246;141;32;21
